2024-10-11 02:03:34 startup archives install
2024-10-11 02:03:34 install base-passwd:amd64 <none> 3.5.47
2024-10-11 02:03:34 status half-installed base-passwd:amd64 3.5.47
2024-10-11 02:03:34 status unpacked base-passwd:amd64 3.5.47
2024-10-11 02:03:34 configure base-passwd:amd64 3.5.47 3.5.47
2024-10-11 02:03:34 status half-configured base-passwd:amd64 3.5.47
2024-10-11 02:03:34 status installed base-passwd:amd64 3.5.47
2024-10-11 02:03:34 startup archives install
2024-10-11 02:03:34 install base-files:amd64 <none> 11ubuntu5
2024-10-11 02:03:34 status half-installed base-files:amd64 11ubuntu5
2024-10-11 02:03:34 status unpacked base-files:amd64 11ubuntu5
2024-10-11 02:03:34 configure base-files:amd64 11ubuntu5 11ubuntu5
2024-10-11 02:03:34 status half-configured base-files:amd64 11ubuntu5
2024-10-11 02:03:34 status installed base-files:amd64 11ubuntu5
2024-10-11 02:03:34 startup archives install
2024-10-11 02:03:34 upgrade dpkg 1.19.7ubuntu3 1.19.7ubuntu3
2024-10-11 02:03:34 status half-configured dpkg 1.19.7ubuntu3
2024-10-11 02:03:34 status unpacked dpkg 1.19.7ubuntu3
2024-10-11 02:03:34 status half-installed dpkg 1.19.7ubuntu3
2024-10-11 02:03:34 status unpacked dpkg:amd64 1.19.7ubuntu3
2024-10-11 02:03:34 configure dpkg:amd64 1.19.7ubuntu3 1.19.7ubuntu3
2024-10-11 02:03:34 status half-configured dpkg:amd64 1.19.7ubuntu3
2024-10-11 02:03:34 status installed dpkg:amd64 1.19.7ubuntu3
2024-10-11 02:03:34 startup archives install
2024-10-11 02:03:34 install libc6:amd64 <none> 2.31-0ubuntu9
2024-10-11 02:03:34 status half-installed libc6:amd64 2.31-0ubuntu9
2024-10-11 02:03:35 status unpacked libc6:amd64 2.31-0ubuntu9
2024-10-11 02:03:35 configure libc6:amd64 2.31-0ubuntu9 2.31-0ubuntu9
2024-10-11 02:03:35 status half-configured libc6:amd64 2.31-0ubuntu9
2024-10-11 02:03:35 status installed libc6:amd64 2.31-0ubuntu9
2024-10-11 02:03:35 startup archives install
2024-10-11 02:03:35 install perl-base:amd64 <none> 5.30.0-9build1
2024-10-11 02:03:35 status half-installed perl-base:amd64 5.30.0-9build1
2024-10-11 02:03:35 status unpacked perl-base:amd64 5.30.0-9build1
2024-10-11 02:03:35 configure perl-base:amd64 5.30.0-9build1 5.30.0-9build1
2024-10-11 02:03:35 status half-configured perl-base:amd64 5.30.0-9build1
2024-10-11 02:03:35 status installed perl-base:amd64 5.30.0-9build1
2024-10-11 02:03:35 startup archives install
2024-10-11 02:03:35 install mawk:amd64 <none> 1.3.4.20200120-2
2024-10-11 02:03:35 status half-installed mawk:amd64 1.3.4.20200120-2
2024-10-11 02:03:35 status unpacked mawk:amd64 1.3.4.20200120-2
2024-10-11 02:03:35 configure mawk:amd64 1.3.4.20200120-2 1.3.4.20200120-2
2024-10-11 02:03:35 status half-configured mawk:amd64 1.3.4.20200120-2
2024-10-11 02:03:35 status installed mawk:amd64 1.3.4.20200120-2
2024-10-11 02:03:35 startup archives unpack
2024-10-11 02:03:35 upgrade base-files:amd64 11ubuntu5 11ubuntu5
2024-10-11 02:03:35 status half-configured base-files:amd64 11ubuntu5
2024-10-11 02:03:35 status unpacked base-files:amd64 11ubuntu5
2024-10-11 02:03:35 status half-installed base-files:amd64 11ubuntu5
2024-10-11 02:03:35 status unpacked base-files:amd64 11ubuntu5
2024-10-11 02:03:35 upgrade base-passwd:amd64 3.5.47 3.5.47
2024-10-11 02:03:35 status half-configured base-passwd:amd64 3.5.47
2024-10-11 02:03:35 status unpacked base-passwd:amd64 3.5.47
2024-10-11 02:03:35 status half-installed base-passwd:amd64 3.5.47
2024-10-11 02:03:35 status unpacked base-passwd:amd64 3.5.47
2024-10-11 02:03:35 install bash:amd64 <none> 5.0-6ubuntu1
2024-10-11 02:03:35 status half-installed bash:amd64 5.0-6ubuntu1
2024-10-11 02:03:35 status unpacked bash:amd64 5.0-6ubuntu1
2024-10-11 02:03:35 install bsdutils:amd64 <none> 1:2.34-0.1ubuntu9
2024-10-11 02:03:35 status half-installed bsdutils:amd64 1:2.34-0.1ubuntu9
2024-10-11 02:03:35 status unpacked bsdutils:amd64 1:2.34-0.1ubuntu9
2024-10-11 02:03:35 install coreutils:amd64 <none> 8.30-3ubuntu2
2024-10-11 02:03:35 status half-installed coreutils:amd64 8.30-3ubuntu2
2024-10-11 02:03:35 status unpacked coreutils:amd64 8.30-3ubuntu2
2024-10-11 02:03:35 install dash:amd64 <none> 0.5.10.2-6
2024-10-11 02:03:35 status half-installed dash:amd64 0.5.10.2-6
2024-10-11 02:03:35 status unpacked dash:amd64 0.5.10.2-6
2024-10-11 02:03:35 install debconf:all <none> 1.5.73
2024-10-11 02:03:35 status half-installed debconf:all 1.5.73
2024-10-11 02:03:36 status unpacked debconf:all 1.5.73
2024-10-11 02:03:36 install debianutils:amd64 <none> 4.9.1
2024-10-11 02:03:36 status half-installed debianutils:amd64 4.9.1
2024-10-11 02:03:36 status unpacked debianutils:amd64 4.9.1
2024-10-11 02:03:36 install diffutils:amd64 <none> 1:3.7-3
2024-10-11 02:03:36 status half-installed diffutils:amd64 1:3.7-3
2024-10-11 02:03:36 status unpacked diffutils:amd64 1:3.7-3
2024-10-11 02:03:36 upgrade dpkg:amd64 1.19.7ubuntu3 1.19.7ubuntu3
2024-10-11 02:03:36 status half-configured dpkg:amd64 1.19.7ubuntu3
2024-10-11 02:03:36 status unpacked dpkg:amd64 1.19.7ubuntu3
2024-10-11 02:03:36 status half-installed dpkg:amd64 1.19.7ubuntu3
2024-10-11 02:03:36 status unpacked dpkg:amd64 1.19.7ubuntu3
2024-10-11 02:03:36 install e2fsprogs:amd64 <none> 1.45.5-2ubuntu1
2024-10-11 02:03:36 status half-installed e2fsprogs:amd64 1.45.5-2ubuntu1
2024-10-11 02:03:36 status unpacked e2fsprogs:amd64 1.45.5-2ubuntu1
2024-10-11 02:03:36 install fdisk:amd64 <none> 2.34-0.1ubuntu9
2024-10-11 02:03:36 status half-installed fdisk:amd64 2.34-0.1ubuntu9
2024-10-11 02:03:36 status unpacked fdisk:amd64 2.34-0.1ubuntu9
2024-10-11 02:03:36 install findutils:amd64 <none> 4.7.0-1ubuntu1
2024-10-11 02:03:36 status half-installed findutils:amd64 4.7.0-1ubuntu1
2024-10-11 02:03:36 status unpacked findutils:amd64 4.7.0-1ubuntu1
2024-10-11 02:03:36 install gcc-10-base:amd64 <none> 10-20200411-0ubuntu1
2024-10-11 02:03:36 status half-installed gcc-10-base:amd64 10-20200411-0ubuntu1
2024-10-11 02:03:36 status unpacked gcc-10-base:amd64 10-20200411-0ubuntu1
2024-10-11 02:03:36 install grep:amd64 <none> 3.4-1
2024-10-11 02:03:36 status half-installed grep:amd64 3.4-1
2024-10-11 02:03:36 status unpacked grep:amd64 3.4-1
2024-10-11 02:03:36 install gzip:amd64 <none> 1.10-0ubuntu4
2024-10-11 02:03:36 status half-installed gzip:amd64 1.10-0ubuntu4
2024-10-11 02:03:36 status unpacked gzip:amd64 1.10-0ubuntu4
2024-10-11 02:03:36 install hostname:amd64 <none> 3.23
2024-10-11 02:03:36 status half-installed hostname:amd64 3.23
2024-10-11 02:03:36 status unpacked hostname:amd64 3.23
2024-10-11 02:03:36 install init-system-helpers:all <none> 1.57
2024-10-11 02:03:36 status half-installed init-system-helpers:all 1.57
2024-10-11 02:03:36 status unpacked init-system-helpers:all 1.57
2024-10-11 02:03:36 install libacl1:amd64 <none> 2.2.53-6
2024-10-11 02:03:36 status half-installed libacl1:amd64 2.2.53-6
2024-10-11 02:03:36 status unpacked libacl1:amd64 2.2.53-6
2024-10-11 02:03:36 install libattr1:amd64 <none> 1:2.4.48-5
2024-10-11 02:03:36 status half-installed libattr1:amd64 1:2.4.48-5
2024-10-11 02:03:36 status unpacked libattr1:amd64 1:2.4.48-5
2024-10-11 02:03:36 install libaudit-common:all <none> 1:2.8.5-2ubuntu6
2024-10-11 02:03:36 status half-installed libaudit-common:all 1:2.8.5-2ubuntu6
2024-10-11 02:03:36 status unpacked libaudit-common:all 1:2.8.5-2ubuntu6
2024-10-11 02:03:36 install libaudit1:amd64 <none> 1:2.8.5-2ubuntu6
2024-10-11 02:03:36 status half-installed libaudit1:amd64 1:2.8.5-2ubuntu6
2024-10-11 02:03:36 status unpacked libaudit1:amd64 1:2.8.5-2ubuntu6
2024-10-11 02:03:36 install libblkid1:amd64 <none> 2.34-0.1ubuntu9
2024-10-11 02:03:36 status half-installed libblkid1:amd64 2.34-0.1ubuntu9
2024-10-11 02:03:36 status unpacked libblkid1:amd64 2.34-0.1ubuntu9
2024-10-11 02:03:36 install libbz2-1.0:amd64 <none> 1.0.8-2
2024-10-11 02:03:36 status half-installed libbz2-1.0:amd64 1.0.8-2
2024-10-11 02:03:36 status unpacked libbz2-1.0:amd64 1.0.8-2
2024-10-11 02:03:36 install libc-bin:amd64 <none> 2.31-0ubuntu9
2024-10-11 02:03:36 status half-installed libc-bin:amd64 2.31-0ubuntu9
2024-10-11 02:03:36 status unpacked libc-bin:amd64 2.31-0ubuntu9
2024-10-11 02:03:36 upgrade libc6:amd64 2.31-0ubuntu9 2.31-0ubuntu9
2024-10-11 02:03:36 status half-configured libc6:amd64 2.31-0ubuntu9
2024-10-11 02:03:36 status unpacked libc6:amd64 2.31-0ubuntu9
2024-10-11 02:03:36 status half-installed libc6:amd64 2.31-0ubuntu9
2024-10-11 02:03:37 status unpacked libc6:amd64 2.31-0ubuntu9
2024-10-11 02:03:37 install libcap-ng0:amd64 <none> 0.7.9-2.1build1
2024-10-11 02:03:37 status half-installed libcap-ng0:amd64 0.7.9-2.1build1
2024-10-11 02:03:37 status unpacked libcap-ng0:amd64 0.7.9-2.1build1
2024-10-11 02:03:37 install libcom-err2:amd64 <none> 1.45.5-2ubuntu1
2024-10-11 02:03:37 status half-installed libcom-err2:amd64 1.45.5-2ubuntu1
2024-10-11 02:03:37 status unpacked libcom-err2:amd64 1.45.5-2ubuntu1
2024-10-11 02:03:37 install libcrypt1:amd64 <none> 1:4.4.10-10ubuntu4
2024-10-11 02:03:37 status half-installed libcrypt1:amd64 1:4.4.10-10ubuntu4
2024-10-11 02:03:37 status unpacked libcrypt1:amd64 1:4.4.10-10ubuntu4
2024-10-11 02:03:37 install libdb5.3:amd64 <none> 5.3.28+dfsg1-0.6ubuntu2
2024-10-11 02:03:37 status half-installed libdb5.3:amd64 5.3.28+dfsg1-0.6ubuntu2
2024-10-11 02:03:37 status unpacked libdb5.3:amd64 5.3.28+dfsg1-0.6ubuntu2
2024-10-11 02:03:37 install libdebconfclient0:amd64 <none> 0.251ubuntu1
2024-10-11 02:03:37 status half-installed libdebconfclient0:amd64 0.251ubuntu1
2024-10-11 02:03:37 status unpacked libdebconfclient0:amd64 0.251ubuntu1
2024-10-11 02:03:37 install libext2fs2:amd64 <none> 1.45.5-2ubuntu1
2024-10-11 02:03:37 status half-installed libext2fs2:amd64 1.45.5-2ubuntu1
2024-10-11 02:03:37 status unpacked libext2fs2:amd64 1.45.5-2ubuntu1
2024-10-11 02:03:37 install libfdisk1:amd64 <none> 2.34-0.1ubuntu9
2024-10-11 02:03:37 status half-installed libfdisk1:amd64 2.34-0.1ubuntu9
2024-10-11 02:03:37 status unpacked libfdisk1:amd64 2.34-0.1ubuntu9
2024-10-11 02:03:37 install libgcc-s1:amd64 <none> 10-20200411-0ubuntu1
2024-10-11 02:03:37 status half-installed libgcc-s1:amd64 10-20200411-0ubuntu1
2024-10-11 02:03:37 status unpacked libgcc-s1:amd64 10-20200411-0ubuntu1
2024-10-11 02:03:37 install libgcrypt20:amd64 <none> 1.8.5-5ubuntu1
2024-10-11 02:03:37 status half-installed libgcrypt20:amd64 1.8.5-5ubuntu1
2024-10-11 02:03:37 status unpacked libgcrypt20:amd64 1.8.5-5ubuntu1
2024-10-11 02:03:37 install libgpg-error0:amd64 <none> 1.37-1
2024-10-11 02:03:37 status half-installed libgpg-error0:amd64 1.37-1
2024-10-11 02:03:37 status unpacked libgpg-error0:amd64 1.37-1
2024-10-11 02:03:37 install liblz4-1:amd64 <none> 1.9.2-2
2024-10-11 02:03:37 status half-installed liblz4-1:amd64 1.9.2-2
2024-10-11 02:03:37 status unpacked liblz4-1:amd64 1.9.2-2
2024-10-11 02:03:37 install liblzma5:amd64 <none> 5.2.4-1
2024-10-11 02:03:37 status half-installed liblzma5:amd64 5.2.4-1
2024-10-11 02:03:37 status unpacked liblzma5:amd64 5.2.4-1
2024-10-11 02:03:37 install libmount1:amd64 <none> 2.34-0.1ubuntu9
2024-10-11 02:03:37 status half-installed libmount1:amd64 2.34-0.1ubuntu9
2024-10-11 02:03:37 status unpacked libmount1:amd64 2.34-0.1ubuntu9
2024-10-11 02:03:37 install libncurses6:amd64 <none> 6.2-0ubuntu2
2024-10-11 02:03:37 status half-installed libncurses6:amd64 6.2-0ubuntu2
2024-10-11 02:03:37 status unpacked libncurses6:amd64 6.2-0ubuntu2
2024-10-11 02:03:37 install libncursesw6:amd64 <none> 6.2-0ubuntu2
2024-10-11 02:03:37 status half-installed libncursesw6:amd64 6.2-0ubuntu2
2024-10-11 02:03:37 status unpacked libncursesw6:amd64 6.2-0ubuntu2
2024-10-11 02:03:37 install libpam-modules:amd64 <none> 1.3.1-5ubuntu4
2024-10-11 02:03:37 status half-installed libpam-modules:amd64 1.3.1-5ubuntu4
2024-10-11 02:03:37 status unpacked libpam-modules:amd64 1.3.1-5ubuntu4
2024-10-11 02:03:37 install libpam-modules-bin:amd64 <none> 1.3.1-5ubuntu4
2024-10-11 02:03:37 status half-installed libpam-modules-bin:amd64 1.3.1-5ubuntu4
2024-10-11 02:03:38 status unpacked libpam-modules-bin:amd64 1.3.1-5ubuntu4
2024-10-11 02:03:38 install libpam-runtime:all <none> 1.3.1-5ubuntu4
2024-10-11 02:03:38 status half-installed libpam-runtime:all 1.3.1-5ubuntu4
2024-10-11 02:03:38 status unpacked libpam-runtime:all 1.3.1-5ubuntu4
2024-10-11 02:03:38 install libpam0g:amd64 <none> 1.3.1-5ubuntu4
2024-10-11 02:03:38 status half-installed libpam0g:amd64 1.3.1-5ubuntu4
2024-10-11 02:03:38 status unpacked libpam0g:amd64 1.3.1-5ubuntu4
2024-10-11 02:03:38 install libpcre2-8-0:amd64 <none> 10.34-7
2024-10-11 02:03:38 status half-installed libpcre2-8-0:amd64 10.34-7
2024-10-11 02:03:38 status unpacked libpcre2-8-0:amd64 10.34-7
2024-10-11 02:03:38 install libpcre3:amd64 <none> 2:8.39-12build1
2024-10-11 02:03:38 status half-installed libpcre3:amd64 2:8.39-12build1
2024-10-11 02:03:38 status unpacked libpcre3:amd64 2:8.39-12build1
2024-10-11 02:03:38 install libprocps8:amd64 <none> 2:3.3.16-1ubuntu2
2024-10-11 02:03:38 status half-installed libprocps8:amd64 2:3.3.16-1ubuntu2
2024-10-11 02:03:38 status unpacked libprocps8:amd64 2:3.3.16-1ubuntu2
2024-10-11 02:03:38 install libselinux1:amd64 <none> 3.0-1build2
2024-10-11 02:03:38 status half-installed libselinux1:amd64 3.0-1build2
2024-10-11 02:03:38 status unpacked libselinux1:amd64 3.0-1build2
2024-10-11 02:03:38 install libsemanage-common:all <none> 3.0-1build2
2024-10-11 02:03:38 status half-installed libsemanage-common:all 3.0-1build2
2024-10-11 02:03:38 status unpacked libsemanage-common:all 3.0-1build2
2024-10-11 02:03:38 install libsemanage1:amd64 <none> 3.0-1build2
2024-10-11 02:03:38 status half-installed libsemanage1:amd64 3.0-1build2
2024-10-11 02:03:38 status unpacked libsemanage1:amd64 3.0-1build2
2024-10-11 02:03:38 install libsepol1:amd64 <none> 3.0-1
2024-10-11 02:03:38 status half-installed libsepol1:amd64 3.0-1
2024-10-11 02:03:38 status unpacked libsepol1:amd64 3.0-1
2024-10-11 02:03:38 install libsmartcols1:amd64 <none> 2.34-0.1ubuntu9
2024-10-11 02:03:38 status half-installed libsmartcols1:amd64 2.34-0.1ubuntu9
2024-10-11 02:03:38 status unpacked libsmartcols1:amd64 2.34-0.1ubuntu9
2024-10-11 02:03:38 install libss2:amd64 <none> 1.45.5-2ubuntu1
2024-10-11 02:03:38 status half-installed libss2:amd64 1.45.5-2ubuntu1
2024-10-11 02:03:38 status unpacked libss2:amd64 1.45.5-2ubuntu1
2024-10-11 02:03:38 install libsystemd0:amd64 <none> 245.4-4ubuntu3
2024-10-11 02:03:38 status half-installed libsystemd0:amd64 245.4-4ubuntu3
2024-10-11 02:03:38 status unpacked libsystemd0:amd64 245.4-4ubuntu3
2024-10-11 02:03:38 install libtinfo6:amd64 <none> 6.2-0ubuntu2
2024-10-11 02:03:38 status half-installed libtinfo6:amd64 6.2-0ubuntu2
2024-10-11 02:03:38 status unpacked libtinfo6:amd64 6.2-0ubuntu2
2024-10-11 02:03:38 install libudev1:amd64 <none> 245.4-4ubuntu3
2024-10-11 02:03:38 status half-installed libudev1:amd64 245.4-4ubuntu3
2024-10-11 02:03:38 status unpacked libudev1:amd64 245.4-4ubuntu3
2024-10-11 02:03:38 install libuuid1:amd64 <none> 2.34-0.1ubuntu9
2024-10-11 02:03:38 status half-installed libuuid1:amd64 2.34-0.1ubuntu9
2024-10-11 02:03:38 status unpacked libuuid1:amd64 2.34-0.1ubuntu9
2024-10-11 02:03:38 install libzstd1:amd64 <none> 1.4.4+dfsg-3
2024-10-11 02:03:38 status half-installed libzstd1:amd64 1.4.4+dfsg-3
2024-10-11 02:03:38 status unpacked libzstd1:amd64 1.4.4+dfsg-3
2024-10-11 02:03:38 install login:amd64 <none> 1:4.8.1-1ubuntu5
2024-10-11 02:03:38 status half-installed login:amd64 1:4.8.1-1ubuntu5
2024-10-11 02:03:38 status unpacked login:amd64 1:4.8.1-1ubuntu5
2024-10-11 02:03:38 install logsave:amd64 <none> 1.45.5-2ubuntu1
2024-10-11 02:03:38 status half-installed logsave:amd64 1.45.5-2ubuntu1
2024-10-11 02:03:38 status unpacked logsave:amd64 1.45.5-2ubuntu1
2024-10-11 02:03:38 install lsb-base:all <none> 11.1.0ubuntu2
2024-10-11 02:03:38 status half-installed lsb-base:all 11.1.0ubuntu2
2024-10-11 02:03:38 status unpacked lsb-base:all 11.1.0ubuntu2
2024-10-11 02:03:38 upgrade mawk:amd64 1.3.4.20200120-2 1.3.4.20200120-2
2024-10-11 02:03:38 status half-configured mawk:amd64 1.3.4.20200120-2
2024-10-11 02:03:38 status unpacked mawk:amd64 1.3.4.20200120-2
2024-10-11 02:03:38 status half-installed mawk:amd64 1.3.4.20200120-2
2024-10-11 02:03:38 status unpacked mawk:amd64 1.3.4.20200120-2
2024-10-11 02:03:38 install mount:amd64 <none> 2.34-0.1ubuntu9
2024-10-11 02:03:38 status half-installed mount:amd64 2.34-0.1ubuntu9
2024-10-11 02:03:38 status unpacked mount:amd64 2.34-0.1ubuntu9
2024-10-11 02:03:38 install ncurses-base:all <none> 6.2-0ubuntu2
2024-10-11 02:03:38 status half-installed ncurses-base:all 6.2-0ubuntu2
2024-10-11 02:03:38 status unpacked ncurses-base:all 6.2-0ubuntu2
2024-10-11 02:03:38 install ncurses-bin:amd64 <none> 6.2-0ubuntu2
2024-10-11 02:03:38 status half-installed ncurses-bin:amd64 6.2-0ubuntu2
2024-10-11 02:03:38 status unpacked ncurses-bin:amd64 6.2-0ubuntu2
2024-10-11 02:03:38 install passwd:amd64 <none> 1:4.8.1-1ubuntu5
2024-10-11 02:03:38 status half-installed passwd:amd64 1:4.8.1-1ubuntu5
2024-10-11 02:03:38 status unpacked passwd:amd64 1:4.8.1-1ubuntu5
2024-10-11 02:03:38 upgrade perl-base:amd64 5.30.0-9build1 5.30.0-9build1
2024-10-11 02:03:38 status half-configured perl-base:amd64 5.30.0-9build1
2024-10-11 02:03:39 status unpacked perl-base:amd64 5.30.0-9build1
2024-10-11 02:03:39 status half-installed perl-base:amd64 5.30.0-9build1
2024-10-11 02:03:39 status unpacked perl-base:amd64 5.30.0-9build1
2024-10-11 02:03:39 install procps:amd64 <none> 2:3.3.16-1ubuntu2
2024-10-11 02:03:39 status half-installed procps:amd64 2:3.3.16-1ubuntu2
2024-10-11 02:03:39 status unpacked procps:amd64 2:3.3.16-1ubuntu2
2024-10-11 02:03:39 install sed:amd64 <none> 4.7-1
2024-10-11 02:03:39 status half-installed sed:amd64 4.7-1
2024-10-11 02:03:39 status unpacked sed:amd64 4.7-1
2024-10-11 02:03:39 install sensible-utils:all <none> 0.0.12+nmu1
2024-10-11 02:03:39 status half-installed sensible-utils:all 0.0.12+nmu1
2024-10-11 02:03:39 status unpacked sensible-utils:all 0.0.12+nmu1
2024-10-11 02:03:39 install sysvinit-utils:amd64 <none> 2.96-2.1ubuntu1
2024-10-11 02:03:39 status half-installed sysvinit-utils:amd64 2.96-2.1ubuntu1
2024-10-11 02:03:39 status unpacked sysvinit-utils:amd64 2.96-2.1ubuntu1
2024-10-11 02:03:39 install tar:amd64 <none> 1.30+dfsg-7
2024-10-11 02:03:39 status half-installed tar:amd64 1.30+dfsg-7
2024-10-11 02:03:39 status unpacked tar:amd64 1.30+dfsg-7
2024-10-11 02:03:39 install util-linux:amd64 <none> 2.34-0.1ubuntu9
2024-10-11 02:03:39 status half-installed util-linux:amd64 2.34-0.1ubuntu9
2024-10-11 02:03:39 status unpacked util-linux:amd64 2.34-0.1ubuntu9
2024-10-11 02:03:39 install zlib1g:amd64 <none> 1:1.2.11.dfsg-2ubuntu1
2024-10-11 02:03:39 status half-installed zlib1g:amd64 1:1.2.11.dfsg-2ubuntu1
2024-10-11 02:03:39 status unpacked zlib1g:amd64 1:1.2.11.dfsg-2ubuntu1
2024-10-11 02:03:39 startup packages configure
2024-10-11 02:03:39 configure lsb-base:all 11.1.0ubuntu2 <none>
2024-10-11 02:03:39 status unpacked lsb-base:all 11.1.0ubuntu2
2024-10-11 02:03:39 status half-configured lsb-base:all 11.1.0ubuntu2
2024-10-11 02:03:39 status installed lsb-base:all 11.1.0ubuntu2
2024-10-11 02:03:39 configure libaudit-common:all 1:2.8.5-2ubuntu6 <none>
2024-10-11 02:03:39 status unpacked libaudit-common:all 1:2.8.5-2ubuntu6
2024-10-11 02:03:39 status half-configured libaudit-common:all 1:2.8.5-2ubuntu6
2024-10-11 02:03:39 status installed libaudit-common:all 1:2.8.5-2ubuntu6
2024-10-11 02:03:39 configure libsemanage-common:all 3.0-1build2 <none>
2024-10-11 02:03:39 status unpacked libsemanage-common:all 3.0-1build2
2024-10-11 02:03:39 status half-configured libsemanage-common:all 3.0-1build2
2024-10-11 02:03:39 status installed libsemanage-common:all 3.0-1build2
2024-10-11 02:03:39 configure gcc-10-base:amd64 10-20200411-0ubuntu1 <none>
2024-10-11 02:03:39 status unpacked gcc-10-base:amd64 10-20200411-0ubuntu1
2024-10-11 02:03:39 status half-configured gcc-10-base:amd64 10-20200411-0ubuntu1
2024-10-11 02:03:39 status installed gcc-10-base:amd64 10-20200411-0ubuntu1
2024-10-11 02:03:39 configure ncurses-base:all 6.2-0ubuntu2 <none>
2024-10-11 02:03:39 status unpacked ncurses-base:all 6.2-0ubuntu2
2024-10-11 02:03:39 status half-configured ncurses-base:all 6.2-0ubuntu2
2024-10-11 02:03:39 status installed ncurses-base:all 6.2-0ubuntu2
2024-10-11 02:03:39 configure sensible-utils:all 0.0.12+nmu1 <none>
2024-10-11 02:03:39 status unpacked sensible-utils:all 0.0.12+nmu1
2024-10-11 02:03:39 status half-configured sensible-utils:all 0.0.12+nmu1
2024-10-11 02:03:39 status installed sensible-utils:all 0.0.12+nmu1
2024-10-11 02:03:39 configure libcrypt1:amd64 1:4.4.10-10ubuntu4 <none>
2024-10-11 02:03:39 status unpacked libcrypt1:amd64 1:4.4.10-10ubuntu4
2024-10-11 02:03:39 status half-configured libcrypt1:amd64 1:4.4.10-10ubuntu4
2024-10-11 02:03:39 status installed libcrypt1:amd64 1:4.4.10-10ubuntu4
2024-10-11 02:03:39 configure libgcc-s1:amd64 10-20200411-0ubuntu1 <none>
2024-10-11 02:03:39 status unpacked libgcc-s1:amd64 10-20200411-0ubuntu1
2024-10-11 02:03:39 status half-configured libgcc-s1:amd64 10-20200411-0ubuntu1
2024-10-11 02:03:39 status installed libgcc-s1:amd64 10-20200411-0ubuntu1
2024-10-11 02:03:39 configure libc6:amd64 2.31-0ubuntu9 <none>
2024-10-11 02:03:39 status unpacked libc6:amd64 2.31-0ubuntu9
2024-10-11 02:03:39 status half-configured libc6:amd64 2.31-0ubuntu9
2024-10-11 02:03:39 status installed libc6:amd64 2.31-0ubuntu9
2024-10-11 02:03:39 configure libudev1:amd64 245.4-4ubuntu3 <none>
2024-10-11 02:03:39 status unpacked libudev1:amd64 245.4-4ubuntu3
2024-10-11 02:03:39 status half-configured libudev1:amd64 245.4-4ubuntu3
2024-10-11 02:03:39 status installed libudev1:amd64 245.4-4ubuntu3
2024-10-11 02:03:39 configure libsepol1:amd64 3.0-1 <none>
2024-10-11 02:03:39 status unpacked libsepol1:amd64 3.0-1
2024-10-11 02:03:39 status half-configured libsepol1:amd64 3.0-1
2024-10-11 02:03:39 status installed libsepol1:amd64 3.0-1
2024-10-11 02:03:39 configure libattr1:amd64 1:2.4.48-5 <none>
2024-10-11 02:03:39 status unpacked libattr1:amd64 1:2.4.48-5
2024-10-11 02:03:39 status half-configured libattr1:amd64 1:2.4.48-5
2024-10-11 02:03:39 status installed libattr1:amd64 1:2.4.48-5
2024-10-11 02:03:39 configure debianutils:amd64 4.9.1 <none>
2024-10-11 02:03:39 status unpacked debianutils:amd64 4.9.1
2024-10-11 02:03:39 status half-configured debianutils:amd64 4.9.1
2024-10-11 02:03:39 status installed debianutils:amd64 4.9.1
2024-10-11 02:03:39 configure mawk:amd64 1.3.4.20200120-2 <none>
2024-10-11 02:03:39 status unpacked mawk:amd64 1.3.4.20200120-2
2024-10-11 02:03:39 status half-configured mawk:amd64 1.3.4.20200120-2
2024-10-11 02:03:39 status installed mawk:amd64 1.3.4.20200120-2
2024-10-11 02:03:39 configure libdebconfclient0:amd64 0.251ubuntu1 <none>
2024-10-11 02:03:39 status unpacked libdebconfclient0:amd64 0.251ubuntu1
2024-10-11 02:03:39 status half-configured libdebconfclient0:amd64 0.251ubuntu1
2024-10-11 02:03:39 status installed libdebconfclient0:amd64 0.251ubuntu1
2024-10-11 02:03:39 configure base-files:amd64 11ubuntu5 <none>
2024-10-11 02:03:39 status unpacked base-files:amd64 11ubuntu5
2024-10-11 02:03:39 status half-configured base-files:amd64 11ubuntu5
2024-10-11 02:03:40 status installed base-files:amd64 11ubuntu5
2024-10-11 02:03:40 configure libbz2-1.0:amd64 1.0.8-2 <none>
2024-10-11 02:03:40 status unpacked libbz2-1.0:amd64 1.0.8-2
2024-10-11 02:03:40 status half-configured libbz2-1.0:amd64 1.0.8-2
2024-10-11 02:03:40 status installed libbz2-1.0:amd64 1.0.8-2
2024-10-11 02:03:40 configure base-passwd:amd64 3.5.47 <none>
2024-10-11 02:03:40 status unpacked base-passwd:amd64 3.5.47
2024-10-11 02:03:40 status half-configured base-passwd:amd64 3.5.47
2024-10-11 02:03:40 status installed base-passwd:amd64 3.5.47
2024-10-11 02:03:40 configure libdb5.3:amd64 5.3.28+dfsg1-0.6ubuntu2 <none>
2024-10-11 02:03:40 status unpacked libdb5.3:amd64 5.3.28+dfsg1-0.6ubuntu2
2024-10-11 02:03:40 status half-configured libdb5.3:amd64 5.3.28+dfsg1-0.6ubuntu2
2024-10-11 02:03:40 status installed libdb5.3:amd64 5.3.28+dfsg1-0.6ubuntu2
2024-10-11 02:03:40 configure libblkid1:amd64 2.34-0.1ubuntu9 <none>
2024-10-11 02:03:40 status unpacked libblkid1:amd64 2.34-0.1ubuntu9
2024-10-11 02:03:40 status half-configured libblkid1:amd64 2.34-0.1ubuntu9
2024-10-11 02:03:40 status installed libblkid1:amd64 2.34-0.1ubuntu9
2024-10-11 02:03:40 configure libtinfo6:amd64 6.2-0ubuntu2 <none>
2024-10-11 02:03:40 status unpacked libtinfo6:amd64 6.2-0ubuntu2
2024-10-11 02:03:40 status half-configured libtinfo6:amd64 6.2-0ubuntu2
2024-10-11 02:03:40 status installed libtinfo6:amd64 6.2-0ubuntu2
2024-10-11 02:03:40 configure bash:amd64 5.0-6ubuntu1 <none>
2024-10-11 02:03:40 status unpacked bash:amd64 5.0-6ubuntu1
2024-10-11 02:03:40 status half-configured bash:amd64 5.0-6ubuntu1
2024-10-11 02:03:40 status installed bash:amd64 5.0-6ubuntu1
2024-10-11 02:03:40 configure libzstd1:amd64 1.4.4+dfsg-3 <none>
2024-10-11 02:03:40 status unpacked libzstd1:amd64 1.4.4+dfsg-3
2024-10-11 02:03:40 status half-configured libzstd1:amd64 1.4.4+dfsg-3
2024-10-11 02:03:40 status installed libzstd1:amd64 1.4.4+dfsg-3
2024-10-11 02:03:40 configure liblzma5:amd64 5.2.4-1 <none>
2024-10-11 02:03:40 status unpacked liblzma5:amd64 5.2.4-1
2024-10-11 02:03:40 status half-configured liblzma5:amd64 5.2.4-1
2024-10-11 02:03:40 status installed liblzma5:amd64 5.2.4-1
2024-10-11 02:03:40 configure libgpg-error0:amd64 1.37-1 <none>
2024-10-11 02:03:40 status unpacked libgpg-error0:amd64 1.37-1
2024-10-11 02:03:40 status half-configured libgpg-error0:amd64 1.37-1
2024-10-11 02:03:40 status installed libgpg-error0:amd64 1.37-1
2024-10-11 02:03:40 configure liblz4-1:amd64 1.9.2-2 <none>
2024-10-11 02:03:40 status unpacked liblz4-1:amd64 1.9.2-2
2024-10-11 02:03:40 status half-configured liblz4-1:amd64 1.9.2-2
2024-10-11 02:03:40 status installed liblz4-1:amd64 1.9.2-2
2024-10-11 02:03:40 configure libc-bin:amd64 2.31-0ubuntu9 <none>
2024-10-11 02:03:40 status unpacked libc-bin:amd64 2.31-0ubuntu9
2024-10-11 02:03:40 status half-configured libc-bin:amd64 2.31-0ubuntu9
2024-10-11 02:03:40 status installed libc-bin:amd64 2.31-0ubuntu9
2024-10-11 02:03:40 configure ncurses-bin:amd64 6.2-0ubuntu2 <none>
2024-10-11 02:03:40 status unpacked ncurses-bin:amd64 6.2-0ubuntu2
2024-10-11 02:03:40 status half-configured ncurses-bin:amd64 6.2-0ubuntu2
2024-10-11 02:03:40 status installed ncurses-bin:amd64 6.2-0ubuntu2
2024-10-11 02:03:40 configure libacl1:amd64 2.2.53-6 <none>
2024-10-11 02:03:40 status triggers-pending libc-bin:amd64 2.31-0ubuntu9
2024-10-11 02:03:40 status unpacked libacl1:amd64 2.2.53-6
2024-10-11 02:03:40 status half-configured libacl1:amd64 2.2.53-6
2024-10-11 02:03:40 status installed libacl1:amd64 2.2.53-6
2024-10-11 02:03:40 configure libsmartcols1:amd64 2.34-0.1ubuntu9 <none>
2024-10-11 02:03:40 status unpacked libsmartcols1:amd64 2.34-0.1ubuntu9
2024-10-11 02:03:40 status half-configured libsmartcols1:amd64 2.34-0.1ubuntu9
2024-10-11 02:03:40 status installed libsmartcols1:amd64 2.34-0.1ubuntu9
2024-10-11 02:03:40 configure libgcrypt20:amd64 1.8.5-5ubuntu1 <none>
2024-10-11 02:03:40 status unpacked libgcrypt20:amd64 1.8.5-5ubuntu1
2024-10-11 02:03:40 status half-configured libgcrypt20:amd64 1.8.5-5ubuntu1
2024-10-11 02:03:40 status installed libgcrypt20:amd64 1.8.5-5ubuntu1
2024-10-11 02:03:40 configure zlib1g:amd64 1:1.2.11.dfsg-2ubuntu1 <none>
2024-10-11 02:03:40 status unpacked zlib1g:amd64 1:1.2.11.dfsg-2ubuntu1
2024-10-11 02:03:40 status half-configured zlib1g:amd64 1:1.2.11.dfsg-2ubuntu1
2024-10-11 02:03:40 status installed zlib1g:amd64 1:1.2.11.dfsg-2ubuntu1
2024-10-11 02:03:40 configure libcom-err2:amd64 1.45.5-2ubuntu1 <none>
2024-10-11 02:03:40 status unpacked libcom-err2:amd64 1.45.5-2ubuntu1
2024-10-11 02:03:40 status half-configured libcom-err2:amd64 1.45.5-2ubuntu1
2024-10-11 02:03:40 status installed libcom-err2:amd64 1.45.5-2ubuntu1
2024-10-11 02:03:40 configure diffutils:amd64 1:3.7-3 <none>
2024-10-11 02:03:40 status unpacked diffutils:amd64 1:3.7-3
2024-10-11 02:03:40 status half-configured diffutils:amd64 1:3.7-3
2024-10-11 02:03:40 status installed diffutils:amd64 1:3.7-3
2024-10-11 02:03:40 configure libsystemd0:amd64 245.4-4ubuntu3 <none>
2024-10-11 02:03:40 status unpacked libsystemd0:amd64 245.4-4ubuntu3
2024-10-11 02:03:40 status half-configured libsystemd0:amd64 245.4-4ubuntu3
2024-10-11 02:03:40 status installed libsystemd0:amd64 245.4-4ubuntu3
2024-10-11 02:03:40 configure hostname:amd64 3.23 <none>
2024-10-11 02:03:40 status unpacked hostname:amd64 3.23
2024-10-11 02:03:40 status half-configured hostname:amd64 3.23
2024-10-11 02:03:40 status installed hostname:amd64 3.23
2024-10-11 02:03:40 configure libpcre3:amd64 2:8.39-12build1 <none>
2024-10-11 02:03:40 status unpacked libpcre3:amd64 2:8.39-12build1
2024-10-11 02:03:40 status half-configured libpcre3:amd64 2:8.39-12build1
2024-10-11 02:03:40 status installed libpcre3:amd64 2:8.39-12build1
2024-10-11 02:03:40 configure libcap-ng0:amd64 0.7.9-2.1build1 <none>
2024-10-11 02:03:40 status unpacked libcap-ng0:amd64 0.7.9-2.1build1
2024-10-11 02:03:40 status half-configured libcap-ng0:amd64 0.7.9-2.1build1
2024-10-11 02:03:40 status installed libcap-ng0:amd64 0.7.9-2.1build1
2024-10-11 02:03:40 configure libext2fs2:amd64 1.45.5-2ubuntu1 <none>
2024-10-11 02:03:40 status unpacked libext2fs2:amd64 1.45.5-2ubuntu1
2024-10-11 02:03:40 status half-configured libext2fs2:amd64 1.45.5-2ubuntu1
2024-10-11 02:03:40 status installed libext2fs2:amd64 1.45.5-2ubuntu1
2024-10-11 02:03:40 configure libncurses6:amd64 6.2-0ubuntu2 <none>
2024-10-11 02:03:40 status unpacked libncurses6:amd64 6.2-0ubuntu2
2024-10-11 02:03:40 status half-configured libncurses6:amd64 6.2-0ubuntu2
2024-10-11 02:03:40 status installed libncurses6:amd64 6.2-0ubuntu2
2024-10-11 02:03:40 configure libaudit1:amd64 1:2.8.5-2ubuntu6 <none>
2024-10-11 02:03:40 status unpacked libaudit1:amd64 1:2.8.5-2ubuntu6
2024-10-11 02:03:40 status half-configured libaudit1:amd64 1:2.8.5-2ubuntu6
2024-10-11 02:03:40 status installed libaudit1:amd64 1:2.8.5-2ubuntu6
2024-10-11 02:03:40 configure libuuid1:amd64 2.34-0.1ubuntu9 <none>
2024-10-11 02:03:40 status unpacked libuuid1:amd64 2.34-0.1ubuntu9
2024-10-11 02:03:40 status half-configured libuuid1:amd64 2.34-0.1ubuntu9
2024-10-11 02:03:40 status installed libuuid1:amd64 2.34-0.1ubuntu9
2024-10-11 02:03:40 configure libss2:amd64 1.45.5-2ubuntu1 <none>
2024-10-11 02:03:40 status unpacked libss2:amd64 1.45.5-2ubuntu1
2024-10-11 02:03:40 status half-configured libss2:amd64 1.45.5-2ubuntu1
2024-10-11 02:03:40 status installed libss2:amd64 1.45.5-2ubuntu1
2024-10-11 02:03:40 configure libpcre2-8-0:amd64 10.34-7 <none>
2024-10-11 02:03:40 status unpacked libpcre2-8-0:amd64 10.34-7
2024-10-11 02:03:40 status half-configured libpcre2-8-0:amd64 10.34-7
2024-10-11 02:03:40 status installed libpcre2-8-0:amd64 10.34-7
2024-10-11 02:03:40 configure libncursesw6:amd64 6.2-0ubuntu2 <none>
2024-10-11 02:03:40 status unpacked libncursesw6:amd64 6.2-0ubuntu2
2024-10-11 02:03:40 status half-configured libncursesw6:amd64 6.2-0ubuntu2
2024-10-11 02:03:40 status installed libncursesw6:amd64 6.2-0ubuntu2
2024-10-11 02:03:40 configure logsave:amd64 1.45.5-2ubuntu1 <none>
2024-10-11 02:03:40 status unpacked logsave:amd64 1.45.5-2ubuntu1
2024-10-11 02:03:40 status half-configured logsave:amd64 1.45.5-2ubuntu1
2024-10-11 02:03:40 status installed logsave:amd64 1.45.5-2ubuntu1
2024-10-11 02:03:40 configure libfdisk1:amd64 2.34-0.1ubuntu9 <none>
2024-10-11 02:03:40 status unpacked libfdisk1:amd64 2.34-0.1ubuntu9
2024-10-11 02:03:40 status half-configured libfdisk1:amd64 2.34-0.1ubuntu9
2024-10-11 02:03:40 status installed libfdisk1:amd64 2.34-0.1ubuntu9
2024-10-11 02:03:40 configure libprocps8:amd64 2:3.3.16-1ubuntu2 <none>
2024-10-11 02:03:40 status unpacked libprocps8:amd64 2:3.3.16-1ubuntu2
2024-10-11 02:03:40 status half-configured libprocps8:amd64 2:3.3.16-1ubuntu2
2024-10-11 02:03:40 status installed libprocps8:amd64 2:3.3.16-1ubuntu2
2024-10-11 02:03:40 configure bsdutils:amd64 1:2.34-0.1ubuntu9 <none>
2024-10-11 02:03:40 status unpacked bsdutils:amd64 1:2.34-0.1ubuntu9
2024-10-11 02:03:40 status half-configured bsdutils:amd64 1:2.34-0.1ubuntu9
2024-10-11 02:03:40 status installed bsdutils:amd64 1:2.34-0.1ubuntu9
2024-10-11 02:03:40 configure e2fsprogs:amd64 1.45.5-2ubuntu1 <none>
2024-10-11 02:03:40 status unpacked e2fsprogs:amd64 1.45.5-2ubuntu1
2024-10-11 02:03:40 status half-configured e2fsprogs:amd64 1.45.5-2ubuntu1
2024-10-11 02:03:40 status installed e2fsprogs:amd64 1.45.5-2ubuntu1
2024-10-11 02:03:40 configure libselinux1:amd64 3.0-1build2 <none>
2024-10-11 02:03:40 status unpacked libselinux1:amd64 3.0-1build2
2024-10-11 02:03:40 status half-configured libselinux1:amd64 3.0-1build2
2024-10-11 02:03:40 status installed libselinux1:amd64 3.0-1build2
2024-10-11 02:03:40 configure sed:amd64 4.7-1 <none>
2024-10-11 02:03:40 status unpacked sed:amd64 4.7-1
2024-10-11 02:03:40 status half-configured sed:amd64 4.7-1
2024-10-11 02:03:40 status installed sed:amd64 4.7-1
2024-10-11 02:03:40 configure findutils:amd64 4.7.0-1ubuntu1 <none>
2024-10-11 02:03:40 status unpacked findutils:amd64 4.7.0-1ubuntu1
2024-10-11 02:03:40 status half-configured findutils:amd64 4.7.0-1ubuntu1
2024-10-11 02:03:40 status installed findutils:amd64 4.7.0-1ubuntu1
2024-10-11 02:03:40 configure libmount1:amd64 2.34-0.1ubuntu9 <none>
2024-10-11 02:03:40 status unpacked libmount1:amd64 2.34-0.1ubuntu9
2024-10-11 02:03:40 status half-configured libmount1:amd64 2.34-0.1ubuntu9
2024-10-11 02:03:40 status installed libmount1:amd64 2.34-0.1ubuntu9
2024-10-11 02:03:40 configure libsemanage1:amd64 3.0-1build2 <none>
2024-10-11 02:03:40 status unpacked libsemanage1:amd64 3.0-1build2
2024-10-11 02:03:40 status half-configured libsemanage1:amd64 3.0-1build2
2024-10-11 02:03:40 status installed libsemanage1:amd64 3.0-1build2
2024-10-11 02:03:40 configure tar:amd64 1.30+dfsg-7 <none>
2024-10-11 02:03:40 status unpacked tar:amd64 1.30+dfsg-7
2024-10-11 02:03:40 status half-configured tar:amd64 1.30+dfsg-7
2024-10-11 02:03:40 status installed tar:amd64 1.30+dfsg-7
2024-10-11 02:03:40 configure coreutils:amd64 8.30-3ubuntu2 <none>
2024-10-11 02:03:40 status unpacked coreutils:amd64 8.30-3ubuntu2
2024-10-11 02:03:40 status half-configured coreutils:amd64 8.30-3ubuntu2
2024-10-11 02:03:40 status installed coreutils:amd64 8.30-3ubuntu2
2024-10-11 02:03:40 configure fdisk:amd64 2.34-0.1ubuntu9 <none>
2024-10-11 02:03:40 status unpacked fdisk:amd64 2.34-0.1ubuntu9
2024-10-11 02:03:40 status half-configured fdisk:amd64 2.34-0.1ubuntu9
2024-10-11 02:03:40 status installed fdisk:amd64 2.34-0.1ubuntu9
2024-10-11 02:03:40 configure dpkg:amd64 1.19.7ubuntu3 <none>
2024-10-11 02:03:40 status unpacked dpkg:amd64 1.19.7ubuntu3
2024-10-11 02:03:40 status half-configured dpkg:amd64 1.19.7ubuntu3
2024-10-11 02:03:40 status installed dpkg:amd64 1.19.7ubuntu3
2024-10-11 02:03:40 configure grep:amd64 3.4-1 <none>
2024-10-11 02:03:40 status unpacked grep:amd64 3.4-1
2024-10-11 02:03:40 status half-configured grep:amd64 3.4-1
2024-10-11 02:03:40 status installed grep:amd64 3.4-1
2024-10-11 02:03:40 configure perl-base:amd64 5.30.0-9build1 <none>
2024-10-11 02:03:40 status unpacked perl-base:amd64 5.30.0-9build1
2024-10-11 02:03:40 status half-configured perl-base:amd64 5.30.0-9build1
2024-10-11 02:03:40 status installed perl-base:amd64 5.30.0-9build1
2024-10-11 02:03:40 configure init-system-helpers:all 1.57 <none>
2024-10-11 02:03:40 status unpacked init-system-helpers:all 1.57
2024-10-11 02:03:40 status half-configured init-system-helpers:all 1.57
2024-10-11 02:03:40 status installed init-system-helpers:all 1.57
2024-10-11 02:03:40 configure gzip:amd64 1.10-0ubuntu4 <none>
2024-10-11 02:03:40 status unpacked gzip:amd64 1.10-0ubuntu4
2024-10-11 02:03:40 status half-configured gzip:amd64 1.10-0ubuntu4
2024-10-11 02:03:40 status installed gzip:amd64 1.10-0ubuntu4
2024-10-11 02:03:40 configure procps:amd64 2:3.3.16-1ubuntu2 <none>
2024-10-11 02:03:40 status unpacked procps:amd64 2:3.3.16-1ubuntu2
2024-10-11 02:03:40 status half-configured procps:amd64 2:3.3.16-1ubuntu2
2024-10-11 02:03:40 status installed procps:amd64 2:3.3.16-1ubuntu2
2024-10-11 02:03:40 configure debconf:all 1.5.73 <none>
2024-10-11 02:03:40 status unpacked debconf:all 1.5.73
2024-10-11 02:03:40 status half-configured debconf:all 1.5.73
2024-10-11 02:03:40 status installed debconf:all 1.5.73
2024-10-11 02:03:40 configure libpam0g:amd64 1.3.1-5ubuntu4 <none>
2024-10-11 02:03:40 status unpacked libpam0g:amd64 1.3.1-5ubuntu4
2024-10-11 02:03:40 status half-configured libpam0g:amd64 1.3.1-5ubuntu4
2024-10-11 02:03:40 status installed libpam0g:amd64 1.3.1-5ubuntu4
2024-10-11 02:03:40 configure dash:amd64 0.5.10.2-6 <none>
2024-10-11 02:03:40 status unpacked dash:amd64 0.5.10.2-6
2024-10-11 02:03:40 status half-configured dash:amd64 0.5.10.2-6
2024-10-11 02:03:41 status installed dash:amd64 0.5.10.2-6
2024-10-11 02:03:41 configure libpam-modules-bin:amd64 1.3.1-5ubuntu4 <none>
2024-10-11 02:03:41 status unpacked libpam-modules-bin:amd64 1.3.1-5ubuntu4
2024-10-11 02:03:41 status half-configured libpam-modules-bin:amd64 1.3.1-5ubuntu4
2024-10-11 02:03:41 status installed libpam-modules-bin:amd64 1.3.1-5ubuntu4
2024-10-11 02:03:41 configure libpam-modules:amd64 1.3.1-5ubuntu4 <none>
2024-10-11 02:03:41 status unpacked libpam-modules:amd64 1.3.1-5ubuntu4
2024-10-11 02:03:41 status half-configured libpam-modules:amd64 1.3.1-5ubuntu4
2024-10-11 02:03:41 status installed libpam-modules:amd64 1.3.1-5ubuntu4
2024-10-11 02:03:41 configure passwd:amd64 1:4.8.1-1ubuntu5 <none>
2024-10-11 02:03:41 status unpacked passwd:amd64 1:4.8.1-1ubuntu5
2024-10-11 02:03:41 status half-configured passwd:amd64 1:4.8.1-1ubuntu5
2024-10-11 02:03:41 status installed passwd:amd64 1:4.8.1-1ubuntu5
2024-10-11 02:03:41 configure libpam-runtime:all 1.3.1-5ubuntu4 <none>
2024-10-11 02:03:41 status unpacked libpam-runtime:all 1.3.1-5ubuntu4
2024-10-11 02:03:41 status half-configured libpam-runtime:all 1.3.1-5ubuntu4
2024-10-11 02:03:41 status installed libpam-runtime:all 1.3.1-5ubuntu4
2024-10-11 02:03:41 configure login:amd64 1:4.8.1-1ubuntu5 <none>
2024-10-11 02:03:41 status unpacked login:amd64 1:4.8.1-1ubuntu5
2024-10-11 02:03:41 status half-configured login:amd64 1:4.8.1-1ubuntu5
2024-10-11 02:03:41 status installed login:amd64 1:4.8.1-1ubuntu5
2024-10-11 02:03:41 configure util-linux:amd64 2.34-0.1ubuntu9 <none>
2024-10-11 02:03:41 status unpacked util-linux:amd64 2.34-0.1ubuntu9
2024-10-11 02:03:41 status half-configured util-linux:amd64 2.34-0.1ubuntu9
2024-10-11 02:03:41 status installed util-linux:amd64 2.34-0.1ubuntu9
2024-10-11 02:03:41 configure mount:amd64 2.34-0.1ubuntu9 <none>
2024-10-11 02:03:41 status unpacked mount:amd64 2.34-0.1ubuntu9
2024-10-11 02:03:41 status half-configured mount:amd64 2.34-0.1ubuntu9
2024-10-11 02:03:41 status installed mount:amd64 2.34-0.1ubuntu9
2024-10-11 02:03:41 configure sysvinit-utils:amd64 2.96-2.1ubuntu1 <none>
2024-10-11 02:03:41 status unpacked sysvinit-utils:amd64 2.96-2.1ubuntu1
2024-10-11 02:03:41 status half-configured sysvinit-utils:amd64 2.96-2.1ubuntu1
2024-10-11 02:03:41 status installed sysvinit-utils:amd64 2.96-2.1ubuntu1
2024-10-11 02:03:41 trigproc libc-bin:amd64 2.31-0ubuntu9 <none>
2024-10-11 02:03:41 status half-configured libc-bin:amd64 2.31-0ubuntu9
2024-10-11 02:03:41 status installed libc-bin:amd64 2.31-0ubuntu9
2024-10-11 02:03:41 startup archives unpack
2024-10-11 02:03:41 install adduser:all <none> 3.118ubuntu2
2024-10-11 02:03:41 status half-installed adduser:all 3.118ubuntu2
2024-10-11 02:03:41 status unpacked adduser:all 3.118ubuntu2
2024-10-11 02:03:41 install apt:amd64 <none> 2.0.2
2024-10-11 02:03:41 status triggers-pending libc-bin:amd64 2.31-0ubuntu9
2024-10-11 02:03:41 status half-installed apt:amd64 2.0.2
2024-10-11 02:03:42 status unpacked apt:amd64 2.0.2
2024-10-11 02:03:42 install bzip2:amd64 <none> 1.0.8-2
2024-10-11 02:03:42 status half-installed bzip2:amd64 1.0.8-2
2024-10-11 02:03:42 status unpacked bzip2:amd64 1.0.8-2
2024-10-11 02:03:42 install gpgv:amd64 <none> 2.2.19-3ubuntu2
2024-10-11 02:03:42 status half-installed gpgv:amd64 2.2.19-3ubuntu2
2024-10-11 02:03:42 status unpacked gpgv:amd64 2.2.19-3ubuntu2
2024-10-11 02:03:42 install libapt-pkg6.0:amd64 <none> 2.0.2
2024-10-11 02:03:42 status half-installed libapt-pkg6.0:amd64 2.0.2
2024-10-11 02:03:42 status unpacked libapt-pkg6.0:amd64 2.0.2
2024-10-11 02:03:42 install libffi7:amd64 <none> 3.3-4
2024-10-11 02:03:42 status half-installed libffi7:amd64 3.3-4
2024-10-11 02:03:42 status unpacked libffi7:amd64 3.3-4
2024-10-11 02:03:42 install libgmp10:amd64 <none> 2:6.2.0+dfsg-4
2024-10-11 02:03:42 status half-installed libgmp10:amd64 2:6.2.0+dfsg-4
2024-10-11 02:03:42 status unpacked libgmp10:amd64 2:6.2.0+dfsg-4
2024-10-11 02:03:42 install libgnutls30:amd64 <none> 3.6.13-2ubuntu1
2024-10-11 02:03:42 status half-installed libgnutls30:amd64 3.6.13-2ubuntu1
2024-10-11 02:03:42 status unpacked libgnutls30:amd64 3.6.13-2ubuntu1
2024-10-11 02:03:42 install libhogweed5:amd64 <none> 3.5.1+really3.5.1-2
2024-10-11 02:03:42 status half-installed libhogweed5:amd64 3.5.1+really3.5.1-2
2024-10-11 02:03:42 status unpacked libhogweed5:amd64 3.5.1+really3.5.1-2
2024-10-11 02:03:42 install libidn2-0:amd64 <none> 2.2.0-2
2024-10-11 02:03:42 status half-installed libidn2-0:amd64 2.2.0-2
2024-10-11 02:03:42 status unpacked libidn2-0:amd64 2.2.0-2
2024-10-11 02:03:42 install libnettle7:amd64 <none> 3.5.1+really3.5.1-2
2024-10-11 02:03:42 status half-installed libnettle7:amd64 3.5.1+really3.5.1-2
2024-10-11 02:03:42 status unpacked libnettle7:amd64 3.5.1+really3.5.1-2
2024-10-11 02:03:42 install libp11-kit0:amd64 <none> 0.23.20-1build1
2024-10-11 02:03:42 status half-installed libp11-kit0:amd64 0.23.20-1build1
2024-10-11 02:03:42 status unpacked libp11-kit0:amd64 0.23.20-1build1
2024-10-11 02:03:42 install libseccomp2:amd64 <none> 2.4.3-1ubuntu1
2024-10-11 02:03:42 status half-installed libseccomp2:amd64 2.4.3-1ubuntu1
2024-10-11 02:03:42 status unpacked libseccomp2:amd64 2.4.3-1ubuntu1
2024-10-11 02:03:42 install libstdc++6:amd64 <none> 10-20200411-0ubuntu1
2024-10-11 02:03:42 status half-installed libstdc++6:amd64 10-20200411-0ubuntu1
2024-10-11 02:03:42 status unpacked libstdc++6:amd64 10-20200411-0ubuntu1
2024-10-11 02:03:42 install libtasn1-6:amd64 <none> 4.16.0-2
2024-10-11 02:03:42 status half-installed libtasn1-6:amd64 4.16.0-2
2024-10-11 02:03:42 status unpacked libtasn1-6:amd64 4.16.0-2
2024-10-11 02:03:42 install libunistring2:amd64 <none> 0.9.10-2
2024-10-11 02:03:42 status half-installed libunistring2:amd64 0.9.10-2
2024-10-11 02:03:42 status unpacked libunistring2:amd64 0.9.10-2
2024-10-11 02:03:42 install ubuntu-keyring:all <none> 2020.02.11.2
2024-10-11 02:03:42 status half-installed ubuntu-keyring:all 2020.02.11.2
2024-10-11 02:03:42 status unpacked ubuntu-keyring:all 2020.02.11.2
2024-10-11 02:03:42 trigproc libc-bin:amd64 2.31-0ubuntu9 <none>
2024-10-11 02:03:42 status half-configured libc-bin:amd64 2.31-0ubuntu9
2024-10-11 02:03:42 status installed libc-bin:amd64 2.31-0ubuntu9
2024-10-11 02:03:42 startup packages configure
2024-10-11 02:03:42 configure adduser:all 3.118ubuntu2 <none>
2024-10-11 02:03:42 status unpacked adduser:all 3.118ubuntu2
2024-10-11 02:03:42 status half-configured adduser:all 3.118ubuntu2
2024-10-11 02:03:42 status installed adduser:all 3.118ubuntu2
2024-10-11 02:03:42 configure libffi7:amd64 3.3-4 <none>
2024-10-11 02:03:42 status triggers-pending libc-bin:amd64 2.31-0ubuntu9
2024-10-11 02:03:42 status unpacked libffi7:amd64 3.3-4
2024-10-11 02:03:42 status half-configured libffi7:amd64 3.3-4
2024-10-11 02:03:42 status installed libffi7:amd64 3.3-4
2024-10-11 02:03:42 configure libunistring2:amd64 0.9.10-2 <none>
2024-10-11 02:03:42 status unpacked libunistring2:amd64 0.9.10-2
2024-10-11 02:03:42 status half-configured libunistring2:amd64 0.9.10-2
2024-10-11 02:03:42 status installed libunistring2:amd64 0.9.10-2
2024-10-11 02:03:42 configure libidn2-0:amd64 2.2.0-2 <none>
2024-10-11 02:03:42 status unpacked libidn2-0:amd64 2.2.0-2
2024-10-11 02:03:42 status half-configured libidn2-0:amd64 2.2.0-2
2024-10-11 02:03:42 status installed libidn2-0:amd64 2.2.0-2
2024-10-11 02:03:42 configure bzip2:amd64 1.0.8-2 <none>
2024-10-11 02:03:42 status unpacked bzip2:amd64 1.0.8-2
2024-10-11 02:03:42 status half-configured bzip2:amd64 1.0.8-2
2024-10-11 02:03:42 status installed bzip2:amd64 1.0.8-2
2024-10-11 02:03:42 configure ubuntu-keyring:all 2020.02.11.2 <none>
2024-10-11 02:03:42 status unpacked ubuntu-keyring:all 2020.02.11.2
2024-10-11 02:03:42 status half-configured ubuntu-keyring:all 2020.02.11.2
2024-10-11 02:03:42 status installed ubuntu-keyring:all 2020.02.11.2
2024-10-11 02:03:42 configure libseccomp2:amd64 2.4.3-1ubuntu1 <none>
2024-10-11 02:03:42 status unpacked libseccomp2:amd64 2.4.3-1ubuntu1
2024-10-11 02:03:42 status half-configured libseccomp2:amd64 2.4.3-1ubuntu1
2024-10-11 02:03:42 status installed libseccomp2:amd64 2.4.3-1ubuntu1
2024-10-11 02:03:42 configure libgmp10:amd64 2:6.2.0+dfsg-4 <none>
2024-10-11 02:03:42 status unpacked libgmp10:amd64 2:6.2.0+dfsg-4
2024-10-11 02:03:42 status half-configured libgmp10:amd64 2:6.2.0+dfsg-4
2024-10-11 02:03:42 status installed libgmp10:amd64 2:6.2.0+dfsg-4
2024-10-11 02:03:42 configure libp11-kit0:amd64 0.23.20-1build1 <none>
2024-10-11 02:03:42 status unpacked libp11-kit0:amd64 0.23.20-1build1
2024-10-11 02:03:42 status half-configured libp11-kit0:amd64 0.23.20-1build1
2024-10-11 02:03:42 status installed libp11-kit0:amd64 0.23.20-1build1
2024-10-11 02:03:42 configure libnettle7:amd64 3.5.1+really3.5.1-2 <none>
2024-10-11 02:03:42 status unpacked libnettle7:amd64 3.5.1+really3.5.1-2
2024-10-11 02:03:42 status half-configured libnettle7:amd64 3.5.1+really3.5.1-2
2024-10-11 02:03:42 status installed libnettle7:amd64 3.5.1+really3.5.1-2
2024-10-11 02:03:42 configure gpgv:amd64 2.2.19-3ubuntu2 <none>
2024-10-11 02:03:42 status unpacked gpgv:amd64 2.2.19-3ubuntu2
2024-10-11 02:03:42 status half-configured gpgv:amd64 2.2.19-3ubuntu2
2024-10-11 02:03:42 status installed gpgv:amd64 2.2.19-3ubuntu2
2024-10-11 02:03:42 configure libtasn1-6:amd64 4.16.0-2 <none>
2024-10-11 02:03:42 status unpacked libtasn1-6:amd64 4.16.0-2
2024-10-11 02:03:42 status half-configured libtasn1-6:amd64 4.16.0-2
2024-10-11 02:03:42 status installed libtasn1-6:amd64 4.16.0-2
2024-10-11 02:03:42 configure libstdc++6:amd64 10-20200411-0ubuntu1 <none>
2024-10-11 02:03:42 status unpacked libstdc++6:amd64 10-20200411-0ubuntu1
2024-10-11 02:03:42 status half-configured libstdc++6:amd64 10-20200411-0ubuntu1
2024-10-11 02:03:42 status installed libstdc++6:amd64 10-20200411-0ubuntu1
2024-10-11 02:03:42 configure libhogweed5:amd64 3.5.1+really3.5.1-2 <none>
2024-10-11 02:03:42 status unpacked libhogweed5:amd64 3.5.1+really3.5.1-2
2024-10-11 02:03:42 status half-configured libhogweed5:amd64 3.5.1+really3.5.1-2
2024-10-11 02:03:42 status installed libhogweed5:amd64 3.5.1+really3.5.1-2
2024-10-11 02:03:42 configure libgnutls30:amd64 3.6.13-2ubuntu1 <none>
2024-10-11 02:03:42 status unpacked libgnutls30:amd64 3.6.13-2ubuntu1
2024-10-11 02:03:42 status half-configured libgnutls30:amd64 3.6.13-2ubuntu1
2024-10-11 02:03:42 status installed libgnutls30:amd64 3.6.13-2ubuntu1
2024-10-11 02:03:42 configure libapt-pkg6.0:amd64 2.0.2 <none>
2024-10-11 02:03:42 status unpacked libapt-pkg6.0:amd64 2.0.2
2024-10-11 02:03:42 status half-configured libapt-pkg6.0:amd64 2.0.2
2024-10-11 02:03:42 status installed libapt-pkg6.0:amd64 2.0.2
2024-10-11 02:03:42 configure apt:amd64 2.0.2 <none>
2024-10-11 02:03:42 status unpacked apt:amd64 2.0.2
2024-10-11 02:03:42 status half-configured apt:amd64 2.0.2
2024-10-11 02:03:43 status installed apt:amd64 2.0.2
2024-10-11 02:03:43 trigproc libc-bin:amd64 2.31-0ubuntu9 <none>
2024-10-11 02:03:43 status half-configured libc-bin:amd64 2.31-0ubuntu9
2024-10-11 02:03:43 status installed libc-bin:amd64 2.31-0ubuntu9
2024-10-11 02:03:46 startup archives unpack
2024-10-11 02:03:46 upgrade adduser:all 3.118ubuntu2 3.118ubuntu2
2024-10-11 02:03:46 status half-configured adduser:all 3.118ubuntu2
2024-10-11 02:03:46 status unpacked adduser:all 3.118ubuntu2
2024-10-11 02:03:46 status half-installed adduser:all 3.118ubuntu2
2024-10-11 02:03:46 status unpacked adduser:all 3.118ubuntu2
2024-10-11 02:03:46 startup packages configure
2024-10-11 02:03:46 configure adduser:all 3.118ubuntu2 <none>
2024-10-11 02:03:46 status unpacked adduser:all 3.118ubuntu2
2024-10-11 02:03:46 status half-configured adduser:all 3.118ubuntu2
2024-10-11 02:03:46 status installed adduser:all 3.118ubuntu2
2024-10-11 02:03:47 startup packages configure
2024-10-11 02:03:49 startup archives unpack
2024-10-11 02:03:49 upgrade apt:amd64 2.0.2 2.0.2
2024-10-11 02:03:49 status triggers-pending libc-bin:amd64 2.31-0ubuntu9
2024-10-11 02:03:49 status half-configured apt:amd64 2.0.2
2024-10-11 02:03:49 status unpacked apt:amd64 2.0.2
2024-10-11 02:03:49 status half-installed apt:amd64 2.0.2
2024-10-11 02:03:50 status unpacked apt:amd64 2.0.2
2024-10-11 02:03:50 startup packages configure
2024-10-11 02:03:50 configure apt:amd64 2.0.2 <none>
2024-10-11 02:03:50 status unpacked apt:amd64 2.0.2
2024-10-11 02:03:50 status half-configured apt:amd64 2.0.2
2024-10-11 02:03:50 status installed apt:amd64 2.0.2
2024-10-11 02:03:50 startup packages configure
2024-10-11 02:03:50 trigproc libc-bin:amd64 2.31-0ubuntu9 <none>
2024-10-11 02:03:50 status half-configured libc-bin:amd64 2.31-0ubuntu9
2024-10-11 02:03:50 status installed libc-bin:amd64 2.31-0ubuntu9
2024-10-11 02:03:53 startup archives unpack
2024-10-11 02:03:53 upgrade base-files:amd64 11ubuntu5 11ubuntu5
2024-10-11 02:03:53 status half-configured base-files:amd64 11ubuntu5
2024-10-11 02:03:53 status unpacked base-files:amd64 11ubuntu5
2024-10-11 02:03:53 status half-installed base-files:amd64 11ubuntu5
2024-10-11 02:03:53 status unpacked base-files:amd64 11ubuntu5
2024-10-11 02:03:54 startup packages configure
2024-10-11 02:03:54 configure base-files:amd64 11ubuntu5 <none>
2024-10-11 02:03:54 status unpacked base-files:amd64 11ubuntu5
2024-10-11 02:03:54 status half-configured base-files:amd64 11ubuntu5
2024-10-11 02:03:54 status installed base-files:amd64 11ubuntu5
2024-10-11 02:03:54 startup packages configure
2024-10-11 02:03:57 startup archives unpack
2024-10-11 02:03:57 upgrade base-passwd:amd64 3.5.47 3.5.47
2024-10-11 02:03:57 status half-configured base-passwd:amd64 3.5.47
2024-10-11 02:03:57 status unpacked base-passwd:amd64 3.5.47
2024-10-11 02:03:57 status half-installed base-passwd:amd64 3.5.47
2024-10-11 02:03:57 status unpacked base-passwd:amd64 3.5.47
2024-10-11 02:03:57 startup packages configure
2024-10-11 02:03:57 configure base-passwd:amd64 3.5.47 <none>
2024-10-11 02:03:57 status unpacked base-passwd:amd64 3.5.47
2024-10-11 02:03:57 status half-configured base-passwd:amd64 3.5.47
2024-10-11 02:03:57 status installed base-passwd:amd64 3.5.47
2024-10-11 02:03:58 startup packages configure
2024-10-11 02:04:00 startup archives unpack
2024-10-11 02:04:00 upgrade bash:amd64 5.0-6ubuntu1 5.0-6ubuntu1
2024-10-11 02:04:00 status half-configured bash:amd64 5.0-6ubuntu1
2024-10-11 02:04:01 status unpacked bash:amd64 5.0-6ubuntu1
2024-10-11 02:04:01 status half-installed bash:amd64 5.0-6ubuntu1
2024-10-11 02:04:01 status unpacked bash:amd64 5.0-6ubuntu1
2024-10-11 02:04:01 startup packages configure
2024-10-11 02:04:01 configure bash:amd64 5.0-6ubuntu1 <none>
2024-10-11 02:04:01 status unpacked bash:amd64 5.0-6ubuntu1
2024-10-11 02:04:01 status half-configured bash:amd64 5.0-6ubuntu1
2024-10-11 02:04:01 status installed bash:amd64 5.0-6ubuntu1
2024-10-11 02:04:01 startup packages configure
2024-10-11 02:04:04 startup archives unpack
2024-10-11 02:04:04 upgrade bsdutils:amd64 1:2.34-0.1ubuntu9 1:2.34-0.1ubuntu9
2024-10-11 02:04:04 status half-configured bsdutils:amd64 1:2.34-0.1ubuntu9
2024-10-11 02:04:04 status unpacked bsdutils:amd64 1:2.34-0.1ubuntu9
2024-10-11 02:04:04 status half-installed bsdutils:amd64 1:2.34-0.1ubuntu9
2024-10-11 02:04:04 status unpacked bsdutils:amd64 1:2.34-0.1ubuntu9
2024-10-11 02:04:04 startup packages configure
2024-10-11 02:04:04 configure bsdutils:amd64 1:2.34-0.1ubuntu9 <none>
2024-10-11 02:04:04 status unpacked bsdutils:amd64 1:2.34-0.1ubuntu9
2024-10-11 02:04:04 status half-configured bsdutils:amd64 1:2.34-0.1ubuntu9
2024-10-11 02:04:04 status installed bsdutils:amd64 1:2.34-0.1ubuntu9
2024-10-11 02:04:05 startup packages configure
2024-10-11 02:04:07 startup archives unpack
2024-10-11 02:04:07 upgrade bzip2:amd64 1.0.8-2 1.0.8-2
2024-10-11 02:04:07 status half-configured bzip2:amd64 1.0.8-2
2024-10-11 02:04:07 status unpacked bzip2:amd64 1.0.8-2
2024-10-11 02:04:07 status half-installed bzip2:amd64 1.0.8-2
2024-10-11 02:04:07 status unpacked bzip2:amd64 1.0.8-2
2024-10-11 02:04:08 startup packages configure
2024-10-11 02:04:08 configure bzip2:amd64 1.0.8-2 <none>
2024-10-11 02:04:08 status unpacked bzip2:amd64 1.0.8-2
2024-10-11 02:04:08 status half-configured bzip2:amd64 1.0.8-2
2024-10-11 02:04:08 status installed bzip2:amd64 1.0.8-2
2024-10-11 02:04:11 startup archives unpack
2024-10-11 02:04:11 upgrade coreutils:amd64 8.30-3ubuntu2 8.30-3ubuntu2
2024-10-11 02:04:11 status half-configured coreutils:amd64 8.30-3ubuntu2
2024-10-11 02:04:11 status unpacked coreutils:amd64 8.30-3ubuntu2
2024-10-11 02:04:11 status half-installed coreutils:amd64 8.30-3ubuntu2
2024-10-11 02:04:11 status unpacked coreutils:amd64 8.30-3ubuntu2
2024-10-11 02:04:11 startup packages configure
2024-10-11 02:04:11 configure coreutils:amd64 8.30-3ubuntu2 <none>
2024-10-11 02:04:11 status unpacked coreutils:amd64 8.30-3ubuntu2
2024-10-11 02:04:11 status half-configured coreutils:amd64 8.30-3ubuntu2
2024-10-11 02:04:11 status installed coreutils:amd64 8.30-3ubuntu2
2024-10-11 02:04:11 startup packages configure
2024-10-11 02:04:14 startup archives unpack
2024-10-11 02:04:14 upgrade dash:amd64 0.5.10.2-6 0.5.10.2-6
2024-10-11 02:04:14 status half-configured dash:amd64 0.5.10.2-6
2024-10-11 02:04:14 status unpacked dash:amd64 0.5.10.2-6
2024-10-11 02:04:14 status half-installed dash:amd64 0.5.10.2-6
2024-10-11 02:04:14 status unpacked dash:amd64 0.5.10.2-6
2024-10-11 02:04:14 startup packages configure
2024-10-11 02:04:14 configure dash:amd64 0.5.10.2-6 <none>
2024-10-11 02:04:14 status unpacked dash:amd64 0.5.10.2-6
2024-10-11 02:04:14 status half-configured dash:amd64 0.5.10.2-6
2024-10-11 02:04:14 status installed dash:amd64 0.5.10.2-6
2024-10-11 02:04:15 startup packages configure
2024-10-11 02:04:18 startup archives unpack
2024-10-11 02:04:18 upgrade debconf:all 1.5.73 1.5.73
2024-10-11 02:04:18 status half-configured debconf:all 1.5.73
2024-10-11 02:04:18 status unpacked debconf:all 1.5.73
2024-10-11 02:04:18 status half-installed debconf:all 1.5.73
2024-10-11 02:04:18 status unpacked debconf:all 1.5.73
2024-10-11 02:04:18 startup packages configure
2024-10-11 02:04:18 configure debconf:all 1.5.73 <none>
2024-10-11 02:04:18 status unpacked debconf:all 1.5.73
2024-10-11 02:04:18 status half-configured debconf:all 1.5.73
2024-10-11 02:04:18 status installed debconf:all 1.5.73
2024-10-11 02:04:18 startup packages configure
2024-10-11 02:04:21 startup archives unpack
2024-10-11 02:04:21 upgrade debianutils:amd64 4.9.1 4.9.1
2024-10-11 02:04:21 status half-configured debianutils:amd64 4.9.1
2024-10-11 02:04:21 status unpacked debianutils:amd64 4.9.1
2024-10-11 02:04:21 status half-installed debianutils:amd64 4.9.1
2024-10-11 02:04:21 status unpacked debianutils:amd64 4.9.1
2024-10-11 02:04:21 startup packages configure
2024-10-11 02:04:21 configure debianutils:amd64 4.9.1 <none>
2024-10-11 02:04:21 status unpacked debianutils:amd64 4.9.1
2024-10-11 02:04:21 status half-configured debianutils:amd64 4.9.1
2024-10-11 02:04:21 status installed debianutils:amd64 4.9.1
2024-10-11 02:04:22 startup packages configure
2024-10-11 02:04:25 startup archives unpack
2024-10-11 02:04:25 upgrade diffutils:amd64 1:3.7-3 1:3.7-3
2024-10-11 02:04:25 status half-configured diffutils:amd64 1:3.7-3
2024-10-11 02:04:25 status unpacked diffutils:amd64 1:3.7-3
2024-10-11 02:04:25 status half-installed diffutils:amd64 1:3.7-3
2024-10-11 02:04:25 status unpacked diffutils:amd64 1:3.7-3
2024-10-11 02:04:25 startup packages configure
2024-10-11 02:04:25 configure diffutils:amd64 1:3.7-3 <none>
2024-10-11 02:04:25 status unpacked diffutils:amd64 1:3.7-3
2024-10-11 02:04:25 status half-configured diffutils:amd64 1:3.7-3
2024-10-11 02:04:25 status installed diffutils:amd64 1:3.7-3
2024-10-11 02:04:25 startup packages configure
2024-10-11 02:04:28 startup archives unpack
2024-10-11 02:04:28 upgrade dpkg:amd64 1.19.7ubuntu3 1.19.7ubuntu3
2024-10-11 02:04:28 status half-configured dpkg:amd64 1.19.7ubuntu3
2024-10-11 02:04:28 status unpacked dpkg:amd64 1.19.7ubuntu3
2024-10-11 02:04:28 status half-installed dpkg:amd64 1.19.7ubuntu3
2024-10-11 02:04:28 status unpacked dpkg:amd64 1.19.7ubuntu3
2024-10-11 02:04:28 startup packages configure
2024-10-11 02:04:28 configure dpkg:amd64 1.19.7ubuntu3 <none>
2024-10-11 02:04:28 status unpacked dpkg:amd64 1.19.7ubuntu3
2024-10-11 02:04:28 status half-configured dpkg:amd64 1.19.7ubuntu3
2024-10-11 02:04:28 status installed dpkg:amd64 1.19.7ubuntu3
2024-10-11 02:04:29 startup packages configure
2024-10-11 02:04:32 startup archives unpack
2024-10-11 02:04:32 upgrade e2fsprogs:amd64 1.45.5-2ubuntu1 1.45.5-2ubuntu1
2024-10-11 02:04:32 status half-configured e2fsprogs:amd64 1.45.5-2ubuntu1
2024-10-11 02:04:32 status unpacked e2fsprogs:amd64 1.45.5-2ubuntu1
2024-10-11 02:04:32 status half-installed e2fsprogs:amd64 1.45.5-2ubuntu1
2024-10-11 02:04:32 status unpacked e2fsprogs:amd64 1.45.5-2ubuntu1
2024-10-11 02:04:32 startup packages configure
2024-10-11 02:04:32 configure e2fsprogs:amd64 1.45.5-2ubuntu1 <none>
2024-10-11 02:04:32 status unpacked e2fsprogs:amd64 1.45.5-2ubuntu1
2024-10-11 02:04:32 status half-configured e2fsprogs:amd64 1.45.5-2ubuntu1
2024-10-11 02:04:32 status installed e2fsprogs:amd64 1.45.5-2ubuntu1
2024-10-11 02:04:35 startup archives unpack
2024-10-11 02:04:35 upgrade fdisk:amd64 2.34-0.1ubuntu9 2.34-0.1ubuntu9
2024-10-11 02:04:35 status half-configured fdisk:amd64 2.34-0.1ubuntu9
2024-10-11 02:04:35 status unpacked fdisk:amd64 2.34-0.1ubuntu9
2024-10-11 02:04:35 status half-installed fdisk:amd64 2.34-0.1ubuntu9
2024-10-11 02:04:35 status unpacked fdisk:amd64 2.34-0.1ubuntu9
2024-10-11 02:04:35 startup packages configure
2024-10-11 02:04:35 configure fdisk:amd64 2.34-0.1ubuntu9 <none>
2024-10-11 02:04:35 status unpacked fdisk:amd64 2.34-0.1ubuntu9
2024-10-11 02:04:35 status half-configured fdisk:amd64 2.34-0.1ubuntu9
2024-10-11 02:04:35 status installed fdisk:amd64 2.34-0.1ubuntu9
2024-10-11 02:04:38 startup archives unpack
2024-10-11 02:04:38 upgrade findutils:amd64 4.7.0-1ubuntu1 4.7.0-1ubuntu1
2024-10-11 02:04:38 status half-configured findutils:amd64 4.7.0-1ubuntu1
2024-10-11 02:04:38 status unpacked findutils:amd64 4.7.0-1ubuntu1
2024-10-11 02:04:38 status half-installed findutils:amd64 4.7.0-1ubuntu1
2024-10-11 02:04:38 status unpacked findutils:amd64 4.7.0-1ubuntu1
2024-10-11 02:04:39 startup packages configure
2024-10-11 02:04:39 configure findutils:amd64 4.7.0-1ubuntu1 <none>
2024-10-11 02:04:39 status unpacked findutils:amd64 4.7.0-1ubuntu1
2024-10-11 02:04:39 status half-configured findutils:amd64 4.7.0-1ubuntu1
2024-10-11 02:04:39 status installed findutils:amd64 4.7.0-1ubuntu1
2024-10-11 02:04:39 startup packages configure
2024-10-11 02:04:42 startup archives unpack
2024-10-11 02:04:42 upgrade gcc-10-base:amd64 10-20200411-0ubuntu1 10-20200411-0ubuntu1
2024-10-11 02:04:42 status half-configured gcc-10-base:amd64 10-20200411-0ubuntu1
2024-10-11 02:04:42 status unpacked gcc-10-base:amd64 10-20200411-0ubuntu1
2024-10-11 02:04:42 status half-installed gcc-10-base:amd64 10-20200411-0ubuntu1
2024-10-11 02:04:42 status unpacked gcc-10-base:amd64 10-20200411-0ubuntu1
2024-10-11 02:04:42 startup packages configure
2024-10-11 02:04:42 configure gcc-10-base:amd64 10-20200411-0ubuntu1 <none>
2024-10-11 02:04:42 status unpacked gcc-10-base:amd64 10-20200411-0ubuntu1
2024-10-11 02:04:42 status half-configured gcc-10-base:amd64 10-20200411-0ubuntu1
2024-10-11 02:04:42 status installed gcc-10-base:amd64 10-20200411-0ubuntu1
2024-10-11 02:04:42 startup packages configure
2024-10-11 02:04:45 startup archives unpack
2024-10-11 02:04:45 upgrade gpgv:amd64 2.2.19-3ubuntu2 2.2.19-3ubuntu2
2024-10-11 02:04:45 status half-configured gpgv:amd64 2.2.19-3ubuntu2
2024-10-11 02:04:45 status unpacked gpgv:amd64 2.2.19-3ubuntu2
2024-10-11 02:04:45 status half-installed gpgv:amd64 2.2.19-3ubuntu2
2024-10-11 02:04:45 status unpacked gpgv:amd64 2.2.19-3ubuntu2
2024-10-11 02:04:45 startup packages configure
2024-10-11 02:04:45 configure gpgv:amd64 2.2.19-3ubuntu2 <none>
2024-10-11 02:04:45 status unpacked gpgv:amd64 2.2.19-3ubuntu2
2024-10-11 02:04:45 status half-configured gpgv:amd64 2.2.19-3ubuntu2
2024-10-11 02:04:45 status installed gpgv:amd64 2.2.19-3ubuntu2
2024-10-11 02:04:46 startup packages configure
2024-10-11 02:04:49 startup archives unpack
2024-10-11 02:04:49 upgrade grep:amd64 3.4-1 3.4-1
2024-10-11 02:04:49 status half-configured grep:amd64 3.4-1
2024-10-11 02:04:49 status unpacked grep:amd64 3.4-1
2024-10-11 02:04:49 status half-installed grep:amd64 3.4-1
2024-10-11 02:04:49 status unpacked grep:amd64 3.4-1
2024-10-11 02:04:49 startup packages configure
2024-10-11 02:04:49 configure grep:amd64 3.4-1 <none>
2024-10-11 02:04:49 status unpacked grep:amd64 3.4-1
2024-10-11 02:04:49 status half-configured grep:amd64 3.4-1
2024-10-11 02:04:49 status installed grep:amd64 3.4-1
2024-10-11 02:04:49 startup packages configure
2024-10-11 02:04:52 startup archives unpack
2024-10-11 02:04:52 upgrade gzip:amd64 1.10-0ubuntu4 1.10-0ubuntu4
2024-10-11 02:04:52 status half-configured gzip:amd64 1.10-0ubuntu4
2024-10-11 02:04:52 status unpacked gzip:amd64 1.10-0ubuntu4
2024-10-11 02:04:52 status half-installed gzip:amd64 1.10-0ubuntu4
2024-10-11 02:04:52 status unpacked gzip:amd64 1.10-0ubuntu4
2024-10-11 02:04:52 startup packages configure
2024-10-11 02:04:52 configure gzip:amd64 1.10-0ubuntu4 <none>
2024-10-11 02:04:52 status unpacked gzip:amd64 1.10-0ubuntu4
2024-10-11 02:04:52 status half-configured gzip:amd64 1.10-0ubuntu4
2024-10-11 02:04:52 status installed gzip:amd64 1.10-0ubuntu4
2024-10-11 02:04:53 startup packages configure
2024-10-11 02:04:55 startup archives unpack
2024-10-11 02:04:55 upgrade hostname:amd64 3.23 3.23
2024-10-11 02:04:55 status half-configured hostname:amd64 3.23
2024-10-11 02:04:55 status unpacked hostname:amd64 3.23
2024-10-11 02:04:55 status half-installed hostname:amd64 3.23
2024-10-11 02:04:56 status unpacked hostname:amd64 3.23
2024-10-11 02:04:56 startup packages configure
2024-10-11 02:04:56 configure hostname:amd64 3.23 <none>
2024-10-11 02:04:56 status unpacked hostname:amd64 3.23
2024-10-11 02:04:56 status half-configured hostname:amd64 3.23
2024-10-11 02:04:56 status installed hostname:amd64 3.23
2024-10-11 02:04:56 startup packages configure
2024-10-11 02:04:59 startup archives unpack
2024-10-11 02:04:59 upgrade init-system-helpers:all 1.57 1.57
2024-10-11 02:04:59 status half-configured init-system-helpers:all 1.57
2024-10-11 02:04:59 status unpacked init-system-helpers:all 1.57
2024-10-11 02:04:59 status half-installed init-system-helpers:all 1.57
2024-10-11 02:04:59 status unpacked init-system-helpers:all 1.57
2024-10-11 02:04:59 startup packages configure
2024-10-11 02:04:59 configure init-system-helpers:all 1.57 <none>
2024-10-11 02:04:59 status unpacked init-system-helpers:all 1.57
2024-10-11 02:04:59 status half-configured init-system-helpers:all 1.57
2024-10-11 02:04:59 status installed init-system-helpers:all 1.57
2024-10-11 02:05:00 startup packages configure
2024-10-11 02:05:02 startup archives unpack
2024-10-11 02:05:02 upgrade libacl1:amd64 2.2.53-6 2.2.53-6
2024-10-11 02:05:02 status triggers-pending libc-bin:amd64 2.31-0ubuntu9
2024-10-11 02:05:02 status half-configured libacl1:amd64 2.2.53-6
2024-10-11 02:05:02 status unpacked libacl1:amd64 2.2.53-6
2024-10-11 02:05:02 status half-installed libacl1:amd64 2.2.53-6
2024-10-11 02:05:02 status unpacked libacl1:amd64 2.2.53-6
2024-10-11 02:05:03 startup packages configure
2024-10-11 02:05:03 configure libacl1:amd64 2.2.53-6 <none>
2024-10-11 02:05:03 status unpacked libacl1:amd64 2.2.53-6
2024-10-11 02:05:03 status half-configured libacl1:amd64 2.2.53-6
2024-10-11 02:05:03 status installed libacl1:amd64 2.2.53-6
2024-10-11 02:05:03 startup packages configure
2024-10-11 02:05:03 trigproc libc-bin:amd64 2.31-0ubuntu9 <none>
2024-10-11 02:05:03 status half-configured libc-bin:amd64 2.31-0ubuntu9
2024-10-11 02:05:03 status installed libc-bin:amd64 2.31-0ubuntu9
2024-10-11 02:05:06 startup archives unpack
2024-10-11 02:05:06 upgrade libapt-pkg6.0:amd64 2.0.2 2.0.2
2024-10-11 02:05:06 status triggers-pending libc-bin:amd64 2.31-0ubuntu9
2024-10-11 02:05:06 status half-configured libapt-pkg6.0:amd64 2.0.2
2024-10-11 02:05:06 status unpacked libapt-pkg6.0:amd64 2.0.2
2024-10-11 02:05:06 status half-installed libapt-pkg6.0:amd64 2.0.2
2024-10-11 02:05:06 status unpacked libapt-pkg6.0:amd64 2.0.2
2024-10-11 02:05:06 startup packages configure
2024-10-11 02:05:06 configure libapt-pkg6.0:amd64 2.0.2 <none>
2024-10-11 02:05:06 status unpacked libapt-pkg6.0:amd64 2.0.2
2024-10-11 02:05:06 status half-configured libapt-pkg6.0:amd64 2.0.2
2024-10-11 02:05:06 status installed libapt-pkg6.0:amd64 2.0.2
2024-10-11 02:05:07 startup packages configure
2024-10-11 02:05:07 trigproc libc-bin:amd64 2.31-0ubuntu9 <none>
2024-10-11 02:05:07 status half-configured libc-bin:amd64 2.31-0ubuntu9
2024-10-11 02:05:07 status installed libc-bin:amd64 2.31-0ubuntu9
2024-10-11 02:05:09 startup archives unpack
2024-10-11 02:05:09 upgrade libattr1:amd64 1:2.4.48-5 1:2.4.48-5
2024-10-11 02:05:09 status triggers-pending libc-bin:amd64 2.31-0ubuntu9
2024-10-11 02:05:09 status half-configured libattr1:amd64 1:2.4.48-5
2024-10-11 02:05:09 status unpacked libattr1:amd64 1:2.4.48-5
2024-10-11 02:05:09 status half-installed libattr1:amd64 1:2.4.48-5
2024-10-11 02:05:09 status unpacked libattr1:amd64 1:2.4.48-5
2024-10-11 02:05:10 startup packages configure
2024-10-11 02:05:10 configure libattr1:amd64 1:2.4.48-5 <none>
2024-10-11 02:05:10 status unpacked libattr1:amd64 1:2.4.48-5
2024-10-11 02:05:10 status half-configured libattr1:amd64 1:2.4.48-5
2024-10-11 02:05:10 status installed libattr1:amd64 1:2.4.48-5
2024-10-11 02:05:10 startup packages configure
2024-10-11 02:05:10 trigproc libc-bin:amd64 2.31-0ubuntu9 <none>
2024-10-11 02:05:10 status half-configured libc-bin:amd64 2.31-0ubuntu9
2024-10-11 02:05:10 status installed libc-bin:amd64 2.31-0ubuntu9
2024-10-11 02:05:13 startup archives unpack
2024-10-11 02:05:13 upgrade libaudit-common:all 1:2.8.5-2ubuntu6 1:2.8.5-2ubuntu6
2024-10-11 02:05:13 status half-configured libaudit-common:all 1:2.8.5-2ubuntu6
2024-10-11 02:05:13 status unpacked libaudit-common:all 1:2.8.5-2ubuntu6
2024-10-11 02:05:13 status half-installed libaudit-common:all 1:2.8.5-2ubuntu6
2024-10-11 02:05:13 status unpacked libaudit-common:all 1:2.8.5-2ubuntu6
2024-10-11 02:05:13 startup packages configure
2024-10-11 02:05:13 configure libaudit-common:all 1:2.8.5-2ubuntu6 <none>
2024-10-11 02:05:13 status unpacked libaudit-common:all 1:2.8.5-2ubuntu6
2024-10-11 02:05:13 status half-configured libaudit-common:all 1:2.8.5-2ubuntu6
2024-10-11 02:05:13 status installed libaudit-common:all 1:2.8.5-2ubuntu6
2024-10-11 02:05:13 startup packages configure
2024-10-11 02:05:16 startup archives unpack
2024-10-11 02:05:16 upgrade libaudit1:amd64 1:2.8.5-2ubuntu6 1:2.8.5-2ubuntu6
2024-10-11 02:05:16 status triggers-pending libc-bin:amd64 2.31-0ubuntu9
2024-10-11 02:05:16 status half-configured libaudit1:amd64 1:2.8.5-2ubuntu6
2024-10-11 02:05:16 status unpacked libaudit1:amd64 1:2.8.5-2ubuntu6
2024-10-11 02:05:16 status half-installed libaudit1:amd64 1:2.8.5-2ubuntu6
2024-10-11 02:05:16 status unpacked libaudit1:amd64 1:2.8.5-2ubuntu6
2024-10-11 02:05:17 startup packages configure
2024-10-11 02:05:17 configure libaudit1:amd64 1:2.8.5-2ubuntu6 <none>
2024-10-11 02:05:17 status unpacked libaudit1:amd64 1:2.8.5-2ubuntu6
2024-10-11 02:05:17 status half-configured libaudit1:amd64 1:2.8.5-2ubuntu6
2024-10-11 02:05:17 status installed libaudit1:amd64 1:2.8.5-2ubuntu6
2024-10-11 02:05:17 startup packages configure
2024-10-11 02:05:17 trigproc libc-bin:amd64 2.31-0ubuntu9 <none>
2024-10-11 02:05:17 status half-configured libc-bin:amd64 2.31-0ubuntu9
2024-10-11 02:05:17 status installed libc-bin:amd64 2.31-0ubuntu9
2024-10-11 02:05:20 startup archives unpack
2024-10-11 02:05:20 upgrade libblkid1:amd64 2.34-0.1ubuntu9 2.34-0.1ubuntu9
2024-10-11 02:05:20 status triggers-pending libc-bin:amd64 2.31-0ubuntu9
2024-10-11 02:05:20 status half-configured libblkid1:amd64 2.34-0.1ubuntu9
2024-10-11 02:05:20 status unpacked libblkid1:amd64 2.34-0.1ubuntu9
2024-10-11 02:05:20 status half-installed libblkid1:amd64 2.34-0.1ubuntu9
2024-10-11 02:05:20 status unpacked libblkid1:amd64 2.34-0.1ubuntu9
2024-10-11 02:05:20 startup packages configure
2024-10-11 02:05:20 configure libblkid1:amd64 2.34-0.1ubuntu9 <none>
2024-10-11 02:05:20 status unpacked libblkid1:amd64 2.34-0.1ubuntu9
2024-10-11 02:05:20 status half-configured libblkid1:amd64 2.34-0.1ubuntu9
2024-10-11 02:05:20 status installed libblkid1:amd64 2.34-0.1ubuntu9
2024-10-11 02:05:20 startup packages configure
2024-10-11 02:05:20 trigproc libc-bin:amd64 2.31-0ubuntu9 <none>
2024-10-11 02:05:20 status half-configured libc-bin:amd64 2.31-0ubuntu9
2024-10-11 02:05:20 status installed libc-bin:amd64 2.31-0ubuntu9
2024-10-11 02:05:23 startup archives unpack
2024-10-11 02:05:23 upgrade libbz2-1.0:amd64 1.0.8-2 1.0.8-2
2024-10-11 02:05:23 status triggers-pending libc-bin:amd64 2.31-0ubuntu9
2024-10-11 02:05:23 status half-configured libbz2-1.0:amd64 1.0.8-2
2024-10-11 02:05:23 status unpacked libbz2-1.0:amd64 1.0.8-2
2024-10-11 02:05:23 status half-installed libbz2-1.0:amd64 1.0.8-2
2024-10-11 02:05:23 status unpacked libbz2-1.0:amd64 1.0.8-2
2024-10-11 02:05:23 startup packages configure
2024-10-11 02:05:23 configure libbz2-1.0:amd64 1.0.8-2 <none>
2024-10-11 02:05:23 status unpacked libbz2-1.0:amd64 1.0.8-2
2024-10-11 02:05:23 status half-configured libbz2-1.0:amd64 1.0.8-2
2024-10-11 02:05:23 status installed libbz2-1.0:amd64 1.0.8-2
2024-10-11 02:05:24 startup packages configure
2024-10-11 02:05:24 trigproc libc-bin:amd64 2.31-0ubuntu9 <none>
2024-10-11 02:05:24 status half-configured libc-bin:amd64 2.31-0ubuntu9
2024-10-11 02:05:24 status installed libc-bin:amd64 2.31-0ubuntu9
2024-10-11 02:05:27 startup archives unpack
2024-10-11 02:05:27 upgrade libc-bin:amd64 2.31-0ubuntu9 2.31-0ubuntu9
2024-10-11 02:05:27 status half-configured libc-bin:amd64 2.31-0ubuntu9
2024-10-11 02:05:27 status unpacked libc-bin:amd64 2.31-0ubuntu9
2024-10-11 02:05:27 status half-installed libc-bin:amd64 2.31-0ubuntu9
2024-10-11 02:05:27 status unpacked libc-bin:amd64 2.31-0ubuntu9
2024-10-11 02:05:27 startup packages configure
2024-10-11 02:05:27 configure libc-bin:amd64 2.31-0ubuntu9 <none>
2024-10-11 02:05:27 status unpacked libc-bin:amd64 2.31-0ubuntu9
2024-10-11 02:05:27 status half-configured libc-bin:amd64 2.31-0ubuntu9
2024-10-11 02:05:27 status installed libc-bin:amd64 2.31-0ubuntu9
2024-10-11 02:05:27 startup packages configure
2024-10-11 02:05:30 startup archives unpack
2024-10-11 02:05:30 upgrade libc6:amd64 2.31-0ubuntu9 2.31-0ubuntu9
2024-10-11 02:05:30 status triggers-pending libc-bin:amd64 2.31-0ubuntu9
2024-10-11 02:05:30 status half-configured libc6:amd64 2.31-0ubuntu9
2024-10-11 02:05:30 status unpacked libc6:amd64 2.31-0ubuntu9
2024-10-11 02:05:30 status half-installed libc6:amd64 2.31-0ubuntu9
2024-10-11 02:05:31 status unpacked libc6:amd64 2.31-0ubuntu9
2024-10-11 02:05:31 startup packages configure
2024-10-11 02:05:31 configure libc6:amd64 2.31-0ubuntu9 <none>
2024-10-11 02:05:31 status unpacked libc6:amd64 2.31-0ubuntu9
2024-10-11 02:05:31 status half-configured libc6:amd64 2.31-0ubuntu9
2024-10-11 02:05:32 status installed libc6:amd64 2.31-0ubuntu9
2024-10-11 02:05:33 startup packages configure
2024-10-11 02:05:33 trigproc libc-bin:amd64 2.31-0ubuntu9 <none>
2024-10-11 02:05:33 status half-configured libc-bin:amd64 2.31-0ubuntu9
2024-10-11 02:05:33 status installed libc-bin:amd64 2.31-0ubuntu9
2024-10-11 02:05:36 startup archives unpack
2024-10-11 02:05:36 upgrade libcap-ng0:amd64 0.7.9-2.1build1 0.7.9-2.1build1
2024-10-11 02:05:36 status triggers-pending libc-bin:amd64 2.31-0ubuntu9
2024-10-11 02:05:36 status half-configured libcap-ng0:amd64 0.7.9-2.1build1
2024-10-11 02:05:36 status unpacked libcap-ng0:amd64 0.7.9-2.1build1
2024-10-11 02:05:36 status half-installed libcap-ng0:amd64 0.7.9-2.1build1
2024-10-11 02:05:36 status unpacked libcap-ng0:amd64 0.7.9-2.1build1
2024-10-11 02:05:36 startup packages configure
2024-10-11 02:05:36 configure libcap-ng0:amd64 0.7.9-2.1build1 <none>
2024-10-11 02:05:36 status unpacked libcap-ng0:amd64 0.7.9-2.1build1
2024-10-11 02:05:36 status half-configured libcap-ng0:amd64 0.7.9-2.1build1
2024-10-11 02:05:36 status installed libcap-ng0:amd64 0.7.9-2.1build1
2024-10-11 02:05:36 startup packages configure
2024-10-11 02:05:36 trigproc libc-bin:amd64 2.31-0ubuntu9 <none>
2024-10-11 02:05:36 status half-configured libc-bin:amd64 2.31-0ubuntu9
2024-10-11 02:05:36 status installed libc-bin:amd64 2.31-0ubuntu9
2024-10-11 02:05:39 startup archives unpack
2024-10-11 02:05:39 upgrade libcom-err2:amd64 1.45.5-2ubuntu1 1.45.5-2ubuntu1
2024-10-11 02:05:39 status triggers-pending libc-bin:amd64 2.31-0ubuntu9
2024-10-11 02:05:39 status half-configured libcom-err2:amd64 1.45.5-2ubuntu1
2024-10-11 02:05:39 status unpacked libcom-err2:amd64 1.45.5-2ubuntu1
2024-10-11 02:05:39 status half-installed libcom-err2:amd64 1.45.5-2ubuntu1
2024-10-11 02:05:39 status unpacked libcom-err2:amd64 1.45.5-2ubuntu1
2024-10-11 02:05:39 startup packages configure
2024-10-11 02:05:39 configure libcom-err2:amd64 1.45.5-2ubuntu1 <none>
2024-10-11 02:05:39 status unpacked libcom-err2:amd64 1.45.5-2ubuntu1
2024-10-11 02:05:39 status half-configured libcom-err2:amd64 1.45.5-2ubuntu1
2024-10-11 02:05:39 status installed libcom-err2:amd64 1.45.5-2ubuntu1
2024-10-11 02:05:39 trigproc libc-bin:amd64 2.31-0ubuntu9 <none>
2024-10-11 02:05:39 status half-configured libc-bin:amd64 2.31-0ubuntu9
2024-10-11 02:05:39 status installed libc-bin:amd64 2.31-0ubuntu9
2024-10-11 02:05:42 startup archives unpack
2024-10-11 02:05:42 upgrade libcrypt1:amd64 1:4.4.10-10ubuntu4 1:4.4.10-10ubuntu4
2024-10-11 02:05:42 status triggers-pending libc-bin:amd64 2.31-0ubuntu9
2024-10-11 02:05:42 status half-configured libcrypt1:amd64 1:4.4.10-10ubuntu4
2024-10-11 02:05:42 status unpacked libcrypt1:amd64 1:4.4.10-10ubuntu4
2024-10-11 02:05:42 status half-installed libcrypt1:amd64 1:4.4.10-10ubuntu4
2024-10-11 02:05:42 status unpacked libcrypt1:amd64 1:4.4.10-10ubuntu4
2024-10-11 02:05:43 startup packages configure
2024-10-11 02:05:43 configure libcrypt1:amd64 1:4.4.10-10ubuntu4 <none>
2024-10-11 02:05:43 status unpacked libcrypt1:amd64 1:4.4.10-10ubuntu4
2024-10-11 02:05:43 status half-configured libcrypt1:amd64 1:4.4.10-10ubuntu4
2024-10-11 02:05:43 status installed libcrypt1:amd64 1:4.4.10-10ubuntu4
2024-10-11 02:05:43 startup packages configure
2024-10-11 02:05:43 trigproc libc-bin:amd64 2.31-0ubuntu9 <none>
2024-10-11 02:05:43 status half-configured libc-bin:amd64 2.31-0ubuntu9
2024-10-11 02:05:43 status installed libc-bin:amd64 2.31-0ubuntu9
2024-10-11 02:05:46 startup archives unpack
2024-10-11 02:05:46 upgrade libdb5.3:amd64 5.3.28+dfsg1-0.6ubuntu2 5.3.28+dfsg1-0.6ubuntu2
2024-10-11 02:05:46 status triggers-pending libc-bin:amd64 2.31-0ubuntu9
2024-10-11 02:05:46 status half-configured libdb5.3:amd64 5.3.28+dfsg1-0.6ubuntu2
2024-10-11 02:05:46 status unpacked libdb5.3:amd64 5.3.28+dfsg1-0.6ubuntu2
2024-10-11 02:05:46 status half-installed libdb5.3:amd64 5.3.28+dfsg1-0.6ubuntu2
2024-10-11 02:05:46 status unpacked libdb5.3:amd64 5.3.28+dfsg1-0.6ubuntu2
2024-10-11 02:05:46 startup packages configure
2024-10-11 02:05:46 configure libdb5.3:amd64 5.3.28+dfsg1-0.6ubuntu2 <none>
2024-10-11 02:05:46 status unpacked libdb5.3:amd64 5.3.28+dfsg1-0.6ubuntu2
2024-10-11 02:05:46 status half-configured libdb5.3:amd64 5.3.28+dfsg1-0.6ubuntu2
2024-10-11 02:05:46 status installed libdb5.3:amd64 5.3.28+dfsg1-0.6ubuntu2
2024-10-11 02:05:46 startup packages configure
2024-10-11 02:05:46 trigproc libc-bin:amd64 2.31-0ubuntu9 <none>
2024-10-11 02:05:46 status half-configured libc-bin:amd64 2.31-0ubuntu9
2024-10-11 02:05:46 status installed libc-bin:amd64 2.31-0ubuntu9
2024-10-11 02:05:49 startup archives unpack
2024-10-11 02:05:49 upgrade libdebconfclient0:amd64 0.251ubuntu1 0.251ubuntu1
2024-10-11 02:05:49 status triggers-pending libc-bin:amd64 2.31-0ubuntu9
2024-10-11 02:05:49 status half-configured libdebconfclient0:amd64 0.251ubuntu1
2024-10-11 02:05:49 status unpacked libdebconfclient0:amd64 0.251ubuntu1
2024-10-11 02:05:49 status half-installed libdebconfclient0:amd64 0.251ubuntu1
2024-10-11 02:05:49 status unpacked libdebconfclient0:amd64 0.251ubuntu1
2024-10-11 02:05:50 startup packages configure
2024-10-11 02:05:50 configure libdebconfclient0:amd64 0.251ubuntu1 <none>
2024-10-11 02:05:50 status unpacked libdebconfclient0:amd64 0.251ubuntu1
2024-10-11 02:05:50 status half-configured libdebconfclient0:amd64 0.251ubuntu1
2024-10-11 02:05:50 status installed libdebconfclient0:amd64 0.251ubuntu1
2024-10-11 02:05:50 startup packages configure
2024-10-11 02:05:50 trigproc libc-bin:amd64 2.31-0ubuntu9 <none>
2024-10-11 02:05:50 status half-configured libc-bin:amd64 2.31-0ubuntu9
2024-10-11 02:05:50 status installed libc-bin:amd64 2.31-0ubuntu9
2024-10-11 02:05:53 startup archives unpack
2024-10-11 02:05:53 upgrade libext2fs2:amd64 1.45.5-2ubuntu1 1.45.5-2ubuntu1
2024-10-11 02:05:53 status triggers-pending libc-bin:amd64 2.31-0ubuntu9
2024-10-11 02:05:53 status half-configured libext2fs2:amd64 1.45.5-2ubuntu1
2024-10-11 02:05:53 status unpacked libext2fs2:amd64 1.45.5-2ubuntu1
2024-10-11 02:05:53 status half-installed libext2fs2:amd64 1.45.5-2ubuntu1
2024-10-11 02:05:53 status unpacked libext2fs2:amd64 1.45.5-2ubuntu1
2024-10-11 02:05:53 startup packages configure
2024-10-11 02:05:53 configure libext2fs2:amd64 1.45.5-2ubuntu1 <none>
2024-10-11 02:05:53 status unpacked libext2fs2:amd64 1.45.5-2ubuntu1
2024-10-11 02:05:53 status half-configured libext2fs2:amd64 1.45.5-2ubuntu1
2024-10-11 02:05:53 status installed libext2fs2:amd64 1.45.5-2ubuntu1
2024-10-11 02:05:53 trigproc libc-bin:amd64 2.31-0ubuntu9 <none>
2024-10-11 02:05:53 status half-configured libc-bin:amd64 2.31-0ubuntu9
2024-10-11 02:05:53 status installed libc-bin:amd64 2.31-0ubuntu9
2024-10-11 02:05:56 startup archives unpack
2024-10-11 02:05:56 upgrade libfdisk1:amd64 2.34-0.1ubuntu9 2.34-0.1ubuntu9
2024-10-11 02:05:56 status triggers-pending libc-bin:amd64 2.31-0ubuntu9
2024-10-11 02:05:56 status half-configured libfdisk1:amd64 2.34-0.1ubuntu9
2024-10-11 02:05:56 status unpacked libfdisk1:amd64 2.34-0.1ubuntu9
2024-10-11 02:05:56 status half-installed libfdisk1:amd64 2.34-0.1ubuntu9
2024-10-11 02:05:56 status unpacked libfdisk1:amd64 2.34-0.1ubuntu9
2024-10-11 02:05:56 startup packages configure
2024-10-11 02:05:56 configure libfdisk1:amd64 2.34-0.1ubuntu9 <none>
2024-10-11 02:05:56 status unpacked libfdisk1:amd64 2.34-0.1ubuntu9
2024-10-11 02:05:56 status half-configured libfdisk1:amd64 2.34-0.1ubuntu9
2024-10-11 02:05:56 status installed libfdisk1:amd64 2.34-0.1ubuntu9
2024-10-11 02:05:56 trigproc libc-bin:amd64 2.31-0ubuntu9 <none>
2024-10-11 02:05:56 status half-configured libc-bin:amd64 2.31-0ubuntu9
2024-10-11 02:05:56 status installed libc-bin:amd64 2.31-0ubuntu9
2024-10-11 02:05:59 startup archives unpack
2024-10-11 02:05:59 upgrade libffi7:amd64 3.3-4 3.3-4
2024-10-11 02:05:59 status triggers-pending libc-bin:amd64 2.31-0ubuntu9
2024-10-11 02:05:59 status half-configured libffi7:amd64 3.3-4
2024-10-11 02:05:59 status unpacked libffi7:amd64 3.3-4
2024-10-11 02:05:59 status half-installed libffi7:amd64 3.3-4
2024-10-11 02:05:59 status unpacked libffi7:amd64 3.3-4
2024-10-11 02:05:59 startup packages configure
2024-10-11 02:05:59 configure libffi7:amd64 3.3-4 <none>
2024-10-11 02:05:59 status unpacked libffi7:amd64 3.3-4
2024-10-11 02:05:59 status half-configured libffi7:amd64 3.3-4
2024-10-11 02:05:59 status installed libffi7:amd64 3.3-4
2024-10-11 02:06:00 startup packages configure
2024-10-11 02:06:00 trigproc libc-bin:amd64 2.31-0ubuntu9 <none>
2024-10-11 02:06:00 status half-configured libc-bin:amd64 2.31-0ubuntu9
2024-10-11 02:06:00 status installed libc-bin:amd64 2.31-0ubuntu9
2024-10-11 02:06:03 startup archives unpack
2024-10-11 02:06:03 upgrade libgcc-s1:amd64 10-20200411-0ubuntu1 10-20200411-0ubuntu1
2024-10-11 02:06:03 status triggers-pending libc-bin:amd64 2.31-0ubuntu9
2024-10-11 02:06:03 status half-configured libgcc-s1:amd64 10-20200411-0ubuntu1
2024-10-11 02:06:03 status unpacked libgcc-s1:amd64 10-20200411-0ubuntu1
2024-10-11 02:06:03 status half-installed libgcc-s1:amd64 10-20200411-0ubuntu1
2024-10-11 02:06:03 status unpacked libgcc-s1:amd64 10-20200411-0ubuntu1
2024-10-11 02:06:03 startup packages configure
2024-10-11 02:06:03 configure libgcc-s1:amd64 10-20200411-0ubuntu1 <none>
2024-10-11 02:06:03 status unpacked libgcc-s1:amd64 10-20200411-0ubuntu1
2024-10-11 02:06:03 status half-configured libgcc-s1:amd64 10-20200411-0ubuntu1
2024-10-11 02:06:03 status installed libgcc-s1:amd64 10-20200411-0ubuntu1
2024-10-11 02:06:03 startup packages configure
2024-10-11 02:06:03 trigproc libc-bin:amd64 2.31-0ubuntu9 <none>
2024-10-11 02:06:03 status half-configured libc-bin:amd64 2.31-0ubuntu9
2024-10-11 02:06:03 status installed libc-bin:amd64 2.31-0ubuntu9
2024-10-11 02:06:06 startup archives unpack
2024-10-11 02:06:06 upgrade libgcrypt20:amd64 1.8.5-5ubuntu1 1.8.5-5ubuntu1
2024-10-11 02:06:06 status triggers-pending libc-bin:amd64 2.31-0ubuntu9
2024-10-11 02:06:06 status half-configured libgcrypt20:amd64 1.8.5-5ubuntu1
2024-10-11 02:06:06 status unpacked libgcrypt20:amd64 1.8.5-5ubuntu1
2024-10-11 02:06:06 status half-installed libgcrypt20:amd64 1.8.5-5ubuntu1
2024-10-11 02:06:06 status unpacked libgcrypt20:amd64 1.8.5-5ubuntu1
2024-10-11 02:06:06 startup packages configure
2024-10-11 02:06:06 configure libgcrypt20:amd64 1.8.5-5ubuntu1 <none>
2024-10-11 02:06:06 status unpacked libgcrypt20:amd64 1.8.5-5ubuntu1
2024-10-11 02:06:06 status half-configured libgcrypt20:amd64 1.8.5-5ubuntu1
2024-10-11 02:06:06 status installed libgcrypt20:amd64 1.8.5-5ubuntu1
2024-10-11 02:06:07 startup packages configure
2024-10-11 02:06:07 trigproc libc-bin:amd64 2.31-0ubuntu9 <none>
2024-10-11 02:06:07 status half-configured libc-bin:amd64 2.31-0ubuntu9
2024-10-11 02:06:07 status installed libc-bin:amd64 2.31-0ubuntu9
2024-10-11 02:06:10 startup archives unpack
2024-10-11 02:06:10 upgrade libgmp10:amd64 2:6.2.0+dfsg-4 2:6.2.0+dfsg-4
2024-10-11 02:06:10 status triggers-pending libc-bin:amd64 2.31-0ubuntu9
2024-10-11 02:06:10 status half-configured libgmp10:amd64 2:6.2.0+dfsg-4
2024-10-11 02:06:10 status unpacked libgmp10:amd64 2:6.2.0+dfsg-4
2024-10-11 02:06:10 status half-installed libgmp10:amd64 2:6.2.0+dfsg-4
2024-10-11 02:06:10 status unpacked libgmp10:amd64 2:6.2.0+dfsg-4
2024-10-11 02:06:10 startup packages configure
2024-10-11 02:06:10 configure libgmp10:amd64 2:6.2.0+dfsg-4 <none>
2024-10-11 02:06:10 status unpacked libgmp10:amd64 2:6.2.0+dfsg-4
2024-10-11 02:06:10 status half-configured libgmp10:amd64 2:6.2.0+dfsg-4
2024-10-11 02:06:10 status installed libgmp10:amd64 2:6.2.0+dfsg-4
2024-10-11 02:06:10 startup packages configure
2024-10-11 02:06:10 trigproc libc-bin:amd64 2.31-0ubuntu9 <none>
2024-10-11 02:06:10 status half-configured libc-bin:amd64 2.31-0ubuntu9
2024-10-11 02:06:10 status installed libc-bin:amd64 2.31-0ubuntu9
2024-10-11 02:06:13 startup archives unpack
2024-10-11 02:06:13 upgrade libgnutls30:amd64 3.6.13-2ubuntu1 3.6.13-2ubuntu1
2024-10-11 02:06:13 status triggers-pending libc-bin:amd64 2.31-0ubuntu9
2024-10-11 02:06:13 status half-configured libgnutls30:amd64 3.6.13-2ubuntu1
2024-10-11 02:06:13 status unpacked libgnutls30:amd64 3.6.13-2ubuntu1
2024-10-11 02:06:13 status half-installed libgnutls30:amd64 3.6.13-2ubuntu1
2024-10-11 02:06:13 status unpacked libgnutls30:amd64 3.6.13-2ubuntu1
2024-10-11 02:06:13 startup packages configure
2024-10-11 02:06:13 configure libgnutls30:amd64 3.6.13-2ubuntu1 <none>
2024-10-11 02:06:13 status unpacked libgnutls30:amd64 3.6.13-2ubuntu1
2024-10-11 02:06:13 status half-configured libgnutls30:amd64 3.6.13-2ubuntu1
2024-10-11 02:06:13 status installed libgnutls30:amd64 3.6.13-2ubuntu1
2024-10-11 02:06:14 startup packages configure
2024-10-11 02:06:14 trigproc libc-bin:amd64 2.31-0ubuntu9 <none>
2024-10-11 02:06:14 status half-configured libc-bin:amd64 2.31-0ubuntu9
2024-10-11 02:06:14 status installed libc-bin:amd64 2.31-0ubuntu9
2024-10-11 02:06:17 startup archives unpack
2024-10-11 02:06:17 upgrade libgpg-error0:amd64 1.37-1 1.37-1
2024-10-11 02:06:17 status triggers-pending libc-bin:amd64 2.31-0ubuntu9
2024-10-11 02:06:17 status half-configured libgpg-error0:amd64 1.37-1
2024-10-11 02:06:17 status unpacked libgpg-error0:amd64 1.37-1
2024-10-11 02:06:17 status half-installed libgpg-error0:amd64 1.37-1
2024-10-11 02:06:17 status unpacked libgpg-error0:amd64 1.37-1
2024-10-11 02:06:17 startup packages configure
2024-10-11 02:06:17 configure libgpg-error0:amd64 1.37-1 <none>
2024-10-11 02:06:17 status unpacked libgpg-error0:amd64 1.37-1
2024-10-11 02:06:17 status half-configured libgpg-error0:amd64 1.37-1
2024-10-11 02:06:17 status installed libgpg-error0:amd64 1.37-1
2024-10-11 02:06:17 startup packages configure
2024-10-11 02:06:17 trigproc libc-bin:amd64 2.31-0ubuntu9 <none>
2024-10-11 02:06:17 status half-configured libc-bin:amd64 2.31-0ubuntu9
2024-10-11 02:06:17 status installed libc-bin:amd64 2.31-0ubuntu9
2024-10-11 02:06:20 startup archives unpack
2024-10-11 02:06:20 upgrade libhogweed5:amd64 3.5.1+really3.5.1-2 3.5.1+really3.5.1-2
2024-10-11 02:06:20 status triggers-pending libc-bin:amd64 2.31-0ubuntu9
2024-10-11 02:06:20 status half-configured libhogweed5:amd64 3.5.1+really3.5.1-2
2024-10-11 02:06:20 status unpacked libhogweed5:amd64 3.5.1+really3.5.1-2
2024-10-11 02:06:20 status half-installed libhogweed5:amd64 3.5.1+really3.5.1-2
2024-10-11 02:06:20 status unpacked libhogweed5:amd64 3.5.1+really3.5.1-2
2024-10-11 02:06:20 startup packages configure
2024-10-11 02:06:20 configure libhogweed5:amd64 3.5.1+really3.5.1-2 <none>
2024-10-11 02:06:20 status unpacked libhogweed5:amd64 3.5.1+really3.5.1-2
2024-10-11 02:06:20 status half-configured libhogweed5:amd64 3.5.1+really3.5.1-2
2024-10-11 02:06:20 status installed libhogweed5:amd64 3.5.1+really3.5.1-2
2024-10-11 02:06:21 startup packages configure
2024-10-11 02:06:21 trigproc libc-bin:amd64 2.31-0ubuntu9 <none>
2024-10-11 02:06:21 status half-configured libc-bin:amd64 2.31-0ubuntu9
2024-10-11 02:06:21 status installed libc-bin:amd64 2.31-0ubuntu9
2024-10-11 02:06:23 startup archives unpack
2024-10-11 02:06:23 upgrade libidn2-0:amd64 2.2.0-2 2.2.0-2
2024-10-11 02:06:23 status triggers-pending libc-bin:amd64 2.31-0ubuntu9
2024-10-11 02:06:23 status half-configured libidn2-0:amd64 2.2.0-2
2024-10-11 02:06:23 status unpacked libidn2-0:amd64 2.2.0-2
2024-10-11 02:06:23 status half-installed libidn2-0:amd64 2.2.0-2
2024-10-11 02:06:24 status unpacked libidn2-0:amd64 2.2.0-2
2024-10-11 02:06:24 startup packages configure
2024-10-11 02:06:24 configure libidn2-0:amd64 2.2.0-2 <none>
2024-10-11 02:06:24 status unpacked libidn2-0:amd64 2.2.0-2
2024-10-11 02:06:24 status half-configured libidn2-0:amd64 2.2.0-2
2024-10-11 02:06:24 status installed libidn2-0:amd64 2.2.0-2
2024-10-11 02:06:24 startup packages configure
2024-10-11 02:06:24 trigproc libc-bin:amd64 2.31-0ubuntu9 <none>
2024-10-11 02:06:24 status half-configured libc-bin:amd64 2.31-0ubuntu9
2024-10-11 02:06:24 status installed libc-bin:amd64 2.31-0ubuntu9
2024-10-11 02:06:27 startup archives unpack
2024-10-11 02:06:27 upgrade liblz4-1:amd64 1.9.2-2 1.9.2-2
2024-10-11 02:06:27 status triggers-pending libc-bin:amd64 2.31-0ubuntu9
2024-10-11 02:06:27 status half-configured liblz4-1:amd64 1.9.2-2
2024-10-11 02:06:27 status unpacked liblz4-1:amd64 1.9.2-2
2024-10-11 02:06:27 status half-installed liblz4-1:amd64 1.9.2-2
2024-10-11 02:06:27 status unpacked liblz4-1:amd64 1.9.2-2
2024-10-11 02:06:27 startup packages configure
2024-10-11 02:06:27 configure liblz4-1:amd64 1.9.2-2 <none>
2024-10-11 02:06:27 status unpacked liblz4-1:amd64 1.9.2-2
2024-10-11 02:06:27 status half-configured liblz4-1:amd64 1.9.2-2
2024-10-11 02:06:27 status installed liblz4-1:amd64 1.9.2-2
2024-10-11 02:06:28 startup packages configure
2024-10-11 02:06:28 trigproc libc-bin:amd64 2.31-0ubuntu9 <none>
2024-10-11 02:06:28 status half-configured libc-bin:amd64 2.31-0ubuntu9
2024-10-11 02:06:28 status installed libc-bin:amd64 2.31-0ubuntu9
2024-10-11 02:06:31 startup archives unpack
2024-10-11 02:06:31 upgrade liblzma5:amd64 5.2.4-1 5.2.4-1
2024-10-11 02:06:31 status triggers-pending libc-bin:amd64 2.31-0ubuntu9
2024-10-11 02:06:31 status half-configured liblzma5:amd64 5.2.4-1
2024-10-11 02:06:31 status unpacked liblzma5:amd64 5.2.4-1
2024-10-11 02:06:31 status half-installed liblzma5:amd64 5.2.4-1
2024-10-11 02:06:31 status unpacked liblzma5:amd64 5.2.4-1
2024-10-11 02:06:31 startup packages configure
2024-10-11 02:06:31 configure liblzma5:amd64 5.2.4-1 <none>
2024-10-11 02:06:31 status unpacked liblzma5:amd64 5.2.4-1
2024-10-11 02:06:31 status half-configured liblzma5:amd64 5.2.4-1
2024-10-11 02:06:31 status installed liblzma5:amd64 5.2.4-1
2024-10-11 02:06:31 startup packages configure
2024-10-11 02:06:31 trigproc libc-bin:amd64 2.31-0ubuntu9 <none>
2024-10-11 02:06:31 status half-configured libc-bin:amd64 2.31-0ubuntu9
2024-10-11 02:06:31 status installed libc-bin:amd64 2.31-0ubuntu9
2024-10-11 02:06:34 startup archives unpack
2024-10-11 02:06:34 upgrade libmount1:amd64 2.34-0.1ubuntu9 2.34-0.1ubuntu9
2024-10-11 02:06:34 status triggers-pending libc-bin:amd64 2.31-0ubuntu9
2024-10-11 02:06:34 status half-configured libmount1:amd64 2.34-0.1ubuntu9
2024-10-11 02:06:34 status unpacked libmount1:amd64 2.34-0.1ubuntu9
2024-10-11 02:06:34 status half-installed libmount1:amd64 2.34-0.1ubuntu9
2024-10-11 02:06:34 status unpacked libmount1:amd64 2.34-0.1ubuntu9
2024-10-11 02:06:34 startup packages configure
2024-10-11 02:06:34 configure libmount1:amd64 2.34-0.1ubuntu9 <none>
2024-10-11 02:06:34 status unpacked libmount1:amd64 2.34-0.1ubuntu9
2024-10-11 02:06:34 status half-configured libmount1:amd64 2.34-0.1ubuntu9
2024-10-11 02:06:34 status installed libmount1:amd64 2.34-0.1ubuntu9
2024-10-11 02:06:35 startup packages configure
2024-10-11 02:06:35 trigproc libc-bin:amd64 2.31-0ubuntu9 <none>
2024-10-11 02:06:35 status half-configured libc-bin:amd64 2.31-0ubuntu9
2024-10-11 02:06:35 status installed libc-bin:amd64 2.31-0ubuntu9
2024-10-11 02:06:38 startup archives unpack
2024-10-11 02:06:38 upgrade libncurses6:amd64 6.2-0ubuntu2 6.2-0ubuntu2
2024-10-11 02:06:38 status triggers-pending libc-bin:amd64 2.31-0ubuntu9
2024-10-11 02:06:38 status half-configured libncurses6:amd64 6.2-0ubuntu2
2024-10-11 02:06:38 status unpacked libncurses6:amd64 6.2-0ubuntu2
2024-10-11 02:06:38 status half-installed libncurses6:amd64 6.2-0ubuntu2
2024-10-11 02:06:38 status unpacked libncurses6:amd64 6.2-0ubuntu2
2024-10-11 02:06:38 startup packages configure
2024-10-11 02:06:38 configure libncurses6:amd64 6.2-0ubuntu2 <none>
2024-10-11 02:06:38 status unpacked libncurses6:amd64 6.2-0ubuntu2
2024-10-11 02:06:38 status half-configured libncurses6:amd64 6.2-0ubuntu2
2024-10-11 02:06:38 status installed libncurses6:amd64 6.2-0ubuntu2
2024-10-11 02:06:38 trigproc libc-bin:amd64 2.31-0ubuntu9 <none>
2024-10-11 02:06:38 status half-configured libc-bin:amd64 2.31-0ubuntu9
2024-10-11 02:06:38 status installed libc-bin:amd64 2.31-0ubuntu9
2024-10-11 02:06:41 startup archives unpack
2024-10-11 02:06:41 upgrade libncursesw6:amd64 6.2-0ubuntu2 6.2-0ubuntu2
2024-10-11 02:06:41 status triggers-pending libc-bin:amd64 2.31-0ubuntu9
2024-10-11 02:06:41 status half-configured libncursesw6:amd64 6.2-0ubuntu2
2024-10-11 02:06:41 status unpacked libncursesw6:amd64 6.2-0ubuntu2
2024-10-11 02:06:41 status half-installed libncursesw6:amd64 6.2-0ubuntu2
2024-10-11 02:06:41 status unpacked libncursesw6:amd64 6.2-0ubuntu2
2024-10-11 02:06:41 startup packages configure
2024-10-11 02:06:41 configure libncursesw6:amd64 6.2-0ubuntu2 <none>
2024-10-11 02:06:41 status unpacked libncursesw6:amd64 6.2-0ubuntu2
2024-10-11 02:06:41 status half-configured libncursesw6:amd64 6.2-0ubuntu2
2024-10-11 02:06:41 status installed libncursesw6:amd64 6.2-0ubuntu2
2024-10-11 02:06:41 trigproc libc-bin:amd64 2.31-0ubuntu9 <none>
2024-10-11 02:06:41 status half-configured libc-bin:amd64 2.31-0ubuntu9
2024-10-11 02:06:41 status installed libc-bin:amd64 2.31-0ubuntu9
2024-10-11 02:06:44 startup archives unpack
2024-10-11 02:06:44 upgrade libnettle7:amd64 3.5.1+really3.5.1-2 3.5.1+really3.5.1-2
2024-10-11 02:06:44 status triggers-pending libc-bin:amd64 2.31-0ubuntu9
2024-10-11 02:06:44 status half-configured libnettle7:amd64 3.5.1+really3.5.1-2
2024-10-11 02:06:44 status unpacked libnettle7:amd64 3.5.1+really3.5.1-2
2024-10-11 02:06:44 status half-installed libnettle7:amd64 3.5.1+really3.5.1-2
2024-10-11 02:06:44 status unpacked libnettle7:amd64 3.5.1+really3.5.1-2
2024-10-11 02:06:44 startup packages configure
2024-10-11 02:06:44 configure libnettle7:amd64 3.5.1+really3.5.1-2 <none>
2024-10-11 02:06:44 status unpacked libnettle7:amd64 3.5.1+really3.5.1-2
2024-10-11 02:06:44 status half-configured libnettle7:amd64 3.5.1+really3.5.1-2
2024-10-11 02:06:44 status installed libnettle7:amd64 3.5.1+really3.5.1-2
2024-10-11 02:06:45 startup packages configure
2024-10-11 02:06:45 trigproc libc-bin:amd64 2.31-0ubuntu9 <none>
2024-10-11 02:06:45 status half-configured libc-bin:amd64 2.31-0ubuntu9
2024-10-11 02:06:45 status installed libc-bin:amd64 2.31-0ubuntu9
2024-10-11 02:06:47 startup archives unpack
2024-10-11 02:06:47 upgrade libp11-kit0:amd64 0.23.20-1build1 0.23.20-1build1
2024-10-11 02:06:47 status triggers-pending libc-bin:amd64 2.31-0ubuntu9
2024-10-11 02:06:47 status half-configured libp11-kit0:amd64 0.23.20-1build1
2024-10-11 02:06:47 status unpacked libp11-kit0:amd64 0.23.20-1build1
2024-10-11 02:06:47 status half-installed libp11-kit0:amd64 0.23.20-1build1
2024-10-11 02:06:47 status unpacked libp11-kit0:amd64 0.23.20-1build1
2024-10-11 02:06:48 startup packages configure
2024-10-11 02:06:48 configure libp11-kit0:amd64 0.23.20-1build1 <none>
2024-10-11 02:06:48 status unpacked libp11-kit0:amd64 0.23.20-1build1
2024-10-11 02:06:48 status half-configured libp11-kit0:amd64 0.23.20-1build1
2024-10-11 02:06:48 status installed libp11-kit0:amd64 0.23.20-1build1
2024-10-11 02:06:48 startup packages configure
2024-10-11 02:06:48 trigproc libc-bin:amd64 2.31-0ubuntu9 <none>
2024-10-11 02:06:48 status half-configured libc-bin:amd64 2.31-0ubuntu9
2024-10-11 02:06:48 status installed libc-bin:amd64 2.31-0ubuntu9
2024-10-11 02:06:51 startup archives unpack
2024-10-11 02:06:51 upgrade libpam-modules:amd64 1.3.1-5ubuntu4 1.3.1-5ubuntu4
2024-10-11 02:06:51 status half-configured libpam-modules:amd64 1.3.1-5ubuntu4
2024-10-11 02:06:51 status unpacked libpam-modules:amd64 1.3.1-5ubuntu4
2024-10-11 02:06:51 status half-installed libpam-modules:amd64 1.3.1-5ubuntu4
2024-10-11 02:06:51 status unpacked libpam-modules:amd64 1.3.1-5ubuntu4
2024-10-11 02:06:51 startup packages configure
2024-10-11 02:06:51 configure libpam-modules:amd64 1.3.1-5ubuntu4 <none>
2024-10-11 02:06:51 status unpacked libpam-modules:amd64 1.3.1-5ubuntu4
2024-10-11 02:06:51 status half-configured libpam-modules:amd64 1.3.1-5ubuntu4
2024-10-11 02:06:51 status installed libpam-modules:amd64 1.3.1-5ubuntu4
2024-10-11 02:06:52 startup packages configure
2024-10-11 02:06:55 startup archives unpack
2024-10-11 02:06:55 upgrade libpam-modules-bin:amd64 1.3.1-5ubuntu4 1.3.1-5ubuntu4
2024-10-11 02:06:55 status half-configured libpam-modules-bin:amd64 1.3.1-5ubuntu4
2024-10-11 02:06:55 status unpacked libpam-modules-bin:amd64 1.3.1-5ubuntu4
2024-10-11 02:06:55 status half-installed libpam-modules-bin:amd64 1.3.1-5ubuntu4
2024-10-11 02:06:55 status unpacked libpam-modules-bin:amd64 1.3.1-5ubuntu4
2024-10-11 02:06:55 startup packages configure
2024-10-11 02:06:55 configure libpam-modules-bin:amd64 1.3.1-5ubuntu4 <none>
2024-10-11 02:06:55 status unpacked libpam-modules-bin:amd64 1.3.1-5ubuntu4
2024-10-11 02:06:55 status half-configured libpam-modules-bin:amd64 1.3.1-5ubuntu4
2024-10-11 02:06:55 status installed libpam-modules-bin:amd64 1.3.1-5ubuntu4
2024-10-11 02:06:55 startup packages configure
2024-10-11 02:06:58 startup archives unpack
2024-10-11 02:06:58 upgrade libpam-runtime:all 1.3.1-5ubuntu4 1.3.1-5ubuntu4
2024-10-11 02:06:58 status half-configured libpam-runtime:all 1.3.1-5ubuntu4
2024-10-11 02:06:58 status unpacked libpam-runtime:all 1.3.1-5ubuntu4
2024-10-11 02:06:58 status half-installed libpam-runtime:all 1.3.1-5ubuntu4
2024-10-11 02:06:58 status unpacked libpam-runtime:all 1.3.1-5ubuntu4
2024-10-11 02:06:59 startup packages configure
2024-10-11 02:06:59 configure libpam-runtime:all 1.3.1-5ubuntu4 <none>
2024-10-11 02:06:59 status unpacked libpam-runtime:all 1.3.1-5ubuntu4
2024-10-11 02:06:59 status half-configured libpam-runtime:all 1.3.1-5ubuntu4
2024-10-11 02:06:59 status installed libpam-runtime:all 1.3.1-5ubuntu4
2024-10-11 02:06:59 startup packages configure
2024-10-11 02:07:02 startup archives unpack
2024-10-11 02:07:02 upgrade libpam0g:amd64 1.3.1-5ubuntu4 1.3.1-5ubuntu4
2024-10-11 02:07:02 status triggers-pending libc-bin:amd64 2.31-0ubuntu9
2024-10-11 02:07:02 status half-configured libpam0g:amd64 1.3.1-5ubuntu4
2024-10-11 02:07:02 status unpacked libpam0g:amd64 1.3.1-5ubuntu4
2024-10-11 02:07:02 status half-installed libpam0g:amd64 1.3.1-5ubuntu4
2024-10-11 02:07:02 status unpacked libpam0g:amd64 1.3.1-5ubuntu4
2024-10-11 02:07:02 startup packages configure
2024-10-11 02:07:02 configure libpam0g:amd64 1.3.1-5ubuntu4 <none>
2024-10-11 02:07:02 status unpacked libpam0g:amd64 1.3.1-5ubuntu4
2024-10-11 02:07:02 status half-configured libpam0g:amd64 1.3.1-5ubuntu4
2024-10-11 02:07:02 status installed libpam0g:amd64 1.3.1-5ubuntu4
2024-10-11 02:07:03 startup packages configure
2024-10-11 02:07:03 trigproc libc-bin:amd64 2.31-0ubuntu9 <none>
2024-10-11 02:07:03 status half-configured libc-bin:amd64 2.31-0ubuntu9
2024-10-11 02:07:03 status installed libc-bin:amd64 2.31-0ubuntu9
2024-10-11 02:07:06 startup archives unpack
2024-10-11 02:07:06 upgrade libpcre2-8-0:amd64 10.34-7 10.34-7
2024-10-11 02:07:06 status triggers-pending libc-bin:amd64 2.31-0ubuntu9
2024-10-11 02:07:06 status half-configured libpcre2-8-0:amd64 10.34-7
2024-10-11 02:07:06 status unpacked libpcre2-8-0:amd64 10.34-7
2024-10-11 02:07:06 status half-installed libpcre2-8-0:amd64 10.34-7
2024-10-11 02:07:06 status unpacked libpcre2-8-0:amd64 10.34-7
2024-10-11 02:07:06 startup packages configure
2024-10-11 02:07:06 configure libpcre2-8-0:amd64 10.34-7 <none>
2024-10-11 02:07:06 status unpacked libpcre2-8-0:amd64 10.34-7
2024-10-11 02:07:06 status half-configured libpcre2-8-0:amd64 10.34-7
2024-10-11 02:07:06 status installed libpcre2-8-0:amd64 10.34-7
2024-10-11 02:07:06 startup packages configure
2024-10-11 02:07:06 trigproc libc-bin:amd64 2.31-0ubuntu9 <none>
2024-10-11 02:07:06 status half-configured libc-bin:amd64 2.31-0ubuntu9
2024-10-11 02:07:06 status installed libc-bin:amd64 2.31-0ubuntu9
2024-10-11 02:07:09 startup archives unpack
2024-10-11 02:07:09 upgrade libpcre3:amd64 2:8.39-12build1 2:8.39-12build1
2024-10-11 02:07:09 status triggers-pending libc-bin:amd64 2.31-0ubuntu9
2024-10-11 02:07:09 status half-configured libpcre3:amd64 2:8.39-12build1
2024-10-11 02:07:09 status unpacked libpcre3:amd64 2:8.39-12build1
2024-10-11 02:07:09 status half-installed libpcre3:amd64 2:8.39-12build1
2024-10-11 02:07:09 status unpacked libpcre3:amd64 2:8.39-12build1
2024-10-11 02:07:09 startup packages configure
2024-10-11 02:07:09 configure libpcre3:amd64 2:8.39-12build1 <none>
2024-10-11 02:07:09 status unpacked libpcre3:amd64 2:8.39-12build1
2024-10-11 02:07:09 status half-configured libpcre3:amd64 2:8.39-12build1
2024-10-11 02:07:09 status installed libpcre3:amd64 2:8.39-12build1
2024-10-11 02:07:10 startup packages configure
2024-10-11 02:07:10 trigproc libc-bin:amd64 2.31-0ubuntu9 <none>
2024-10-11 02:07:10 status half-configured libc-bin:amd64 2.31-0ubuntu9
2024-10-11 02:07:10 status installed libc-bin:amd64 2.31-0ubuntu9
2024-10-11 02:07:12 startup archives unpack
2024-10-11 02:07:13 upgrade libprocps8:amd64 2:3.3.16-1ubuntu2 2:3.3.16-1ubuntu2
2024-10-11 02:07:13 status triggers-pending libc-bin:amd64 2.31-0ubuntu9
2024-10-11 02:07:13 status half-configured libprocps8:amd64 2:3.3.16-1ubuntu2
2024-10-11 02:07:13 status unpacked libprocps8:amd64 2:3.3.16-1ubuntu2
2024-10-11 02:07:13 status half-installed libprocps8:amd64 2:3.3.16-1ubuntu2
2024-10-11 02:07:13 status unpacked libprocps8:amd64 2:3.3.16-1ubuntu2
2024-10-11 02:07:13 startup packages configure
2024-10-11 02:07:13 configure libprocps8:amd64 2:3.3.16-1ubuntu2 <none>
2024-10-11 02:07:13 status unpacked libprocps8:amd64 2:3.3.16-1ubuntu2
2024-10-11 02:07:13 status half-configured libprocps8:amd64 2:3.3.16-1ubuntu2
2024-10-11 02:07:13 status installed libprocps8:amd64 2:3.3.16-1ubuntu2
2024-10-11 02:07:13 trigproc libc-bin:amd64 2.31-0ubuntu9 <none>
2024-10-11 02:07:13 status half-configured libc-bin:amd64 2.31-0ubuntu9
2024-10-11 02:07:13 status installed libc-bin:amd64 2.31-0ubuntu9
2024-10-11 02:07:16 startup archives unpack
2024-10-11 02:07:16 upgrade libseccomp2:amd64 2.4.3-1ubuntu1 2.4.3-1ubuntu1
2024-10-11 02:07:16 status triggers-pending libc-bin:amd64 2.31-0ubuntu9
2024-10-11 02:07:16 status half-configured libseccomp2:amd64 2.4.3-1ubuntu1
2024-10-11 02:07:16 status unpacked libseccomp2:amd64 2.4.3-1ubuntu1
2024-10-11 02:07:16 status half-installed libseccomp2:amd64 2.4.3-1ubuntu1
2024-10-11 02:07:16 status unpacked libseccomp2:amd64 2.4.3-1ubuntu1
2024-10-11 02:07:16 startup packages configure
2024-10-11 02:07:16 configure libseccomp2:amd64 2.4.3-1ubuntu1 <none>
2024-10-11 02:07:16 status unpacked libseccomp2:amd64 2.4.3-1ubuntu1
2024-10-11 02:07:16 status half-configured libseccomp2:amd64 2.4.3-1ubuntu1
2024-10-11 02:07:16 status installed libseccomp2:amd64 2.4.3-1ubuntu1
2024-10-11 02:07:16 startup packages configure
2024-10-11 02:07:16 trigproc libc-bin:amd64 2.31-0ubuntu9 <none>
2024-10-11 02:07:16 status half-configured libc-bin:amd64 2.31-0ubuntu9
2024-10-11 02:07:16 status installed libc-bin:amd64 2.31-0ubuntu9
2024-10-11 02:07:19 startup archives unpack
2024-10-11 02:07:19 upgrade libselinux1:amd64 3.0-1build2 3.0-1build2
2024-10-11 02:07:19 status triggers-pending libc-bin:amd64 2.31-0ubuntu9
2024-10-11 02:07:19 status half-configured libselinux1:amd64 3.0-1build2
2024-10-11 02:07:19 status unpacked libselinux1:amd64 3.0-1build2
2024-10-11 02:07:19 status half-installed libselinux1:amd64 3.0-1build2
2024-10-11 02:07:19 status unpacked libselinux1:amd64 3.0-1build2
2024-10-11 02:07:19 startup packages configure
2024-10-11 02:07:19 configure libselinux1:amd64 3.0-1build2 <none>
2024-10-11 02:07:19 status unpacked libselinux1:amd64 3.0-1build2
2024-10-11 02:07:19 status half-configured libselinux1:amd64 3.0-1build2
2024-10-11 02:07:19 status installed libselinux1:amd64 3.0-1build2
2024-10-11 02:07:20 startup packages configure
2024-10-11 02:07:20 trigproc libc-bin:amd64 2.31-0ubuntu9 <none>
2024-10-11 02:07:20 status half-configured libc-bin:amd64 2.31-0ubuntu9
2024-10-11 02:07:20 status installed libc-bin:amd64 2.31-0ubuntu9
2024-10-11 02:07:23 startup archives unpack
2024-10-11 02:07:23 upgrade libsemanage-common:all 3.0-1build2 3.0-1build2
2024-10-11 02:07:23 status half-configured libsemanage-common:all 3.0-1build2
2024-10-11 02:07:23 status unpacked libsemanage-common:all 3.0-1build2
2024-10-11 02:07:23 status half-installed libsemanage-common:all 3.0-1build2
2024-10-11 02:07:23 status unpacked libsemanage-common:all 3.0-1build2
2024-10-11 02:07:23 startup packages configure
2024-10-11 02:07:23 configure libsemanage-common:all 3.0-1build2 <none>
2024-10-11 02:07:23 status unpacked libsemanage-common:all 3.0-1build2
2024-10-11 02:07:23 status half-configured libsemanage-common:all 3.0-1build2
2024-10-11 02:07:23 status installed libsemanage-common:all 3.0-1build2
2024-10-11 02:07:23 startup packages configure
2024-10-11 02:07:26 startup archives unpack
2024-10-11 02:07:26 upgrade libsemanage1:amd64 3.0-1build2 3.0-1build2
2024-10-11 02:07:26 status triggers-pending libc-bin:amd64 2.31-0ubuntu9
2024-10-11 02:07:26 status half-configured libsemanage1:amd64 3.0-1build2
2024-10-11 02:07:26 status unpacked libsemanage1:amd64 3.0-1build2
2024-10-11 02:07:26 status half-installed libsemanage1:amd64 3.0-1build2
2024-10-11 02:07:26 status unpacked libsemanage1:amd64 3.0-1build2
2024-10-11 02:07:26 startup packages configure
2024-10-11 02:07:26 configure libsemanage1:amd64 3.0-1build2 <none>
2024-10-11 02:07:26 status unpacked libsemanage1:amd64 3.0-1build2
2024-10-11 02:07:26 status half-configured libsemanage1:amd64 3.0-1build2
2024-10-11 02:07:26 status installed libsemanage1:amd64 3.0-1build2
2024-10-11 02:07:27 startup packages configure
2024-10-11 02:07:27 trigproc libc-bin:amd64 2.31-0ubuntu9 <none>
2024-10-11 02:07:27 status half-configured libc-bin:amd64 2.31-0ubuntu9
2024-10-11 02:07:27 status installed libc-bin:amd64 2.31-0ubuntu9
2024-10-11 02:07:29 startup archives unpack
2024-10-11 02:07:29 upgrade libsepol1:amd64 3.0-1 3.0-1
2024-10-11 02:07:29 status triggers-pending libc-bin:amd64 2.31-0ubuntu9
2024-10-11 02:07:29 status half-configured libsepol1:amd64 3.0-1
2024-10-11 02:07:29 status unpacked libsepol1:amd64 3.0-1
2024-10-11 02:07:29 status half-installed libsepol1:amd64 3.0-1
2024-10-11 02:07:30 status unpacked libsepol1:amd64 3.0-1
2024-10-11 02:07:30 startup packages configure
2024-10-11 02:07:30 configure libsepol1:amd64 3.0-1 <none>
2024-10-11 02:07:30 status unpacked libsepol1:amd64 3.0-1
2024-10-11 02:07:30 status half-configured libsepol1:amd64 3.0-1
2024-10-11 02:07:30 status installed libsepol1:amd64 3.0-1
2024-10-11 02:07:30 startup packages configure
2024-10-11 02:07:30 trigproc libc-bin:amd64 2.31-0ubuntu9 <none>
2024-10-11 02:07:30 status half-configured libc-bin:amd64 2.31-0ubuntu9
2024-10-11 02:07:30 status installed libc-bin:amd64 2.31-0ubuntu9
2024-10-11 02:07:33 startup archives unpack
2024-10-11 02:07:33 upgrade libsmartcols1:amd64 2.34-0.1ubuntu9 2.34-0.1ubuntu9
2024-10-11 02:07:33 status triggers-pending libc-bin:amd64 2.31-0ubuntu9
2024-10-11 02:07:33 status half-configured libsmartcols1:amd64 2.34-0.1ubuntu9
2024-10-11 02:07:33 status unpacked libsmartcols1:amd64 2.34-0.1ubuntu9
2024-10-11 02:07:33 status half-installed libsmartcols1:amd64 2.34-0.1ubuntu9
2024-10-11 02:07:33 status unpacked libsmartcols1:amd64 2.34-0.1ubuntu9
2024-10-11 02:07:33 startup packages configure
2024-10-11 02:07:33 configure libsmartcols1:amd64 2.34-0.1ubuntu9 <none>
2024-10-11 02:07:33 status unpacked libsmartcols1:amd64 2.34-0.1ubuntu9
2024-10-11 02:07:33 status half-configured libsmartcols1:amd64 2.34-0.1ubuntu9
2024-10-11 02:07:33 status installed libsmartcols1:amd64 2.34-0.1ubuntu9
2024-10-11 02:07:34 startup packages configure
2024-10-11 02:07:34 trigproc libc-bin:amd64 2.31-0ubuntu9 <none>
2024-10-11 02:07:34 status half-configured libc-bin:amd64 2.31-0ubuntu9
2024-10-11 02:07:34 status installed libc-bin:amd64 2.31-0ubuntu9
2024-10-11 02:07:37 startup archives unpack
2024-10-11 02:07:37 upgrade libss2:amd64 1.45.5-2ubuntu1 1.45.5-2ubuntu1
2024-10-11 02:07:37 status triggers-pending libc-bin:amd64 2.31-0ubuntu9
2024-10-11 02:07:37 status half-configured libss2:amd64 1.45.5-2ubuntu1
2024-10-11 02:07:37 status unpacked libss2:amd64 1.45.5-2ubuntu1
2024-10-11 02:07:37 status half-installed libss2:amd64 1.45.5-2ubuntu1
2024-10-11 02:07:37 status unpacked libss2:amd64 1.45.5-2ubuntu1
2024-10-11 02:07:37 startup packages configure
2024-10-11 02:07:37 configure libss2:amd64 1.45.5-2ubuntu1 <none>
2024-10-11 02:07:37 status unpacked libss2:amd64 1.45.5-2ubuntu1
2024-10-11 02:07:37 status half-configured libss2:amd64 1.45.5-2ubuntu1
2024-10-11 02:07:37 status installed libss2:amd64 1.45.5-2ubuntu1
2024-10-11 02:07:37 trigproc libc-bin:amd64 2.31-0ubuntu9 <none>
2024-10-11 02:07:37 status half-configured libc-bin:amd64 2.31-0ubuntu9
2024-10-11 02:07:37 status installed libc-bin:amd64 2.31-0ubuntu9
2024-10-11 02:07:40 startup archives unpack
2024-10-11 02:07:40 upgrade libstdc++6:amd64 10-20200411-0ubuntu1 10-20200411-0ubuntu1
2024-10-11 02:07:40 status triggers-pending libc-bin:amd64 2.31-0ubuntu9
2024-10-11 02:07:40 status half-configured libstdc++6:amd64 10-20200411-0ubuntu1
2024-10-11 02:07:40 status unpacked libstdc++6:amd64 10-20200411-0ubuntu1
2024-10-11 02:07:40 status half-installed libstdc++6:amd64 10-20200411-0ubuntu1
2024-10-11 02:07:40 status unpacked libstdc++6:amd64 10-20200411-0ubuntu1
2024-10-11 02:07:40 startup packages configure
2024-10-11 02:07:40 configure libstdc++6:amd64 10-20200411-0ubuntu1 <none>
2024-10-11 02:07:40 status unpacked libstdc++6:amd64 10-20200411-0ubuntu1
2024-10-11 02:07:40 status half-configured libstdc++6:amd64 10-20200411-0ubuntu1
2024-10-11 02:07:40 status installed libstdc++6:amd64 10-20200411-0ubuntu1
2024-10-11 02:07:41 startup packages configure
2024-10-11 02:07:41 trigproc libc-bin:amd64 2.31-0ubuntu9 <none>
2024-10-11 02:07:41 status half-configured libc-bin:amd64 2.31-0ubuntu9
2024-10-11 02:07:41 status installed libc-bin:amd64 2.31-0ubuntu9
2024-10-11 02:07:43 startup archives unpack
2024-10-11 02:07:43 upgrade libsystemd0:amd64 245.4-4ubuntu3 245.4-4ubuntu3
2024-10-11 02:07:43 status triggers-pending libc-bin:amd64 2.31-0ubuntu9
2024-10-11 02:07:43 status half-configured libsystemd0:amd64 245.4-4ubuntu3
2024-10-11 02:07:43 status unpacked libsystemd0:amd64 245.4-4ubuntu3
2024-10-11 02:07:43 status half-installed libsystemd0:amd64 245.4-4ubuntu3
2024-10-11 02:07:43 status unpacked libsystemd0:amd64 245.4-4ubuntu3
2024-10-11 02:07:44 startup packages configure
2024-10-11 02:07:44 configure libsystemd0:amd64 245.4-4ubuntu3 <none>
2024-10-11 02:07:44 status unpacked libsystemd0:amd64 245.4-4ubuntu3
2024-10-11 02:07:44 status half-configured libsystemd0:amd64 245.4-4ubuntu3
2024-10-11 02:07:44 status installed libsystemd0:amd64 245.4-4ubuntu3
2024-10-11 02:07:44 startup packages configure
2024-10-11 02:07:44 trigproc libc-bin:amd64 2.31-0ubuntu9 <none>
2024-10-11 02:07:44 status half-configured libc-bin:amd64 2.31-0ubuntu9
2024-10-11 02:07:44 status installed libc-bin:amd64 2.31-0ubuntu9
2024-10-11 02:07:47 startup archives unpack
2024-10-11 02:07:47 upgrade libtasn1-6:amd64 4.16.0-2 4.16.0-2
2024-10-11 02:07:47 status triggers-pending libc-bin:amd64 2.31-0ubuntu9
2024-10-11 02:07:47 status half-configured libtasn1-6:amd64 4.16.0-2
2024-10-11 02:07:47 status unpacked libtasn1-6:amd64 4.16.0-2
2024-10-11 02:07:47 status half-installed libtasn1-6:amd64 4.16.0-2
2024-10-11 02:07:47 status unpacked libtasn1-6:amd64 4.16.0-2
2024-10-11 02:07:47 startup packages configure
2024-10-11 02:07:47 configure libtasn1-6:amd64 4.16.0-2 <none>
2024-10-11 02:07:47 status unpacked libtasn1-6:amd64 4.16.0-2
2024-10-11 02:07:47 status half-configured libtasn1-6:amd64 4.16.0-2
2024-10-11 02:07:47 status installed libtasn1-6:amd64 4.16.0-2
2024-10-11 02:07:47 startup packages configure
2024-10-11 02:07:47 trigproc libc-bin:amd64 2.31-0ubuntu9 <none>
2024-10-11 02:07:47 status half-configured libc-bin:amd64 2.31-0ubuntu9
2024-10-11 02:07:47 status installed libc-bin:amd64 2.31-0ubuntu9
2024-10-11 02:07:50 startup archives unpack
2024-10-11 02:07:50 upgrade libtinfo6:amd64 6.2-0ubuntu2 6.2-0ubuntu2
2024-10-11 02:07:50 status triggers-pending libc-bin:amd64 2.31-0ubuntu9
2024-10-11 02:07:50 status half-configured libtinfo6:amd64 6.2-0ubuntu2
2024-10-11 02:07:50 status unpacked libtinfo6:amd64 6.2-0ubuntu2
2024-10-11 02:07:50 status half-installed libtinfo6:amd64 6.2-0ubuntu2
2024-10-11 02:07:50 status unpacked libtinfo6:amd64 6.2-0ubuntu2
2024-10-11 02:07:51 startup packages configure
2024-10-11 02:07:51 configure libtinfo6:amd64 6.2-0ubuntu2 <none>
2024-10-11 02:07:51 status unpacked libtinfo6:amd64 6.2-0ubuntu2
2024-10-11 02:07:51 status half-configured libtinfo6:amd64 6.2-0ubuntu2
2024-10-11 02:07:51 status installed libtinfo6:amd64 6.2-0ubuntu2
2024-10-11 02:07:51 startup packages configure
2024-10-11 02:07:51 trigproc libc-bin:amd64 2.31-0ubuntu9 <none>
2024-10-11 02:07:51 status half-configured libc-bin:amd64 2.31-0ubuntu9
2024-10-11 02:07:51 status installed libc-bin:amd64 2.31-0ubuntu9
2024-10-11 02:07:54 startup archives unpack
2024-10-11 02:07:54 upgrade libudev1:amd64 245.4-4ubuntu3 245.4-4ubuntu3
2024-10-11 02:07:54 status triggers-pending libc-bin:amd64 2.31-0ubuntu9
2024-10-11 02:07:54 status half-configured libudev1:amd64 245.4-4ubuntu3
2024-10-11 02:07:54 status unpacked libudev1:amd64 245.4-4ubuntu3
2024-10-11 02:07:54 status half-installed libudev1:amd64 245.4-4ubuntu3
2024-10-11 02:07:54 status unpacked libudev1:amd64 245.4-4ubuntu3
2024-10-11 02:07:54 startup packages configure
2024-10-11 02:07:54 configure libudev1:amd64 245.4-4ubuntu3 <none>
2024-10-11 02:07:54 status unpacked libudev1:amd64 245.4-4ubuntu3
2024-10-11 02:07:54 status half-configured libudev1:amd64 245.4-4ubuntu3
2024-10-11 02:07:54 status installed libudev1:amd64 245.4-4ubuntu3
2024-10-11 02:07:54 startup packages configure
2024-10-11 02:07:54 trigproc libc-bin:amd64 2.31-0ubuntu9 <none>
2024-10-11 02:07:54 status half-configured libc-bin:amd64 2.31-0ubuntu9
2024-10-11 02:07:54 status installed libc-bin:amd64 2.31-0ubuntu9
2024-10-11 02:07:57 startup archives unpack
2024-10-11 02:07:57 upgrade libunistring2:amd64 0.9.10-2 0.9.10-2
2024-10-11 02:07:57 status triggers-pending libc-bin:amd64 2.31-0ubuntu9
2024-10-11 02:07:57 status half-configured libunistring2:amd64 0.9.10-2
2024-10-11 02:07:57 status unpacked libunistring2:amd64 0.9.10-2
2024-10-11 02:07:57 status half-installed libunistring2:amd64 0.9.10-2
2024-10-11 02:07:57 status unpacked libunistring2:amd64 0.9.10-2
2024-10-11 02:07:58 startup packages configure
2024-10-11 02:07:58 configure libunistring2:amd64 0.9.10-2 <none>
2024-10-11 02:07:58 status unpacked libunistring2:amd64 0.9.10-2
2024-10-11 02:07:58 status half-configured libunistring2:amd64 0.9.10-2
2024-10-11 02:07:58 status installed libunistring2:amd64 0.9.10-2
2024-10-11 02:07:58 startup packages configure
2024-10-11 02:07:58 trigproc libc-bin:amd64 2.31-0ubuntu9 <none>
2024-10-11 02:07:58 status half-configured libc-bin:amd64 2.31-0ubuntu9
2024-10-11 02:07:58 status installed libc-bin:amd64 2.31-0ubuntu9
2024-10-11 02:08:01 startup archives unpack
2024-10-11 02:08:01 upgrade libuuid1:amd64 2.34-0.1ubuntu9 2.34-0.1ubuntu9
2024-10-11 02:08:01 status triggers-pending libc-bin:amd64 2.31-0ubuntu9
2024-10-11 02:08:01 status half-configured libuuid1:amd64 2.34-0.1ubuntu9
2024-10-11 02:08:01 status unpacked libuuid1:amd64 2.34-0.1ubuntu9
2024-10-11 02:08:01 status half-installed libuuid1:amd64 2.34-0.1ubuntu9
2024-10-11 02:08:01 status unpacked libuuid1:amd64 2.34-0.1ubuntu9
2024-10-11 02:08:01 startup packages configure
2024-10-11 02:08:01 configure libuuid1:amd64 2.34-0.1ubuntu9 <none>
2024-10-11 02:08:01 status unpacked libuuid1:amd64 2.34-0.1ubuntu9
2024-10-11 02:08:01 status half-configured libuuid1:amd64 2.34-0.1ubuntu9
2024-10-11 02:08:01 status installed libuuid1:amd64 2.34-0.1ubuntu9
2024-10-11 02:08:01 startup packages configure
2024-10-11 02:08:01 trigproc libc-bin:amd64 2.31-0ubuntu9 <none>
2024-10-11 02:08:01 status half-configured libc-bin:amd64 2.31-0ubuntu9
2024-10-11 02:08:01 status installed libc-bin:amd64 2.31-0ubuntu9
2024-10-11 02:08:04 startup archives unpack
2024-10-11 02:08:04 upgrade libzstd1:amd64 1.4.4+dfsg-3 1.4.4+dfsg-3
2024-10-11 02:08:04 status triggers-pending libc-bin:amd64 2.31-0ubuntu9
2024-10-11 02:08:04 status half-configured libzstd1:amd64 1.4.4+dfsg-3
2024-10-11 02:08:04 status unpacked libzstd1:amd64 1.4.4+dfsg-3
2024-10-11 02:08:04 status half-installed libzstd1:amd64 1.4.4+dfsg-3
2024-10-11 02:08:04 status unpacked libzstd1:amd64 1.4.4+dfsg-3
2024-10-11 02:08:05 startup packages configure
2024-10-11 02:08:05 configure libzstd1:amd64 1.4.4+dfsg-3 <none>
2024-10-11 02:08:05 status unpacked libzstd1:amd64 1.4.4+dfsg-3
2024-10-11 02:08:05 status half-configured libzstd1:amd64 1.4.4+dfsg-3
2024-10-11 02:08:05 status installed libzstd1:amd64 1.4.4+dfsg-3
2024-10-11 02:08:05 startup packages configure
2024-10-11 02:08:05 trigproc libc-bin:amd64 2.31-0ubuntu9 <none>
2024-10-11 02:08:05 status half-configured libc-bin:amd64 2.31-0ubuntu9
2024-10-11 02:08:05 status installed libc-bin:amd64 2.31-0ubuntu9
2024-10-11 02:08:08 startup archives unpack
2024-10-11 02:08:08 upgrade login:amd64 1:4.8.1-1ubuntu5 1:4.8.1-1ubuntu5
2024-10-11 02:08:08 status half-configured login:amd64 1:4.8.1-1ubuntu5
2024-10-11 02:08:08 status unpacked login:amd64 1:4.8.1-1ubuntu5
2024-10-11 02:08:08 status half-installed login:amd64 1:4.8.1-1ubuntu5
2024-10-11 02:08:08 status unpacked login:amd64 1:4.8.1-1ubuntu5
2024-10-11 02:08:08 startup packages configure
2024-10-11 02:08:08 configure login:amd64 1:4.8.1-1ubuntu5 <none>
2024-10-11 02:08:08 status unpacked login:amd64 1:4.8.1-1ubuntu5
2024-10-11 02:08:08 status half-configured login:amd64 1:4.8.1-1ubuntu5
2024-10-11 02:08:08 status installed login:amd64 1:4.8.1-1ubuntu5
2024-10-11 02:08:09 startup packages configure
2024-10-11 02:08:11 startup archives unpack
2024-10-11 02:08:11 upgrade logsave:amd64 1.45.5-2ubuntu1 1.45.5-2ubuntu1
2024-10-11 02:08:11 status half-configured logsave:amd64 1.45.5-2ubuntu1
2024-10-11 02:08:11 status unpacked logsave:amd64 1.45.5-2ubuntu1
2024-10-11 02:08:11 status half-installed logsave:amd64 1.45.5-2ubuntu1
2024-10-11 02:08:11 status unpacked logsave:amd64 1.45.5-2ubuntu1
2024-10-11 02:08:12 startup packages configure
2024-10-11 02:08:12 configure logsave:amd64 1.45.5-2ubuntu1 <none>
2024-10-11 02:08:12 status unpacked logsave:amd64 1.45.5-2ubuntu1
2024-10-11 02:08:12 status half-configured logsave:amd64 1.45.5-2ubuntu1
2024-10-11 02:08:12 status installed logsave:amd64 1.45.5-2ubuntu1
2024-10-11 02:08:15 startup archives unpack
2024-10-11 02:08:15 upgrade lsb-base:all 11.1.0ubuntu2 11.1.0ubuntu2
2024-10-11 02:08:15 status half-configured lsb-base:all 11.1.0ubuntu2
2024-10-11 02:08:15 status unpacked lsb-base:all 11.1.0ubuntu2
2024-10-11 02:08:15 status half-installed lsb-base:all 11.1.0ubuntu2
2024-10-11 02:08:15 status unpacked lsb-base:all 11.1.0ubuntu2
2024-10-11 02:08:15 startup packages configure
2024-10-11 02:08:15 configure lsb-base:all 11.1.0ubuntu2 <none>
2024-10-11 02:08:15 status unpacked lsb-base:all 11.1.0ubuntu2
2024-10-11 02:08:15 status half-configured lsb-base:all 11.1.0ubuntu2
2024-10-11 02:08:15 status installed lsb-base:all 11.1.0ubuntu2
2024-10-11 02:08:15 startup packages configure
2024-10-11 02:08:18 startup archives unpack
2024-10-11 02:08:18 upgrade mawk:amd64 1.3.4.20200120-2 1.3.4.20200120-2
2024-10-11 02:08:18 status half-configured mawk:amd64 1.3.4.20200120-2
2024-10-11 02:08:18 status unpacked mawk:amd64 1.3.4.20200120-2
2024-10-11 02:08:18 status half-installed mawk:amd64 1.3.4.20200120-2
2024-10-11 02:08:18 status unpacked mawk:amd64 1.3.4.20200120-2
2024-10-11 02:08:18 startup packages configure
2024-10-11 02:08:18 configure mawk:amd64 1.3.4.20200120-2 <none>
2024-10-11 02:08:18 status unpacked mawk:amd64 1.3.4.20200120-2
2024-10-11 02:08:18 status half-configured mawk:amd64 1.3.4.20200120-2
2024-10-11 02:08:18 status installed mawk:amd64 1.3.4.20200120-2
2024-10-11 02:08:21 startup archives unpack
2024-10-11 02:08:21 upgrade mount:amd64 2.34-0.1ubuntu9 2.34-0.1ubuntu9
2024-10-11 02:08:21 status half-configured mount:amd64 2.34-0.1ubuntu9
2024-10-11 02:08:21 status unpacked mount:amd64 2.34-0.1ubuntu9
2024-10-11 02:08:21 status half-installed mount:amd64 2.34-0.1ubuntu9
2024-10-11 02:08:21 status unpacked mount:amd64 2.34-0.1ubuntu9
2024-10-11 02:08:22 startup packages configure
2024-10-11 02:08:22 configure mount:amd64 2.34-0.1ubuntu9 <none>
2024-10-11 02:08:22 status unpacked mount:amd64 2.34-0.1ubuntu9
2024-10-11 02:08:22 status half-configured mount:amd64 2.34-0.1ubuntu9
2024-10-11 02:08:22 status installed mount:amd64 2.34-0.1ubuntu9
2024-10-11 02:08:24 startup archives unpack
2024-10-11 02:08:24 upgrade ncurses-base:all 6.2-0ubuntu2 6.2-0ubuntu2
2024-10-11 02:08:24 status half-configured ncurses-base:all 6.2-0ubuntu2
2024-10-11 02:08:24 status unpacked ncurses-base:all 6.2-0ubuntu2
2024-10-11 02:08:24 status half-installed ncurses-base:all 6.2-0ubuntu2
2024-10-11 02:08:24 status unpacked ncurses-base:all 6.2-0ubuntu2
2024-10-11 02:08:25 startup packages configure
2024-10-11 02:08:25 configure ncurses-base:all 6.2-0ubuntu2 <none>
2024-10-11 02:08:25 status unpacked ncurses-base:all 6.2-0ubuntu2
2024-10-11 02:08:25 status half-configured ncurses-base:all 6.2-0ubuntu2
2024-10-11 02:08:25 status installed ncurses-base:all 6.2-0ubuntu2
2024-10-11 02:08:25 startup packages configure
2024-10-11 02:08:28 startup archives unpack
2024-10-11 02:08:28 upgrade ncurses-bin:amd64 6.2-0ubuntu2 6.2-0ubuntu2
2024-10-11 02:08:28 status half-configured ncurses-bin:amd64 6.2-0ubuntu2
2024-10-11 02:08:28 status unpacked ncurses-bin:amd64 6.2-0ubuntu2
2024-10-11 02:08:28 status half-installed ncurses-bin:amd64 6.2-0ubuntu2
2024-10-11 02:08:28 status unpacked ncurses-bin:amd64 6.2-0ubuntu2
2024-10-11 02:08:28 startup packages configure
2024-10-11 02:08:28 configure ncurses-bin:amd64 6.2-0ubuntu2 <none>
2024-10-11 02:08:28 status unpacked ncurses-bin:amd64 6.2-0ubuntu2
2024-10-11 02:08:28 status half-configured ncurses-bin:amd64 6.2-0ubuntu2
2024-10-11 02:08:28 status installed ncurses-bin:amd64 6.2-0ubuntu2
2024-10-11 02:08:28 startup packages configure
2024-10-11 02:08:32 startup archives unpack
2024-10-11 02:08:32 upgrade passwd:amd64 1:4.8.1-1ubuntu5 1:4.8.1-1ubuntu5
2024-10-11 02:08:32 status half-configured passwd:amd64 1:4.8.1-1ubuntu5
2024-10-11 02:08:32 status unpacked passwd:amd64 1:4.8.1-1ubuntu5
2024-10-11 02:08:32 status half-installed passwd:amd64 1:4.8.1-1ubuntu5
2024-10-11 02:08:32 status unpacked passwd:amd64 1:4.8.1-1ubuntu5
2024-10-11 02:08:32 startup packages configure
2024-10-11 02:08:32 configure passwd:amd64 1:4.8.1-1ubuntu5 <none>
2024-10-11 02:08:32 status unpacked passwd:amd64 1:4.8.1-1ubuntu5
2024-10-11 02:08:32 status half-configured passwd:amd64 1:4.8.1-1ubuntu5
2024-10-11 02:08:32 status installed passwd:amd64 1:4.8.1-1ubuntu5
2024-10-11 02:08:32 startup packages configure
2024-10-11 02:08:35 startup archives unpack
2024-10-11 02:08:35 upgrade perl-base:amd64 5.30.0-9build1 5.30.0-9build1
2024-10-11 02:08:35 status half-configured perl-base:amd64 5.30.0-9build1
2024-10-11 02:08:35 status unpacked perl-base:amd64 5.30.0-9build1
2024-10-11 02:08:35 status half-installed perl-base:amd64 5.30.0-9build1
2024-10-11 02:08:36 status unpacked perl-base:amd64 5.30.0-9build1
2024-10-11 02:08:36 startup packages configure
2024-10-11 02:08:36 configure perl-base:amd64 5.30.0-9build1 <none>
2024-10-11 02:08:36 status unpacked perl-base:amd64 5.30.0-9build1
2024-10-11 02:08:36 status half-configured perl-base:amd64 5.30.0-9build1
2024-10-11 02:08:36 status installed perl-base:amd64 5.30.0-9build1
2024-10-11 02:08:36 startup packages configure
2024-10-11 02:08:39 startup archives unpack
2024-10-11 02:08:39 upgrade procps:amd64 2:3.3.16-1ubuntu2 2:3.3.16-1ubuntu2
2024-10-11 02:08:39 status half-configured procps:amd64 2:3.3.16-1ubuntu2
2024-10-11 02:08:39 status unpacked procps:amd64 2:3.3.16-1ubuntu2
2024-10-11 02:08:39 status half-installed procps:amd64 2:3.3.16-1ubuntu2
2024-10-11 02:08:39 status unpacked procps:amd64 2:3.3.16-1ubuntu2
2024-10-11 02:08:39 startup packages configure
2024-10-11 02:08:39 configure procps:amd64 2:3.3.16-1ubuntu2 <none>
2024-10-11 02:08:39 status unpacked procps:amd64 2:3.3.16-1ubuntu2
2024-10-11 02:08:39 status half-configured procps:amd64 2:3.3.16-1ubuntu2
2024-10-11 02:08:39 status installed procps:amd64 2:3.3.16-1ubuntu2
2024-10-11 02:08:42 startup archives unpack
2024-10-11 02:08:42 upgrade sed:amd64 4.7-1 4.7-1
2024-10-11 02:08:42 status half-configured sed:amd64 4.7-1
2024-10-11 02:08:42 status unpacked sed:amd64 4.7-1
2024-10-11 02:08:42 status half-installed sed:amd64 4.7-1
2024-10-11 02:08:42 status unpacked sed:amd64 4.7-1
2024-10-11 02:08:43 startup packages configure
2024-10-11 02:08:43 configure sed:amd64 4.7-1 <none>
2024-10-11 02:08:43 status unpacked sed:amd64 4.7-1
2024-10-11 02:08:43 status half-configured sed:amd64 4.7-1
2024-10-11 02:08:43 status installed sed:amd64 4.7-1
2024-10-11 02:08:43 startup packages configure
2024-10-11 02:08:46 startup archives unpack
2024-10-11 02:08:46 upgrade sensible-utils:all 0.0.12+nmu1 0.0.12+nmu1
2024-10-11 02:08:46 status half-configured sensible-utils:all 0.0.12+nmu1
2024-10-11 02:08:46 status unpacked sensible-utils:all 0.0.12+nmu1
2024-10-11 02:08:46 status half-installed sensible-utils:all 0.0.12+nmu1
2024-10-11 02:08:46 status unpacked sensible-utils:all 0.0.12+nmu1
2024-10-11 02:08:46 startup packages configure
2024-10-11 02:08:46 configure sensible-utils:all 0.0.12+nmu1 <none>
2024-10-11 02:08:46 status unpacked sensible-utils:all 0.0.12+nmu1
2024-10-11 02:08:46 status half-configured sensible-utils:all 0.0.12+nmu1
2024-10-11 02:08:46 status installed sensible-utils:all 0.0.12+nmu1
2024-10-11 02:08:49 startup archives unpack
2024-10-11 02:08:49 upgrade sysvinit-utils:amd64 2.96-2.1ubuntu1 2.96-2.1ubuntu1
2024-10-11 02:08:49 status half-configured sysvinit-utils:amd64 2.96-2.1ubuntu1
2024-10-11 02:08:49 status unpacked sysvinit-utils:amd64 2.96-2.1ubuntu1
2024-10-11 02:08:49 status half-installed sysvinit-utils:amd64 2.96-2.1ubuntu1
2024-10-11 02:08:49 status unpacked sysvinit-utils:amd64 2.96-2.1ubuntu1
2024-10-11 02:08:49 startup packages configure
2024-10-11 02:08:49 configure sysvinit-utils:amd64 2.96-2.1ubuntu1 <none>
2024-10-11 02:08:49 status unpacked sysvinit-utils:amd64 2.96-2.1ubuntu1
2024-10-11 02:08:49 status half-configured sysvinit-utils:amd64 2.96-2.1ubuntu1
2024-10-11 02:08:49 status installed sysvinit-utils:amd64 2.96-2.1ubuntu1
2024-10-11 02:08:49 startup packages configure
2024-10-11 02:08:52 startup archives unpack
2024-10-11 02:08:52 upgrade tar:amd64 1.30+dfsg-7 1.30+dfsg-7
2024-10-11 02:08:52 status half-configured tar:amd64 1.30+dfsg-7
2024-10-11 02:08:52 status unpacked tar:amd64 1.30+dfsg-7
2024-10-11 02:08:52 status half-installed tar:amd64 1.30+dfsg-7
2024-10-11 02:08:52 status unpacked tar:amd64 1.30+dfsg-7
2024-10-11 02:08:53 startup packages configure
2024-10-11 02:08:53 configure tar:amd64 1.30+dfsg-7 <none>
2024-10-11 02:08:53 status unpacked tar:amd64 1.30+dfsg-7
2024-10-11 02:08:53 status half-configured tar:amd64 1.30+dfsg-7
2024-10-11 02:08:53 status installed tar:amd64 1.30+dfsg-7
2024-10-11 02:08:53 startup packages configure
2024-10-11 02:08:56 startup archives unpack
2024-10-11 02:08:56 upgrade ubuntu-keyring:all 2020.02.11.2 2020.02.11.2
2024-10-11 02:08:56 status half-configured ubuntu-keyring:all 2020.02.11.2
2024-10-11 02:08:56 status unpacked ubuntu-keyring:all 2020.02.11.2
2024-10-11 02:08:56 status half-installed ubuntu-keyring:all 2020.02.11.2
2024-10-11 02:08:56 status unpacked ubuntu-keyring:all 2020.02.11.2
2024-10-11 02:08:56 startup packages configure
2024-10-11 02:08:56 configure ubuntu-keyring:all 2020.02.11.2 <none>
2024-10-11 02:08:56 status unpacked ubuntu-keyring:all 2020.02.11.2
2024-10-11 02:08:56 status half-configured ubuntu-keyring:all 2020.02.11.2
2024-10-11 02:08:56 status installed ubuntu-keyring:all 2020.02.11.2
2024-10-11 02:08:56 startup packages configure
2024-10-11 02:08:59 startup archives unpack
2024-10-11 02:08:59 upgrade util-linux:amd64 2.34-0.1ubuntu9 2.34-0.1ubuntu9
2024-10-11 02:08:59 status half-configured util-linux:amd64 2.34-0.1ubuntu9
2024-10-11 02:08:59 status unpacked util-linux:amd64 2.34-0.1ubuntu9
2024-10-11 02:08:59 status half-installed util-linux:amd64 2.34-0.1ubuntu9
2024-10-11 02:08:59 status unpacked util-linux:amd64 2.34-0.1ubuntu9
2024-10-11 02:09:00 startup packages configure
2024-10-11 02:09:00 configure util-linux:amd64 2.34-0.1ubuntu9 <none>
2024-10-11 02:09:00 status unpacked util-linux:amd64 2.34-0.1ubuntu9
2024-10-11 02:09:00 status half-configured util-linux:amd64 2.34-0.1ubuntu9
2024-10-11 02:09:00 status installed util-linux:amd64 2.34-0.1ubuntu9
2024-10-11 02:09:00 startup packages configure
2024-10-11 02:09:03 startup archives unpack
2024-10-11 02:09:03 upgrade zlib1g:amd64 1:1.2.11.dfsg-2ubuntu1 1:1.2.11.dfsg-2ubuntu1
2024-10-11 02:09:03 status triggers-pending libc-bin:amd64 2.31-0ubuntu9
2024-10-11 02:09:03 status half-configured zlib1g:amd64 1:1.2.11.dfsg-2ubuntu1
2024-10-11 02:09:03 status unpacked zlib1g:amd64 1:1.2.11.dfsg-2ubuntu1
2024-10-11 02:09:03 status half-installed zlib1g:amd64 1:1.2.11.dfsg-2ubuntu1
2024-10-11 02:09:03 status unpacked zlib1g:amd64 1:1.2.11.dfsg-2ubuntu1
2024-10-11 02:09:03 startup packages configure
2024-10-11 02:09:03 configure zlib1g:amd64 1:1.2.11.dfsg-2ubuntu1 <none>
2024-10-11 02:09:03 status unpacked zlib1g:amd64 1:1.2.11.dfsg-2ubuntu1
2024-10-11 02:09:03 status half-configured zlib1g:amd64 1:1.2.11.dfsg-2ubuntu1
2024-10-11 02:09:03 status installed zlib1g:amd64 1:1.2.11.dfsg-2ubuntu1
2024-10-11 02:09:04 startup packages configure
2024-10-11 02:09:04 trigproc libc-bin:amd64 2.31-0ubuntu9 <none>
2024-10-11 02:09:04 status half-configured libc-bin:amd64 2.31-0ubuntu9
2024-10-11 02:09:04 status installed libc-bin:amd64 2.31-0ubuntu9
2024-10-11 02:09:10 startup archives unpack
2024-10-11 02:09:10 upgrade ubuntu-keyring:all 2020.02.11.2 2020.02.11.4
2024-10-11 02:09:10 status half-configured ubuntu-keyring:all 2020.02.11.2
2024-10-11 02:09:10 status unpacked ubuntu-keyring:all 2020.02.11.2
2024-10-11 02:09:10 status half-installed ubuntu-keyring:all 2020.02.11.2
2024-10-11 02:09:10 status unpacked ubuntu-keyring:all 2020.02.11.4
2024-10-11 02:09:10 startup packages configure
2024-10-11 02:09:10 configure ubuntu-keyring:all 2020.02.11.4 <none>
2024-10-11 02:09:10 status unpacked ubuntu-keyring:all 2020.02.11.4
2024-10-11 02:09:10 status half-configured ubuntu-keyring:all 2020.02.11.4
2024-10-11 02:09:10 status installed ubuntu-keyring:all 2020.02.11.4
2024-10-11 02:09:10 startup packages configure
2024-10-11 02:09:13 startup archives unpack
2024-10-11 02:09:13 upgrade gcc-10-base:amd64 10-20200411-0ubuntu1 10.5.0-1ubuntu1~20.04
2024-10-11 02:09:13 status half-configured gcc-10-base:amd64 10-20200411-0ubuntu1
2024-10-11 02:09:13 status unpacked gcc-10-base:amd64 10-20200411-0ubuntu1
2024-10-11 02:09:13 status half-installed gcc-10-base:amd64 10-20200411-0ubuntu1
2024-10-11 02:09:13 status unpacked gcc-10-base:amd64 10.5.0-1ubuntu1~20.04
2024-10-11 02:09:13 startup packages configure
2024-10-11 02:09:13 configure gcc-10-base:amd64 10.5.0-1ubuntu1~20.04 <none>
2024-10-11 02:09:13 status unpacked gcc-10-base:amd64 10.5.0-1ubuntu1~20.04
2024-10-11 02:09:13 status half-configured gcc-10-base:amd64 10.5.0-1ubuntu1~20.04
2024-10-11 02:09:13 status installed gcc-10-base:amd64 10.5.0-1ubuntu1~20.04
2024-10-11 02:09:13 startup archives unpack
2024-10-11 02:09:13 upgrade libgcc-s1:amd64 10-20200411-0ubuntu1 10.5.0-1ubuntu1~20.04
2024-10-11 02:09:13 status triggers-pending libc-bin:amd64 2.31-0ubuntu9
2024-10-11 02:09:13 status half-configured libgcc-s1:amd64 10-20200411-0ubuntu1
2024-10-11 02:09:13 status unpacked libgcc-s1:amd64 10-20200411-0ubuntu1
2024-10-11 02:09:13 status half-installed libgcc-s1:amd64 10-20200411-0ubuntu1
2024-10-11 02:09:13 status unpacked libgcc-s1:amd64 10.5.0-1ubuntu1~20.04
2024-10-11 02:09:13 startup packages configure
2024-10-11 02:09:13 configure libgcc-s1:amd64 10.5.0-1ubuntu1~20.04 <none>
2024-10-11 02:09:13 status unpacked libgcc-s1:amd64 10.5.0-1ubuntu1~20.04
2024-10-11 02:09:13 status half-configured libgcc-s1:amd64 10.5.0-1ubuntu1~20.04
2024-10-11 02:09:13 status installed libgcc-s1:amd64 10.5.0-1ubuntu1~20.04
2024-10-11 02:09:13 startup archives unpack
2024-10-11 02:09:13 upgrade libstdc++6:amd64 10-20200411-0ubuntu1 10.5.0-1ubuntu1~20.04
2024-10-11 02:09:13 status half-configured libstdc++6:amd64 10-20200411-0ubuntu1
2024-10-11 02:09:13 status unpacked libstdc++6:amd64 10-20200411-0ubuntu1
2024-10-11 02:09:13 status half-installed libstdc++6:amd64 10-20200411-0ubuntu1
2024-10-11 02:09:13 status unpacked libstdc++6:amd64 10.5.0-1ubuntu1~20.04
2024-10-11 02:09:13 startup packages configure
2024-10-11 02:09:13 configure libstdc++6:amd64 10.5.0-1ubuntu1~20.04 <none>
2024-10-11 02:09:13 status unpacked libstdc++6:amd64 10.5.0-1ubuntu1~20.04
2024-10-11 02:09:13 status half-configured libstdc++6:amd64 10.5.0-1ubuntu1~20.04
2024-10-11 02:09:13 status installed libstdc++6:amd64 10.5.0-1ubuntu1~20.04
2024-10-11 02:09:13 startup archives unpack
2024-10-11 02:09:13 upgrade libc6:amd64 2.31-0ubuntu9 2.31-0ubuntu9.16
2024-10-11 02:09:13 status half-configured libc6:amd64 2.31-0ubuntu9
2024-10-11 02:09:13 status unpacked libc6:amd64 2.31-0ubuntu9
2024-10-11 02:09:13 status half-installed libc6:amd64 2.31-0ubuntu9
2024-10-11 02:09:13 status unpacked libc6:amd64 2.31-0ubuntu9.16
2024-10-11 02:09:13 startup packages configure
2024-10-11 02:09:13 configure libc6:amd64 2.31-0ubuntu9.16 <none>
2024-10-11 02:09:13 status unpacked libc6:amd64 2.31-0ubuntu9.16
2024-10-11 02:09:13 status half-configured libc6:amd64 2.31-0ubuntu9.16
2024-10-11 02:09:13 status installed libc6:amd64 2.31-0ubuntu9.16
2024-10-11 02:09:13 startup archives unpack
2024-10-11 02:09:13 upgrade base-files:amd64 11ubuntu5 11ubuntu5.8
2024-10-11 02:09:13 status half-configured base-files:amd64 11ubuntu5
2024-10-11 02:09:13 status unpacked base-files:amd64 11ubuntu5
2024-10-11 02:09:13 status half-installed base-files:amd64 11ubuntu5
2024-10-11 02:09:13 status unpacked base-files:amd64 11ubuntu5.8
2024-10-11 02:09:13 startup packages configure
2024-10-11 02:09:13 configure base-files:amd64 11ubuntu5.8 <none>
2024-10-11 02:09:13 status unpacked base-files:amd64 11ubuntu5.8
2024-10-11 02:09:14 status half-configured base-files:amd64 11ubuntu5.8
2024-10-11 02:09:14 status installed base-files:amd64 11ubuntu5.8
2024-10-11 02:09:14 startup archives unpack
2024-10-11 02:09:14 upgrade bash:amd64 5.0-6ubuntu1 5.0-6ubuntu1.2
2024-10-11 02:09:14 status half-configured bash:amd64 5.0-6ubuntu1
2024-10-11 02:09:14 status unpacked bash:amd64 5.0-6ubuntu1
2024-10-11 02:09:14 status half-installed bash:amd64 5.0-6ubuntu1
2024-10-11 02:09:14 status unpacked bash:amd64 5.0-6ubuntu1.2
2024-10-11 02:09:14 startup packages configure
2024-10-11 02:09:14 configure bash:amd64 5.0-6ubuntu1.2 <none>
2024-10-11 02:09:14 status unpacked bash:amd64 5.0-6ubuntu1.2
2024-10-11 02:09:14 status half-configured bash:amd64 5.0-6ubuntu1.2
2024-10-11 02:09:14 status installed bash:amd64 5.0-6ubuntu1.2
2024-10-11 02:09:14 startup archives unpack
2024-10-11 02:09:14 upgrade bsdutils:amd64 1:2.34-0.1ubuntu9 1:2.34-0.1ubuntu9.6
2024-10-11 02:09:14 status half-configured bsdutils:amd64 1:2.34-0.1ubuntu9
2024-10-11 02:09:14 status unpacked bsdutils:amd64 1:2.34-0.1ubuntu9
2024-10-11 02:09:14 status half-installed bsdutils:amd64 1:2.34-0.1ubuntu9
2024-10-11 02:09:14 status unpacked bsdutils:amd64 1:2.34-0.1ubuntu9.6
2024-10-11 02:09:14 startup packages configure
2024-10-11 02:09:14 configure bsdutils:amd64 1:2.34-0.1ubuntu9.6 <none>
2024-10-11 02:09:14 status unpacked bsdutils:amd64 1:2.34-0.1ubuntu9.6
2024-10-11 02:09:14 status half-configured bsdutils:amd64 1:2.34-0.1ubuntu9.6
2024-10-11 02:09:14 status installed bsdutils:amd64 1:2.34-0.1ubuntu9.6
2024-10-11 02:09:14 startup archives unpack
2024-10-11 02:09:14 upgrade tar:amd64 1.30+dfsg-7 1.30+dfsg-7ubuntu0.20.04.4
2024-10-11 02:09:14 status half-configured tar:amd64 1.30+dfsg-7
2024-10-11 02:09:14 status unpacked tar:amd64 1.30+dfsg-7
2024-10-11 02:09:14 status half-installed tar:amd64 1.30+dfsg-7
2024-10-11 02:09:14 status unpacked tar:amd64 1.30+dfsg-7ubuntu0.20.04.4
2024-10-11 02:09:14 startup packages configure
2024-10-11 02:09:14 configure tar:amd64 1.30+dfsg-7ubuntu0.20.04.4 <none>
2024-10-11 02:09:14 status unpacked tar:amd64 1.30+dfsg-7ubuntu0.20.04.4
2024-10-11 02:09:14 status half-configured tar:amd64 1.30+dfsg-7ubuntu0.20.04.4
2024-10-11 02:09:14 status installed tar:amd64 1.30+dfsg-7ubuntu0.20.04.4
2024-10-11 02:09:14 startup archives unpack
2024-10-11 02:09:14 upgrade dpkg:amd64 1.19.7ubuntu3 1.19.7ubuntu3.2
2024-10-11 02:09:14 status half-configured dpkg:amd64 1.19.7ubuntu3
2024-10-11 02:09:14 status unpacked dpkg:amd64 1.19.7ubuntu3
2024-10-11 02:09:14 status half-installed dpkg:amd64 1.19.7ubuntu3
2024-10-11 02:09:14 status unpacked dpkg:amd64 1.19.7ubuntu3.2
2024-10-11 02:09:14 startup packages configure
2024-10-11 02:09:14 configure dpkg:amd64 1.19.7ubuntu3.2 <none>
2024-10-11 02:09:14 status unpacked dpkg:amd64 1.19.7ubuntu3.2
2024-10-11 02:09:14 status half-configured dpkg:amd64 1.19.7ubuntu3.2
2024-10-11 02:09:14 status installed dpkg:amd64 1.19.7ubuntu3.2
2024-10-11 02:09:14 startup archives unpack
2024-10-11 02:09:14 upgrade gzip:amd64 1.10-0ubuntu4 1.10-0ubuntu4.1
2024-10-11 02:09:14 status half-configured gzip:amd64 1.10-0ubuntu4
2024-10-11 02:09:14 status unpacked gzip:amd64 1.10-0ubuntu4
2024-10-11 02:09:14 status half-installed gzip:amd64 1.10-0ubuntu4
2024-10-11 02:09:14 status unpacked gzip:amd64 1.10-0ubuntu4.1
2024-10-11 02:09:14 startup packages configure
2024-10-11 02:09:14 configure gzip:amd64 1.10-0ubuntu4.1 <none>
2024-10-11 02:09:14 status unpacked gzip:amd64 1.10-0ubuntu4.1
2024-10-11 02:09:14 status half-configured gzip:amd64 1.10-0ubuntu4.1
2024-10-11 02:09:14 status installed gzip:amd64 1.10-0ubuntu4.1
2024-10-11 02:09:14 startup archives unpack
2024-10-11 02:09:14 upgrade login:amd64 1:4.8.1-1ubuntu5 1:4.8.1-1ubuntu5.20.04.5
2024-10-11 02:09:14 status half-configured login:amd64 1:4.8.1-1ubuntu5
2024-10-11 02:09:14 status unpacked login:amd64 1:4.8.1-1ubuntu5
2024-10-11 02:09:14 status half-installed login:amd64 1:4.8.1-1ubuntu5
2024-10-11 02:09:14 status unpacked login:amd64 1:4.8.1-1ubuntu5.20.04.5
2024-10-11 02:09:14 startup packages configure
2024-10-11 02:09:14 configure login:amd64 1:4.8.1-1ubuntu5.20.04.5 <none>
2024-10-11 02:09:14 status unpacked login:amd64 1:4.8.1-1ubuntu5.20.04.5
2024-10-11 02:09:14 status half-configured login:amd64 1:4.8.1-1ubuntu5.20.04.5
2024-10-11 02:09:14 status installed login:amd64 1:4.8.1-1ubuntu5.20.04.5
2024-10-11 02:09:14 startup archives unpack
2024-10-11 02:09:14 upgrade ncurses-bin:amd64 6.2-0ubuntu2 6.2-0ubuntu2.1
2024-10-11 02:09:14 status half-configured ncurses-bin:amd64 6.2-0ubuntu2
2024-10-11 02:09:14 status unpacked ncurses-bin:amd64 6.2-0ubuntu2
2024-10-11 02:09:14 status half-installed ncurses-bin:amd64 6.2-0ubuntu2
2024-10-11 02:09:14 status unpacked ncurses-bin:amd64 6.2-0ubuntu2.1
2024-10-11 02:09:14 startup packages configure
2024-10-11 02:09:14 configure ncurses-bin:amd64 6.2-0ubuntu2.1 <none>
2024-10-11 02:09:14 status unpacked ncurses-bin:amd64 6.2-0ubuntu2.1
2024-10-11 02:09:14 status half-configured ncurses-bin:amd64 6.2-0ubuntu2.1
2024-10-11 02:09:14 status installed ncurses-bin:amd64 6.2-0ubuntu2.1
2024-10-11 02:09:14 startup archives unpack
2024-10-11 02:09:14 upgrade perl-base:amd64 5.30.0-9build1 5.30.0-9ubuntu0.5
2024-10-11 02:09:14 status half-configured perl-base:amd64 5.30.0-9build1
2024-10-11 02:09:14 status unpacked perl-base:amd64 5.30.0-9build1
2024-10-11 02:09:14 status half-installed perl-base:amd64 5.30.0-9build1
2024-10-11 02:09:15 status unpacked perl-base:amd64 5.30.0-9ubuntu0.5
2024-10-11 02:09:15 startup packages configure
2024-10-11 02:09:15 configure perl-base:amd64 5.30.0-9ubuntu0.5 <none>
2024-10-11 02:09:15 status unpacked perl-base:amd64 5.30.0-9ubuntu0.5
2024-10-11 02:09:15 status half-configured perl-base:amd64 5.30.0-9ubuntu0.5
2024-10-11 02:09:15 status installed perl-base:amd64 5.30.0-9ubuntu0.5
2024-10-11 02:09:15 startup archives unpack
2024-10-11 02:09:15 upgrade libblkid1:amd64 2.34-0.1ubuntu9 2.34-0.1ubuntu9.6
2024-10-11 02:09:15 status half-configured libblkid1:amd64 2.34-0.1ubuntu9
2024-10-11 02:09:15 status unpacked libblkid1:amd64 2.34-0.1ubuntu9
2024-10-11 02:09:15 status half-installed libblkid1:amd64 2.34-0.1ubuntu9
2024-10-11 02:09:15 status unpacked libblkid1:amd64 2.34-0.1ubuntu9.6
2024-10-11 02:09:15 startup packages configure
2024-10-11 02:09:15 configure libblkid1:amd64 2.34-0.1ubuntu9.6 <none>
2024-10-11 02:09:15 status unpacked libblkid1:amd64 2.34-0.1ubuntu9.6
2024-10-11 02:09:15 status half-configured libblkid1:amd64 2.34-0.1ubuntu9.6
2024-10-11 02:09:15 status installed libblkid1:amd64 2.34-0.1ubuntu9.6
2024-10-11 02:09:15 startup archives unpack
2024-10-11 02:09:15 upgrade libuuid1:amd64 2.34-0.1ubuntu9 2.34-0.1ubuntu9.6
2024-10-11 02:09:15 status half-configured libuuid1:amd64 2.34-0.1ubuntu9
2024-10-11 02:09:15 status unpacked libuuid1:amd64 2.34-0.1ubuntu9
2024-10-11 02:09:15 status half-installed libuuid1:amd64 2.34-0.1ubuntu9
2024-10-11 02:09:15 status unpacked libuuid1:amd64 2.34-0.1ubuntu9.6
2024-10-11 02:09:15 startup packages configure
2024-10-11 02:09:15 configure libuuid1:amd64 2.34-0.1ubuntu9.6 <none>
2024-10-11 02:09:15 status unpacked libuuid1:amd64 2.34-0.1ubuntu9.6
2024-10-11 02:09:15 status half-configured libuuid1:amd64 2.34-0.1ubuntu9.6
2024-10-11 02:09:15 status installed libuuid1:amd64 2.34-0.1ubuntu9.6
2024-10-11 02:09:15 startup archives unpack
2024-10-11 02:09:15 upgrade libfdisk1:amd64 2.34-0.1ubuntu9 2.34-0.1ubuntu9.6
2024-10-11 02:09:15 status half-configured libfdisk1:amd64 2.34-0.1ubuntu9
2024-10-11 02:09:15 status unpacked libfdisk1:amd64 2.34-0.1ubuntu9
2024-10-11 02:09:15 status half-installed libfdisk1:amd64 2.34-0.1ubuntu9
2024-10-11 02:09:15 status unpacked libfdisk1:amd64 2.34-0.1ubuntu9.6
2024-10-11 02:09:15 upgrade libmount1:amd64 2.34-0.1ubuntu9 2.34-0.1ubuntu9.6
2024-10-11 02:09:15 status half-configured libmount1:amd64 2.34-0.1ubuntu9
2024-10-11 02:09:15 status unpacked libmount1:amd64 2.34-0.1ubuntu9
2024-10-11 02:09:15 status half-installed libmount1:amd64 2.34-0.1ubuntu9
2024-10-11 02:09:15 status unpacked libmount1:amd64 2.34-0.1ubuntu9.6
2024-10-11 02:09:15 startup packages configure
2024-10-11 02:09:15 configure libmount1:amd64 2.34-0.1ubuntu9.6 <none>
2024-10-11 02:09:15 status unpacked libmount1:amd64 2.34-0.1ubuntu9.6
2024-10-11 02:09:15 status half-configured libmount1:amd64 2.34-0.1ubuntu9.6
2024-10-11 02:09:15 status installed libmount1:amd64 2.34-0.1ubuntu9.6
2024-10-11 02:09:15 startup archives unpack
2024-10-11 02:09:15 upgrade libncurses6:amd64 6.2-0ubuntu2 6.2-0ubuntu2.1
2024-10-11 02:09:15 status half-configured libncurses6:amd64 6.2-0ubuntu2
2024-10-11 02:09:15 status unpacked libncurses6:amd64 6.2-0ubuntu2
2024-10-11 02:09:15 status half-installed libncurses6:amd64 6.2-0ubuntu2
2024-10-11 02:09:15 status unpacked libncurses6:amd64 6.2-0ubuntu2.1
2024-10-11 02:09:15 upgrade libncursesw6:amd64 6.2-0ubuntu2 6.2-0ubuntu2.1
2024-10-11 02:09:15 status half-configured libncursesw6:amd64 6.2-0ubuntu2
2024-10-11 02:09:15 status unpacked libncursesw6:amd64 6.2-0ubuntu2
2024-10-11 02:09:15 status half-installed libncursesw6:amd64 6.2-0ubuntu2
2024-10-11 02:09:15 status unpacked libncursesw6:amd64 6.2-0ubuntu2.1
2024-10-11 02:09:15 upgrade libtinfo6:amd64 6.2-0ubuntu2 6.2-0ubuntu2.1
2024-10-11 02:09:15 status half-configured libtinfo6:amd64 6.2-0ubuntu2
2024-10-11 02:09:15 status unpacked libtinfo6:amd64 6.2-0ubuntu2
2024-10-11 02:09:15 status half-installed libtinfo6:amd64 6.2-0ubuntu2
2024-10-11 02:09:15 status unpacked libtinfo6:amd64 6.2-0ubuntu2.1
2024-10-11 02:09:15 startup packages configure
2024-10-11 02:09:15 configure libtinfo6:amd64 6.2-0ubuntu2.1 <none>
2024-10-11 02:09:15 status unpacked libtinfo6:amd64 6.2-0ubuntu2.1
2024-10-11 02:09:15 status half-configured libtinfo6:amd64 6.2-0ubuntu2.1
2024-10-11 02:09:15 status installed libtinfo6:amd64 6.2-0ubuntu2.1
2024-10-11 02:09:15 startup archives unpack
2024-10-11 02:09:15 upgrade libsmartcols1:amd64 2.34-0.1ubuntu9 2.34-0.1ubuntu9.6
2024-10-11 02:09:15 status half-configured libsmartcols1:amd64 2.34-0.1ubuntu9
2024-10-11 02:09:15 status unpacked libsmartcols1:amd64 2.34-0.1ubuntu9
2024-10-11 02:09:15 status half-installed libsmartcols1:amd64 2.34-0.1ubuntu9
2024-10-11 02:09:15 status unpacked libsmartcols1:amd64 2.34-0.1ubuntu9.6
2024-10-11 02:09:15 startup packages configure
2024-10-11 02:09:15 configure libsmartcols1:amd64 2.34-0.1ubuntu9.6 <none>
2024-10-11 02:09:15 status unpacked libsmartcols1:amd64 2.34-0.1ubuntu9.6
2024-10-11 02:09:15 status half-configured libsmartcols1:amd64 2.34-0.1ubuntu9.6
2024-10-11 02:09:15 status installed libsmartcols1:amd64 2.34-0.1ubuntu9.6
2024-10-11 02:09:15 startup archives unpack
2024-10-11 02:09:15 upgrade fdisk:amd64 2.34-0.1ubuntu9 2.34-0.1ubuntu9.6
2024-10-11 02:09:15 status half-configured fdisk:amd64 2.34-0.1ubuntu9
2024-10-11 02:09:15 status unpacked fdisk:amd64 2.34-0.1ubuntu9
2024-10-11 02:09:15 status half-installed fdisk:amd64 2.34-0.1ubuntu9
2024-10-11 02:09:15 status unpacked fdisk:amd64 2.34-0.1ubuntu9.6
2024-10-11 02:09:15 upgrade util-linux:amd64 2.34-0.1ubuntu9 2.34-0.1ubuntu9.6
2024-10-11 02:09:15 status half-configured util-linux:amd64 2.34-0.1ubuntu9
2024-10-11 02:09:15 status unpacked util-linux:amd64 2.34-0.1ubuntu9
2024-10-11 02:09:15 status half-installed util-linux:amd64 2.34-0.1ubuntu9
2024-10-11 02:09:16 status unpacked util-linux:amd64 2.34-0.1ubuntu9.6
2024-10-11 02:09:16 startup packages configure
2024-10-11 02:09:16 configure util-linux:amd64 2.34-0.1ubuntu9.6 <none>
2024-10-11 02:09:16 status unpacked util-linux:amd64 2.34-0.1ubuntu9.6
2024-10-11 02:09:16 status half-configured util-linux:amd64 2.34-0.1ubuntu9.6
2024-10-11 02:09:16 status installed util-linux:amd64 2.34-0.1ubuntu9.6
2024-10-11 02:09:16 startup archives unpack
2024-10-11 02:09:16 upgrade libc-bin:amd64 2.31-0ubuntu9 2.31-0ubuntu9.16
2024-10-11 02:09:16 status half-configured libc-bin:amd64 2.31-0ubuntu9
2024-10-11 02:09:16 status unpacked libc-bin:amd64 2.31-0ubuntu9
2024-10-11 02:09:16 status half-installed libc-bin:amd64 2.31-0ubuntu9
2024-10-11 02:09:16 status unpacked libc-bin:amd64 2.31-0ubuntu9.16
2024-10-11 02:09:16 startup packages configure
2024-10-11 02:09:16 configure libc-bin:amd64 2.31-0ubuntu9.16 <none>
2024-10-11 02:09:16 status unpacked libc-bin:amd64 2.31-0ubuntu9.16
2024-10-11 02:09:16 status half-configured libc-bin:amd64 2.31-0ubuntu9.16
2024-10-11 02:09:16 status installed libc-bin:amd64 2.31-0ubuntu9.16
2024-10-11 02:09:16 startup archives unpack
2024-10-11 02:09:16 upgrade ncurses-base:all 6.2-0ubuntu2 6.2-0ubuntu2.1
2024-10-11 02:09:16 status half-configured ncurses-base:all 6.2-0ubuntu2
2024-10-11 02:09:16 status unpacked ncurses-base:all 6.2-0ubuntu2
2024-10-11 02:09:16 status half-installed ncurses-base:all 6.2-0ubuntu2
2024-10-11 02:09:16 status unpacked ncurses-base:all 6.2-0ubuntu2.1
2024-10-11 02:09:16 startup packages configure
2024-10-11 02:09:16 configure ncurses-base:all 6.2-0ubuntu2.1 <none>
2024-10-11 02:09:16 status unpacked ncurses-base:all 6.2-0ubuntu2.1
2024-10-11 02:09:16 status half-configured ncurses-base:all 6.2-0ubuntu2.1
2024-10-11 02:09:16 status installed ncurses-base:all 6.2-0ubuntu2.1
2024-10-11 02:09:16 startup archives unpack
2024-10-11 02:09:16 upgrade libgcrypt20:amd64 1.8.5-5ubuntu1 1.8.5-5ubuntu1.1
2024-10-11 02:09:16 status triggers-pending libc-bin:amd64 2.31-0ubuntu9.16
2024-10-11 02:09:16 status half-configured libgcrypt20:amd64 1.8.5-5ubuntu1
2024-10-11 02:09:16 status unpacked libgcrypt20:amd64 1.8.5-5ubuntu1
2024-10-11 02:09:16 status half-installed libgcrypt20:amd64 1.8.5-5ubuntu1
2024-10-11 02:09:16 status unpacked libgcrypt20:amd64 1.8.5-5ubuntu1.1
2024-10-11 02:09:16 startup packages configure
2024-10-11 02:09:16 configure libgcrypt20:amd64 1.8.5-5ubuntu1.1 <none>
2024-10-11 02:09:16 status unpacked libgcrypt20:amd64 1.8.5-5ubuntu1.1
2024-10-11 02:09:16 status half-configured libgcrypt20:amd64 1.8.5-5ubuntu1.1
2024-10-11 02:09:16 status installed libgcrypt20:amd64 1.8.5-5ubuntu1.1
2024-10-11 02:09:16 startup archives unpack
2024-10-11 02:09:16 upgrade liblz4-1:amd64 1.9.2-2 1.9.2-2ubuntu0.20.04.1
2024-10-11 02:09:16 status half-configured liblz4-1:amd64 1.9.2-2
2024-10-11 02:09:16 status unpacked liblz4-1:amd64 1.9.2-2
2024-10-11 02:09:16 status half-installed liblz4-1:amd64 1.9.2-2
2024-10-11 02:09:16 status unpacked liblz4-1:amd64 1.9.2-2ubuntu0.20.04.1
2024-10-11 02:09:16 startup packages configure
2024-10-11 02:09:16 configure liblz4-1:amd64 1.9.2-2ubuntu0.20.04.1 <none>
2024-10-11 02:09:16 status unpacked liblz4-1:amd64 1.9.2-2ubuntu0.20.04.1
2024-10-11 02:09:16 status half-configured liblz4-1:amd64 1.9.2-2ubuntu0.20.04.1
2024-10-11 02:09:16 status installed liblz4-1:amd64 1.9.2-2ubuntu0.20.04.1
2024-10-11 02:09:16 startup archives unpack
2024-10-11 02:09:16 upgrade liblzma5:amd64 5.2.4-1 5.2.4-1ubuntu1.1
2024-10-11 02:09:16 status half-configured liblzma5:amd64 5.2.4-1
2024-10-11 02:09:16 status unpacked liblzma5:amd64 5.2.4-1
2024-10-11 02:09:16 status half-installed liblzma5:amd64 5.2.4-1
2024-10-11 02:09:16 status unpacked liblzma5:amd64 5.2.4-1ubuntu1.1
2024-10-11 02:09:16 startup packages configure
2024-10-11 02:09:16 configure liblzma5:amd64 5.2.4-1ubuntu1.1 <none>
2024-10-11 02:09:16 status unpacked liblzma5:amd64 5.2.4-1ubuntu1.1
2024-10-11 02:09:16 status half-configured liblzma5:amd64 5.2.4-1ubuntu1.1
2024-10-11 02:09:16 status installed liblzma5:amd64 5.2.4-1ubuntu1.1
2024-10-11 02:09:16 startup archives unpack
2024-10-11 02:09:16 upgrade libsystemd0:amd64 245.4-4ubuntu3 245.4-4ubuntu3.24
2024-10-11 02:09:16 status half-configured libsystemd0:amd64 245.4-4ubuntu3
2024-10-11 02:09:16 status unpacked libsystemd0:amd64 245.4-4ubuntu3
2024-10-11 02:09:16 status half-installed libsystemd0:amd64 245.4-4ubuntu3
2024-10-11 02:09:16 status unpacked libsystemd0:amd64 245.4-4ubuntu3.24
2024-10-11 02:09:17 startup packages configure
2024-10-11 02:09:17 configure libsystemd0:amd64 245.4-4ubuntu3.24 <none>
2024-10-11 02:09:17 status unpacked libsystemd0:amd64 245.4-4ubuntu3.24
2024-10-11 02:09:17 status half-configured libsystemd0:amd64 245.4-4ubuntu3.24
2024-10-11 02:09:17 status installed libsystemd0:amd64 245.4-4ubuntu3.24
2024-10-11 02:09:17 startup archives unpack
2024-10-11 02:09:17 upgrade libudev1:amd64 245.4-4ubuntu3 245.4-4ubuntu3.24
2024-10-11 02:09:17 status half-configured libudev1:amd64 245.4-4ubuntu3
2024-10-11 02:09:17 status unpacked libudev1:amd64 245.4-4ubuntu3
2024-10-11 02:09:17 status half-installed libudev1:amd64 245.4-4ubuntu3
2024-10-11 02:09:17 status unpacked libudev1:amd64 245.4-4ubuntu3.24
2024-10-11 02:09:17 startup packages configure
2024-10-11 02:09:17 configure libudev1:amd64 245.4-4ubuntu3.24 <none>
2024-10-11 02:09:17 status unpacked libudev1:amd64 245.4-4ubuntu3.24
2024-10-11 02:09:17 status half-configured libudev1:amd64 245.4-4ubuntu3.24
2024-10-11 02:09:17 status installed libudev1:amd64 245.4-4ubuntu3.24
2024-10-11 02:09:17 startup archives unpack
2024-10-11 02:09:17 upgrade libzstd1:amd64 1.4.4+dfsg-3 1.4.4+dfsg-3ubuntu0.1
2024-10-11 02:09:17 status half-configured libzstd1:amd64 1.4.4+dfsg-3
2024-10-11 02:09:17 status unpacked libzstd1:amd64 1.4.4+dfsg-3
2024-10-11 02:09:17 status half-installed libzstd1:amd64 1.4.4+dfsg-3
2024-10-11 02:09:17 status unpacked libzstd1:amd64 1.4.4+dfsg-3ubuntu0.1
2024-10-11 02:09:17 startup packages configure
2024-10-11 02:09:17 configure libzstd1:amd64 1.4.4+dfsg-3ubuntu0.1 <none>
2024-10-11 02:09:17 status unpacked libzstd1:amd64 1.4.4+dfsg-3ubuntu0.1
2024-10-11 02:09:17 status half-configured libzstd1:amd64 1.4.4+dfsg-3ubuntu0.1
2024-10-11 02:09:17 status installed libzstd1:amd64 1.4.4+dfsg-3ubuntu0.1
2024-10-11 02:09:17 startup archives unpack
2024-10-11 02:09:17 upgrade zlib1g:amd64 1:1.2.11.dfsg-2ubuntu1 1:1.2.11.dfsg-2ubuntu1.5
2024-10-11 02:09:17 status half-configured zlib1g:amd64 1:1.2.11.dfsg-2ubuntu1
2024-10-11 02:09:17 status unpacked zlib1g:amd64 1:1.2.11.dfsg-2ubuntu1
2024-10-11 02:09:17 status half-installed zlib1g:amd64 1:1.2.11.dfsg-2ubuntu1
2024-10-11 02:09:17 status unpacked zlib1g:amd64 1:1.2.11.dfsg-2ubuntu1.5
2024-10-11 02:09:17 startup packages configure
2024-10-11 02:09:17 configure zlib1g:amd64 1:1.2.11.dfsg-2ubuntu1.5 <none>
2024-10-11 02:09:17 status unpacked zlib1g:amd64 1:1.2.11.dfsg-2ubuntu1.5
2024-10-11 02:09:17 status half-configured zlib1g:amd64 1:1.2.11.dfsg-2ubuntu1.5
2024-10-11 02:09:17 status installed zlib1g:amd64 1:1.2.11.dfsg-2ubuntu1.5
2024-10-11 02:09:17 startup archives unpack
2024-10-11 02:09:17 upgrade libapt-pkg6.0:amd64 2.0.2 2.0.10
2024-10-11 02:09:17 status half-configured libapt-pkg6.0:amd64 2.0.2
2024-10-11 02:09:17 status unpacked libapt-pkg6.0:amd64 2.0.2
2024-10-11 02:09:17 status half-installed libapt-pkg6.0:amd64 2.0.2
2024-10-11 02:09:17 status unpacked libapt-pkg6.0:amd64 2.0.10
2024-10-11 02:09:17 startup packages configure
2024-10-11 02:09:17 configure libapt-pkg6.0:amd64 2.0.10 <none>
2024-10-11 02:09:17 status unpacked libapt-pkg6.0:amd64 2.0.10
2024-10-11 02:09:17 status half-configured libapt-pkg6.0:amd64 2.0.10
2024-10-11 02:09:17 status installed libapt-pkg6.0:amd64 2.0.10
2024-10-11 02:09:17 startup archives unpack
2024-10-11 02:09:17 upgrade gpgv:amd64 2.2.19-3ubuntu2 2.2.19-3ubuntu2.2
2024-10-11 02:09:17 status half-configured gpgv:amd64 2.2.19-3ubuntu2
2024-10-11 02:09:17 status unpacked gpgv:amd64 2.2.19-3ubuntu2
2024-10-11 02:09:17 status half-installed gpgv:amd64 2.2.19-3ubuntu2
2024-10-11 02:09:17 status unpacked gpgv:amd64 2.2.19-3ubuntu2.2
2024-10-11 02:09:17 startup packages configure
2024-10-11 02:09:17 configure gpgv:amd64 2.2.19-3ubuntu2.2 <none>
2024-10-11 02:09:17 status unpacked gpgv:amd64 2.2.19-3ubuntu2.2
2024-10-11 02:09:17 status half-configured gpgv:amd64 2.2.19-3ubuntu2.2
2024-10-11 02:09:17 status installed gpgv:amd64 2.2.19-3ubuntu2.2
2024-10-11 02:09:17 startup archives unpack
2024-10-11 02:09:17 upgrade libgmp10:amd64 2:6.2.0+dfsg-4 2:6.2.0+dfsg-4ubuntu0.1
2024-10-11 02:09:17 status half-configured libgmp10:amd64 2:6.2.0+dfsg-4
2024-10-11 02:09:17 status unpacked libgmp10:amd64 2:6.2.0+dfsg-4
2024-10-11 02:09:17 status half-installed libgmp10:amd64 2:6.2.0+dfsg-4
2024-10-11 02:09:17 status unpacked libgmp10:amd64 2:6.2.0+dfsg-4ubuntu0.1
2024-10-11 02:09:17 startup packages configure
2024-10-11 02:09:17 configure libgmp10:amd64 2:6.2.0+dfsg-4ubuntu0.1 <none>
2024-10-11 02:09:17 status unpacked libgmp10:amd64 2:6.2.0+dfsg-4ubuntu0.1
2024-10-11 02:09:17 status half-configured libgmp10:amd64 2:6.2.0+dfsg-4ubuntu0.1
2024-10-11 02:09:17 status installed libgmp10:amd64 2:6.2.0+dfsg-4ubuntu0.1
2024-10-11 02:09:17 startup archives unpack
2024-10-11 02:09:17 upgrade libnettle7:amd64 3.5.1+really3.5.1-2 3.5.1+really3.5.1-2ubuntu0.2
2024-10-11 02:09:17 status half-configured libnettle7:amd64 3.5.1+really3.5.1-2
2024-10-11 02:09:17 status unpacked libnettle7:amd64 3.5.1+really3.5.1-2
2024-10-11 02:09:17 status half-installed libnettle7:amd64 3.5.1+really3.5.1-2
2024-10-11 02:09:17 status unpacked libnettle7:amd64 3.5.1+really3.5.1-2ubuntu0.2
2024-10-11 02:09:17 startup packages configure
2024-10-11 02:09:17 configure libnettle7:amd64 3.5.1+really3.5.1-2ubuntu0.2 <none>
2024-10-11 02:09:17 status unpacked libnettle7:amd64 3.5.1+really3.5.1-2ubuntu0.2
2024-10-11 02:09:17 status half-configured libnettle7:amd64 3.5.1+really3.5.1-2ubuntu0.2
2024-10-11 02:09:17 status installed libnettle7:amd64 3.5.1+really3.5.1-2ubuntu0.2
2024-10-11 02:09:17 startup archives unpack
2024-10-11 02:09:17 upgrade libhogweed5:amd64 3.5.1+really3.5.1-2 3.5.1+really3.5.1-2ubuntu0.2
2024-10-11 02:09:17 status half-configured libhogweed5:amd64 3.5.1+really3.5.1-2
2024-10-11 02:09:17 status unpacked libhogweed5:amd64 3.5.1+really3.5.1-2
2024-10-11 02:09:17 status half-installed libhogweed5:amd64 3.5.1+really3.5.1-2
2024-10-11 02:09:17 status unpacked libhogweed5:amd64 3.5.1+really3.5.1-2ubuntu0.2
2024-10-11 02:09:17 startup packages configure
2024-10-11 02:09:17 configure libhogweed5:amd64 3.5.1+really3.5.1-2ubuntu0.2 <none>
2024-10-11 02:09:17 status unpacked libhogweed5:amd64 3.5.1+really3.5.1-2ubuntu0.2
2024-10-11 02:09:17 status half-configured libhogweed5:amd64 3.5.1+really3.5.1-2ubuntu0.2
2024-10-11 02:09:17 status installed libhogweed5:amd64 3.5.1+really3.5.1-2ubuntu0.2
2024-10-11 02:09:17 startup archives unpack
2024-10-11 02:09:17 upgrade libp11-kit0:amd64 0.23.20-1build1 0.23.20-1ubuntu0.1
2024-10-11 02:09:17 status half-configured libp11-kit0:amd64 0.23.20-1build1
2024-10-11 02:09:17 status unpacked libp11-kit0:amd64 0.23.20-1build1
2024-10-11 02:09:17 status half-installed libp11-kit0:amd64 0.23.20-1build1
2024-10-11 02:09:17 status unpacked libp11-kit0:amd64 0.23.20-1ubuntu0.1
2024-10-11 02:09:17 startup packages configure
2024-10-11 02:09:17 configure libp11-kit0:amd64 0.23.20-1ubuntu0.1 <none>
2024-10-11 02:09:17 status unpacked libp11-kit0:amd64 0.23.20-1ubuntu0.1
2024-10-11 02:09:17 status half-configured libp11-kit0:amd64 0.23.20-1ubuntu0.1
2024-10-11 02:09:17 status installed libp11-kit0:amd64 0.23.20-1ubuntu0.1
2024-10-11 02:09:17 startup archives unpack
2024-10-11 02:09:17 upgrade libgnutls30:amd64 3.6.13-2ubuntu1 3.6.13-2ubuntu1.11
2024-10-11 02:09:17 status half-configured libgnutls30:amd64 3.6.13-2ubuntu1
2024-10-11 02:09:17 status unpacked libgnutls30:amd64 3.6.13-2ubuntu1
2024-10-11 02:09:17 status half-installed libgnutls30:amd64 3.6.13-2ubuntu1
2024-10-11 02:09:17 status unpacked libgnutls30:amd64 3.6.13-2ubuntu1.11
2024-10-11 02:09:17 startup packages configure
2024-10-11 02:09:17 configure libgnutls30:amd64 3.6.13-2ubuntu1.11 <none>
2024-10-11 02:09:17 status unpacked libgnutls30:amd64 3.6.13-2ubuntu1.11
2024-10-11 02:09:18 status half-configured libgnutls30:amd64 3.6.13-2ubuntu1.11
2024-10-11 02:09:18 status installed libgnutls30:amd64 3.6.13-2ubuntu1.11
2024-10-11 02:09:18 startup archives unpack
2024-10-11 02:09:18 upgrade libseccomp2:amd64 2.4.3-1ubuntu1 2.5.1-1ubuntu1~20.04.2
2024-10-11 02:09:18 status half-configured libseccomp2:amd64 2.4.3-1ubuntu1
2024-10-11 02:09:18 status unpacked libseccomp2:amd64 2.4.3-1ubuntu1
2024-10-11 02:09:18 status half-installed libseccomp2:amd64 2.4.3-1ubuntu1
2024-10-11 02:09:18 status unpacked libseccomp2:amd64 2.5.1-1ubuntu1~20.04.2
2024-10-11 02:09:18 startup packages configure
2024-10-11 02:09:18 configure libseccomp2:amd64 2.5.1-1ubuntu1~20.04.2 <none>
2024-10-11 02:09:18 status unpacked libseccomp2:amd64 2.5.1-1ubuntu1~20.04.2
2024-10-11 02:09:18 status half-configured libseccomp2:amd64 2.5.1-1ubuntu1~20.04.2
2024-10-11 02:09:18 status installed libseccomp2:amd64 2.5.1-1ubuntu1~20.04.2
2024-10-11 02:09:18 startup archives unpack
2024-10-11 02:09:18 upgrade apt:amd64 2.0.2 2.0.10
2024-10-11 02:09:18 status half-configured apt:amd64 2.0.2
2024-10-11 02:09:18 status unpacked apt:amd64 2.0.2
2024-10-11 02:09:18 status half-installed apt:amd64 2.0.2
2024-10-11 02:09:18 status unpacked apt:amd64 2.0.10
2024-10-11 02:09:18 startup packages configure
2024-10-11 02:09:18 configure apt:amd64 2.0.10 <none>
2024-10-11 02:09:18 status unpacked apt:amd64 2.0.10
2024-10-11 02:09:18 status half-configured apt:amd64 2.0.10
2024-10-11 02:09:18 status installed apt:amd64 2.0.10
2024-10-11 02:09:18 startup archives unpack
2024-10-11 02:09:18 upgrade libpam0g:amd64 1.3.1-5ubuntu4 1.3.1-5ubuntu4.7
2024-10-11 02:09:18 status half-configured libpam0g:amd64 1.3.1-5ubuntu4
2024-10-11 02:09:18 status unpacked libpam0g:amd64 1.3.1-5ubuntu4
2024-10-11 02:09:18 status half-installed libpam0g:amd64 1.3.1-5ubuntu4
2024-10-11 02:09:18 status unpacked libpam0g:amd64 1.3.1-5ubuntu4.7
2024-10-11 02:09:18 startup packages configure
2024-10-11 02:09:18 configure libpam0g:amd64 1.3.1-5ubuntu4.7 <none>
2024-10-11 02:09:18 status unpacked libpam0g:amd64 1.3.1-5ubuntu4.7
2024-10-11 02:09:18 status half-configured libpam0g:amd64 1.3.1-5ubuntu4.7
2024-10-11 02:09:18 status installed libpam0g:amd64 1.3.1-5ubuntu4.7
2024-10-11 02:09:18 startup archives unpack
2024-10-11 02:09:18 upgrade libpam-modules-bin:amd64 1.3.1-5ubuntu4 1.3.1-5ubuntu4.7
2024-10-11 02:09:18 status half-configured libpam-modules-bin:amd64 1.3.1-5ubuntu4
2024-10-11 02:09:18 status unpacked libpam-modules-bin:amd64 1.3.1-5ubuntu4
2024-10-11 02:09:18 status half-installed libpam-modules-bin:amd64 1.3.1-5ubuntu4
2024-10-11 02:09:18 status unpacked libpam-modules-bin:amd64 1.3.1-5ubuntu4.7
2024-10-11 02:09:18 startup packages configure
2024-10-11 02:09:18 configure libpam-modules-bin:amd64 1.3.1-5ubuntu4.7 <none>
2024-10-11 02:09:18 status unpacked libpam-modules-bin:amd64 1.3.1-5ubuntu4.7
2024-10-11 02:09:18 status half-configured libpam-modules-bin:amd64 1.3.1-5ubuntu4.7
2024-10-11 02:09:18 status installed libpam-modules-bin:amd64 1.3.1-5ubuntu4.7
2024-10-11 02:09:18 startup archives unpack
2024-10-11 02:09:18 upgrade libpam-modules:amd64 1.3.1-5ubuntu4 1.3.1-5ubuntu4.7
2024-10-11 02:09:18 status half-configured libpam-modules:amd64 1.3.1-5ubuntu4
2024-10-11 02:09:18 status unpacked libpam-modules:amd64 1.3.1-5ubuntu4
2024-10-11 02:09:18 status half-installed libpam-modules:amd64 1.3.1-5ubuntu4
2024-10-11 02:09:18 status unpacked libpam-modules:amd64 1.3.1-5ubuntu4.7
2024-10-11 02:09:18 startup packages configure
2024-10-11 02:09:18 configure libpam-modules:amd64 1.3.1-5ubuntu4.7 <none>
2024-10-11 02:09:18 status unpacked libpam-modules:amd64 1.3.1-5ubuntu4.7
2024-10-11 02:09:18 status half-configured libpam-modules:amd64 1.3.1-5ubuntu4.7
2024-10-11 02:09:18 status installed libpam-modules:amd64 1.3.1-5ubuntu4.7
2024-10-11 02:09:19 startup archives unpack
2024-10-11 02:09:19 upgrade logsave:amd64 1.45.5-2ubuntu1 1.45.5-2ubuntu1.2
2024-10-11 02:09:19 status half-configured logsave:amd64 1.45.5-2ubuntu1
2024-10-11 02:09:19 status unpacked logsave:amd64 1.45.5-2ubuntu1
2024-10-11 02:09:19 status half-installed logsave:amd64 1.45.5-2ubuntu1
2024-10-11 02:09:19 status unpacked logsave:amd64 1.45.5-2ubuntu1.2
2024-10-11 02:09:19 upgrade libext2fs2:amd64 1.45.5-2ubuntu1 1.45.5-2ubuntu1.2
2024-10-11 02:09:19 status half-configured libext2fs2:amd64 1.45.5-2ubuntu1
2024-10-11 02:09:19 status unpacked libext2fs2:amd64 1.45.5-2ubuntu1
2024-10-11 02:09:19 status half-installed libext2fs2:amd64 1.45.5-2ubuntu1
2024-10-11 02:09:19 status unpacked libext2fs2:amd64 1.45.5-2ubuntu1.2
2024-10-11 02:09:19 startup packages configure
2024-10-11 02:09:19 configure libext2fs2:amd64 1.45.5-2ubuntu1.2 <none>
2024-10-11 02:09:19 status unpacked libext2fs2:amd64 1.45.5-2ubuntu1.2
2024-10-11 02:09:19 status half-configured libext2fs2:amd64 1.45.5-2ubuntu1.2
2024-10-11 02:09:19 status installed libext2fs2:amd64 1.45.5-2ubuntu1.2
2024-10-11 02:09:19 startup archives unpack
2024-10-11 02:09:19 upgrade e2fsprogs:amd64 1.45.5-2ubuntu1 1.45.5-2ubuntu1.2
2024-10-11 02:09:19 status half-configured e2fsprogs:amd64 1.45.5-2ubuntu1
2024-10-11 02:09:19 status unpacked e2fsprogs:amd64 1.45.5-2ubuntu1
2024-10-11 02:09:19 status half-installed e2fsprogs:amd64 1.45.5-2ubuntu1
2024-10-11 02:09:19 status unpacked e2fsprogs:amd64 1.45.5-2ubuntu1.2
2024-10-11 02:09:19 upgrade mount:amd64 2.34-0.1ubuntu9 2.34-0.1ubuntu9.6
2024-10-11 02:09:19 status half-configured mount:amd64 2.34-0.1ubuntu9
2024-10-11 02:09:19 status unpacked mount:amd64 2.34-0.1ubuntu9
2024-10-11 02:09:19 status half-installed mount:amd64 2.34-0.1ubuntu9
2024-10-11 02:09:19 status unpacked mount:amd64 2.34-0.1ubuntu9.6
2024-10-11 02:09:19 upgrade libpam-runtime:all 1.3.1-5ubuntu4 1.3.1-5ubuntu4.7
2024-10-11 02:09:19 status half-configured libpam-runtime:all 1.3.1-5ubuntu4
2024-10-11 02:09:19 status unpacked libpam-runtime:all 1.3.1-5ubuntu4
2024-10-11 02:09:19 status half-installed libpam-runtime:all 1.3.1-5ubuntu4
2024-10-11 02:09:19 status unpacked libpam-runtime:all 1.3.1-5ubuntu4.7
2024-10-11 02:09:19 startup packages configure
2024-10-11 02:09:19 configure libpam-runtime:all 1.3.1-5ubuntu4.7 <none>
2024-10-11 02:09:19 status unpacked libpam-runtime:all 1.3.1-5ubuntu4.7
2024-10-11 02:09:19 status half-configured libpam-runtime:all 1.3.1-5ubuntu4.7
2024-10-11 02:09:19 status installed libpam-runtime:all 1.3.1-5ubuntu4.7
2024-10-11 02:09:19 startup archives unpack
2024-10-11 02:09:19 upgrade libpcre2-8-0:amd64 10.34-7 10.34-7ubuntu0.1
2024-10-11 02:09:19 status half-configured libpcre2-8-0:amd64 10.34-7
2024-10-11 02:09:19 status unpacked libpcre2-8-0:amd64 10.34-7
2024-10-11 02:09:19 status half-installed libpcre2-8-0:amd64 10.34-7
2024-10-11 02:09:19 status unpacked libpcre2-8-0:amd64 10.34-7ubuntu0.1
2024-10-11 02:09:19 startup packages configure
2024-10-11 02:09:19 configure libpcre2-8-0:amd64 10.34-7ubuntu0.1 <none>
2024-10-11 02:09:19 status unpacked libpcre2-8-0:amd64 10.34-7ubuntu0.1
2024-10-11 02:09:19 status half-configured libpcre2-8-0:amd64 10.34-7ubuntu0.1
2024-10-11 02:09:19 status installed libpcre2-8-0:amd64 10.34-7ubuntu0.1
2024-10-11 02:09:19 startup archives unpack
2024-10-11 02:09:19 upgrade libpcre3:amd64 2:8.39-12build1 2:8.39-12ubuntu0.1
2024-10-11 02:09:19 status half-configured libpcre3:amd64 2:8.39-12build1
2024-10-11 02:09:19 status unpacked libpcre3:amd64 2:8.39-12build1
2024-10-11 02:09:19 status half-installed libpcre3:amd64 2:8.39-12build1
2024-10-11 02:09:19 status unpacked libpcre3:amd64 2:8.39-12ubuntu0.1
2024-10-11 02:09:19 startup packages configure
2024-10-11 02:09:19 configure libpcre3:amd64 2:8.39-12ubuntu0.1 <none>
2024-10-11 02:09:19 status unpacked libpcre3:amd64 2:8.39-12ubuntu0.1
2024-10-11 02:09:19 status half-configured libpcre3:amd64 2:8.39-12ubuntu0.1
2024-10-11 02:09:19 status installed libpcre3:amd64 2:8.39-12ubuntu0.1
2024-10-11 02:09:19 startup archives unpack
2024-10-11 02:09:19 upgrade libsepol1:amd64 3.0-1 3.0-1ubuntu0.1
2024-10-11 02:09:19 status half-configured libsepol1:amd64 3.0-1
2024-10-11 02:09:19 status unpacked libsepol1:amd64 3.0-1
2024-10-11 02:09:19 status half-installed libsepol1:amd64 3.0-1
2024-10-11 02:09:19 status unpacked libsepol1:amd64 3.0-1ubuntu0.1
2024-10-11 02:09:19 startup packages configure
2024-10-11 02:09:19 configure libsepol1:amd64 3.0-1ubuntu0.1 <none>
2024-10-11 02:09:19 status unpacked libsepol1:amd64 3.0-1ubuntu0.1
2024-10-11 02:09:19 status half-configured libsepol1:amd64 3.0-1ubuntu0.1
2024-10-11 02:09:19 status installed libsepol1:amd64 3.0-1ubuntu0.1
2024-10-11 02:09:19 startup archives unpack
2024-10-11 02:09:19 upgrade passwd:amd64 1:4.8.1-1ubuntu5 1:4.8.1-1ubuntu5.20.04.5
2024-10-11 02:09:19 status half-configured passwd:amd64 1:4.8.1-1ubuntu5
2024-10-11 02:09:19 status unpacked passwd:amd64 1:4.8.1-1ubuntu5
2024-10-11 02:09:19 status half-installed passwd:amd64 1:4.8.1-1ubuntu5
2024-10-11 02:09:19 status unpacked passwd:amd64 1:4.8.1-1ubuntu5.20.04.5
2024-10-11 02:09:19 startup packages configure
2024-10-11 02:09:19 configure passwd:amd64 1:4.8.1-1ubuntu5.20.04.5 <none>
2024-10-11 02:09:19 status unpacked passwd:amd64 1:4.8.1-1ubuntu5.20.04.5
2024-10-11 02:09:19 status half-configured passwd:amd64 1:4.8.1-1ubuntu5.20.04.5
2024-10-11 02:09:19 status installed passwd:amd64 1:4.8.1-1ubuntu5.20.04.5
2024-10-11 02:09:19 startup archives unpack
2024-10-11 02:09:19 upgrade libcom-err2:amd64 1.45.5-2ubuntu1 1.45.5-2ubuntu1.2
2024-10-11 02:09:19 status half-configured libcom-err2:amd64 1.45.5-2ubuntu1
2024-10-11 02:09:19 status unpacked libcom-err2:amd64 1.45.5-2ubuntu1
2024-10-11 02:09:19 status half-installed libcom-err2:amd64 1.45.5-2ubuntu1
2024-10-11 02:09:19 status unpacked libcom-err2:amd64 1.45.5-2ubuntu1.2
2024-10-11 02:09:19 upgrade libprocps8:amd64 2:3.3.16-1ubuntu2 2:3.3.16-1ubuntu2.4
2024-10-11 02:09:19 status half-configured libprocps8:amd64 2:3.3.16-1ubuntu2
2024-10-11 02:09:19 status unpacked libprocps8:amd64 2:3.3.16-1ubuntu2
2024-10-11 02:09:19 status half-installed libprocps8:amd64 2:3.3.16-1ubuntu2
2024-10-11 02:09:19 status unpacked libprocps8:amd64 2:3.3.16-1ubuntu2.4
2024-10-11 02:09:19 upgrade libss2:amd64 1.45.5-2ubuntu1 1.45.5-2ubuntu1.2
2024-10-11 02:09:19 status half-configured libss2:amd64 1.45.5-2ubuntu1
2024-10-11 02:09:19 status unpacked libss2:amd64 1.45.5-2ubuntu1
2024-10-11 02:09:19 status half-installed libss2:amd64 1.45.5-2ubuntu1
2024-10-11 02:09:19 status unpacked libss2:amd64 1.45.5-2ubuntu1.2
2024-10-11 02:09:20 upgrade procps:amd64 2:3.3.16-1ubuntu2 2:3.3.16-1ubuntu2.4
2024-10-11 02:09:20 status half-configured procps:amd64 2:3.3.16-1ubuntu2
2024-10-11 02:09:20 status unpacked procps:amd64 2:3.3.16-1ubuntu2
2024-10-11 02:09:20 status half-installed procps:amd64 2:3.3.16-1ubuntu2
2024-10-11 02:09:20 status unpacked procps:amd64 2:3.3.16-1ubuntu2.4
2024-10-11 02:09:20 startup packages configure
2024-10-11 02:09:20 configure libcom-err2:amd64 1.45.5-2ubuntu1.2 <none>
2024-10-11 02:09:20 status unpacked libcom-err2:amd64 1.45.5-2ubuntu1.2
2024-10-11 02:09:20 status half-configured libcom-err2:amd64 1.45.5-2ubuntu1.2
2024-10-11 02:09:20 status installed libcom-err2:amd64 1.45.5-2ubuntu1.2
2024-10-11 02:09:20 configure libncurses6:amd64 6.2-0ubuntu2.1 <none>
2024-10-11 02:09:20 status unpacked libncurses6:amd64 6.2-0ubuntu2.1
2024-10-11 02:09:20 status half-configured libncurses6:amd64 6.2-0ubuntu2.1
2024-10-11 02:09:20 status installed libncurses6:amd64 6.2-0ubuntu2.1
2024-10-11 02:09:20 configure libss2:amd64 1.45.5-2ubuntu1.2 <none>
2024-10-11 02:09:20 status unpacked libss2:amd64 1.45.5-2ubuntu1.2
2024-10-11 02:09:20 status half-configured libss2:amd64 1.45.5-2ubuntu1.2
2024-10-11 02:09:20 status installed libss2:amd64 1.45.5-2ubuntu1.2
2024-10-11 02:09:20 configure libncursesw6:amd64 6.2-0ubuntu2.1 <none>
2024-10-11 02:09:20 status unpacked libncursesw6:amd64 6.2-0ubuntu2.1
2024-10-11 02:09:20 status half-configured libncursesw6:amd64 6.2-0ubuntu2.1
2024-10-11 02:09:20 status installed libncursesw6:amd64 6.2-0ubuntu2.1
2024-10-11 02:09:20 configure logsave:amd64 1.45.5-2ubuntu1.2 <none>
2024-10-11 02:09:20 status unpacked logsave:amd64 1.45.5-2ubuntu1.2
2024-10-11 02:09:20 status half-configured logsave:amd64 1.45.5-2ubuntu1.2
2024-10-11 02:09:20 status installed logsave:amd64 1.45.5-2ubuntu1.2
2024-10-11 02:09:20 configure libfdisk1:amd64 2.34-0.1ubuntu9.6 <none>
2024-10-11 02:09:20 status unpacked libfdisk1:amd64 2.34-0.1ubuntu9.6
2024-10-11 02:09:20 status half-configured libfdisk1:amd64 2.34-0.1ubuntu9.6
2024-10-11 02:09:20 status installed libfdisk1:amd64 2.34-0.1ubuntu9.6
2024-10-11 02:09:20 configure mount:amd64 2.34-0.1ubuntu9.6 <none>
2024-10-11 02:09:20 status unpacked mount:amd64 2.34-0.1ubuntu9.6
2024-10-11 02:09:20 status half-configured mount:amd64 2.34-0.1ubuntu9.6
2024-10-11 02:09:20 status installed mount:amd64 2.34-0.1ubuntu9.6
2024-10-11 02:09:20 configure libprocps8:amd64 2:3.3.16-1ubuntu2.4 <none>
2024-10-11 02:09:20 status unpacked libprocps8:amd64 2:3.3.16-1ubuntu2.4
2024-10-11 02:09:20 status half-configured libprocps8:amd64 2:3.3.16-1ubuntu2.4
2024-10-11 02:09:20 status installed libprocps8:amd64 2:3.3.16-1ubuntu2.4
2024-10-11 02:09:20 configure e2fsprogs:amd64 1.45.5-2ubuntu1.2 <none>
2024-10-11 02:09:20 status unpacked e2fsprogs:amd64 1.45.5-2ubuntu1.2
2024-10-11 02:09:20 status half-configured e2fsprogs:amd64 1.45.5-2ubuntu1.2
2024-10-11 02:09:20 status installed e2fsprogs:amd64 1.45.5-2ubuntu1.2
2024-10-11 02:09:20 configure fdisk:amd64 2.34-0.1ubuntu9.6 <none>
2024-10-11 02:09:20 status unpacked fdisk:amd64 2.34-0.1ubuntu9.6
2024-10-11 02:09:20 status half-configured fdisk:amd64 2.34-0.1ubuntu9.6
2024-10-11 02:09:20 status installed fdisk:amd64 2.34-0.1ubuntu9.6
2024-10-11 02:09:20 configure procps:amd64 2:3.3.16-1ubuntu2.4 <none>
2024-10-11 02:09:20 status unpacked procps:amd64 2:3.3.16-1ubuntu2.4
2024-10-11 02:09:20 status half-configured procps:amd64 2:3.3.16-1ubuntu2.4
2024-10-11 02:09:20 status installed procps:amd64 2:3.3.16-1ubuntu2.4
2024-10-11 02:09:20 trigproc libc-bin:amd64 2.31-0ubuntu9.16 <none>
2024-10-11 02:09:20 status half-configured libc-bin:amd64 2.31-0ubuntu9.16
2024-10-11 02:09:20 status installed libc-bin:amd64 2.31-0ubuntu9.16
2025-03-17 16:55:14 startup archives unpack
2025-03-17 16:55:14 upgrade libc6:amd64 2.31-0ubuntu9.16 2.31-0ubuntu9.17
2025-03-17 16:55:14 status triggers-pending libc-bin:amd64 2.31-0ubuntu9.16
2025-03-17 16:55:14 status half-configured libc6:amd64 2.31-0ubuntu9.16
2025-03-17 16:55:14 status unpacked libc6:amd64 2.31-0ubuntu9.16
2025-03-17 16:55:14 status half-installed libc6:amd64 2.31-0ubuntu9.16
2025-03-17 16:55:14 status unpacked libc6:amd64 2.31-0ubuntu9.17
2025-03-17 16:55:14 startup packages configure
2025-03-17 16:55:14 configure libc6:amd64 2.31-0ubuntu9.17 <none>
2025-03-17 16:55:14 status unpacked libc6:amd64 2.31-0ubuntu9.17
2025-03-17 16:55:14 status half-configured libc6:amd64 2.31-0ubuntu9.17
2025-03-17 16:55:15 status installed libc6:amd64 2.31-0ubuntu9.17
2025-03-17 16:55:15 startup archives unpack
2025-03-17 16:55:15 upgrade libc-bin:amd64 2.31-0ubuntu9.16 2.31-0ubuntu9.17
2025-03-17 16:55:15 status half-configured libc-bin:amd64 2.31-0ubuntu9.16
2025-03-17 16:55:15 status unpacked libc-bin:amd64 2.31-0ubuntu9.16
2025-03-17 16:55:15 status half-installed libc-bin:amd64 2.31-0ubuntu9.16
2025-03-17 16:55:15 status unpacked libc-bin:amd64 2.31-0ubuntu9.17
2025-03-17 16:55:15 startup packages configure
2025-03-17 16:55:15 configure libc-bin:amd64 2.31-0ubuntu9.17 <none>
2025-03-17 16:55:15 status unpacked libc-bin:amd64 2.31-0ubuntu9.17
2025-03-17 16:55:15 status half-configured libc-bin:amd64 2.31-0ubuntu9.17
2025-03-17 16:55:15 status installed libc-bin:amd64 2.31-0ubuntu9.17
2025-03-17 16:55:15 startup archives unpack
2025-03-17 16:55:15 upgrade libtasn1-6:amd64 4.16.0-2 4.16.0-2ubuntu0.1
2025-03-17 16:55:15 status triggers-pending libc-bin:amd64 2.31-0ubuntu9.17
2025-03-17 16:55:15 status half-configured libtasn1-6:amd64 4.16.0-2
2025-03-17 16:55:15 status unpacked libtasn1-6:amd64 4.16.0-2
2025-03-17 16:55:15 status half-installed libtasn1-6:amd64 4.16.0-2
2025-03-17 16:55:15 status unpacked libtasn1-6:amd64 4.16.0-2ubuntu0.1
2025-03-17 16:55:15 startup packages configure
2025-03-17 16:55:15 configure libtasn1-6:amd64 4.16.0-2ubuntu0.1 <none>
2025-03-17 16:55:15 status unpacked libtasn1-6:amd64 4.16.0-2ubuntu0.1
2025-03-17 16:55:15 status half-configured libtasn1-6:amd64 4.16.0-2ubuntu0.1
2025-03-17 16:55:15 status installed libtasn1-6:amd64 4.16.0-2ubuntu0.1
2025-03-17 16:55:15 startup archives unpack
2025-03-17 16:55:15 upgrade libgnutls30:amd64 3.6.13-2ubuntu1.11 3.6.13-2ubuntu1.12
2025-03-17 16:55:15 status half-configured libgnutls30:amd64 3.6.13-2ubuntu1.11
2025-03-17 16:55:15 status unpacked libgnutls30:amd64 3.6.13-2ubuntu1.11
2025-03-17 16:55:15 status half-installed libgnutls30:amd64 3.6.13-2ubuntu1.11
2025-03-17 16:55:16 status unpacked libgnutls30:amd64 3.6.13-2ubuntu1.12
2025-03-17 16:55:16 startup packages configure
2025-03-17 16:55:16 configure libgnutls30:amd64 3.6.13-2ubuntu1.12 <none>
2025-03-17 16:55:16 status unpacked libgnutls30:amd64 3.6.13-2ubuntu1.12
2025-03-17 16:55:16 status half-configured libgnutls30:amd64 3.6.13-2ubuntu1.12
2025-03-17 16:55:16 status installed libgnutls30:amd64 3.6.13-2ubuntu1.12
2025-03-17 16:55:16 startup packages configure
2025-03-17 16:55:16 trigproc libc-bin:amd64 2.31-0ubuntu9.17 <none>
2025-03-17 16:55:16 status half-configured libc-bin:amd64 2.31-0ubuntu9.17
2025-03-17 16:55:16 status installed libc-bin:amd64 2.31-0ubuntu9.17
2025-03-17 16:55:18 startup archives unpack
2025-03-17 16:55:18 upgrade mawk:amd64 1.3.4.20200120-2 1.3.4.20200120-2
2025-03-17 16:55:18 status half-configured mawk:amd64 1.3.4.20200120-2
2025-03-17 16:55:18 status unpacked mawk:amd64 1.3.4.20200120-2
2025-03-17 16:55:18 status half-installed mawk:amd64 1.3.4.20200120-2
2025-03-17 16:55:18 status unpacked mawk:amd64 1.3.4.20200120-2
2025-03-17 16:55:18 startup packages configure
2025-03-17 16:55:18 configure mawk:amd64 1.3.4.20200120-2 <none>
2025-03-17 16:55:18 status unpacked mawk:amd64 1.3.4.20200120-2
2025-03-17 16:55:18 status half-configured mawk:amd64 1.3.4.20200120-2
2025-03-17 16:55:18 status installed mawk:amd64 1.3.4.20200120-2
2025-03-17 16:55:18 startup archives unpack
2025-03-17 16:55:18 upgrade base-files:amd64 11ubuntu5.8 11ubuntu5.8
2025-03-17 16:55:18 status half-configured base-files:amd64 11ubuntu5.8
2025-03-17 16:55:18 status unpacked base-files:amd64 11ubuntu5.8
2025-03-17 16:55:18 status half-installed base-files:amd64 11ubuntu5.8
2025-03-17 16:55:18 status unpacked base-files:amd64 11ubuntu5.8
2025-03-17 16:55:18 startup packages configure
2025-03-17 16:55:18 configure base-files:amd64 11ubuntu5.8 <none>
2025-03-17 16:55:18 status unpacked base-files:amd64 11ubuntu5.8
2025-03-17 16:55:18 status half-configured base-files:amd64 11ubuntu5.8
2025-03-17 16:55:18 status installed base-files:amd64 11ubuntu5.8
2025-03-17 16:55:18 startup archives unpack
2025-03-17 16:55:18 upgrade bash:amd64 5.0-6ubuntu1.2 5.0-6ubuntu1.2
2025-03-17 16:55:18 status half-configured bash:amd64 5.0-6ubuntu1.2
2025-03-17 16:55:18 status unpacked bash:amd64 5.0-6ubuntu1.2
2025-03-17 16:55:18 status half-installed bash:amd64 5.0-6ubuntu1.2
2025-03-17 16:55:18 status unpacked bash:amd64 5.0-6ubuntu1.2
2025-03-17 16:55:18 upgrade debianutils:amd64 4.9.1 4.9.1
2025-03-17 16:55:18 status half-configured debianutils:amd64 4.9.1
2025-03-17 16:55:18 status unpacked debianutils:amd64 4.9.1
2025-03-17 16:55:18 status half-installed debianutils:amd64 4.9.1
2025-03-17 16:55:18 status unpacked debianutils:amd64 4.9.1
2025-03-17 16:55:18 startup packages configure
2025-03-17 16:55:18 configure debianutils:amd64 4.9.1 <none>
2025-03-17 16:55:18 status unpacked debianutils:amd64 4.9.1
2025-03-17 16:55:18 status half-configured debianutils:amd64 4.9.1
2025-03-17 16:55:18 status installed debianutils:amd64 4.9.1
2025-03-17 16:55:18 configure bash:amd64 5.0-6ubuntu1.2 <none>
2025-03-17 16:55:18 status unpacked bash:amd64 5.0-6ubuntu1.2
2025-03-17 16:55:18 status half-configured bash:amd64 5.0-6ubuntu1.2
2025-03-17 16:55:18 status installed bash:amd64 5.0-6ubuntu1.2
2025-03-17 16:55:18 startup archives unpack
2025-03-17 16:55:18 upgrade bsdutils:amd64 1:2.34-0.1ubuntu9.6 1:2.34-0.1ubuntu9.6
2025-03-17 16:55:18 status half-configured bsdutils:amd64 1:2.34-0.1ubuntu9.6
2025-03-17 16:55:18 status unpacked bsdutils:amd64 1:2.34-0.1ubuntu9.6
2025-03-17 16:55:18 status half-installed bsdutils:amd64 1:2.34-0.1ubuntu9.6
2025-03-17 16:55:18 status unpacked bsdutils:amd64 1:2.34-0.1ubuntu9.6
2025-03-17 16:55:18 startup packages configure
2025-03-17 16:55:18 configure bsdutils:amd64 1:2.34-0.1ubuntu9.6 <none>
2025-03-17 16:55:18 status unpacked bsdutils:amd64 1:2.34-0.1ubuntu9.6
2025-03-17 16:55:18 status half-configured bsdutils:amd64 1:2.34-0.1ubuntu9.6
2025-03-17 16:55:18 status installed bsdutils:amd64 1:2.34-0.1ubuntu9.6
2025-03-17 16:55:18 startup archives unpack
2025-03-17 16:55:18 upgrade coreutils:amd64 8.30-3ubuntu2 8.30-3ubuntu2
2025-03-17 16:55:18 status half-configured coreutils:amd64 8.30-3ubuntu2
2025-03-17 16:55:18 status unpacked coreutils:amd64 8.30-3ubuntu2
2025-03-17 16:55:18 status half-installed coreutils:amd64 8.30-3ubuntu2
2025-03-17 16:55:18 status unpacked coreutils:amd64 8.30-3ubuntu2
2025-03-17 16:55:18 startup packages configure
2025-03-17 16:55:18 configure coreutils:amd64 8.30-3ubuntu2 <none>
2025-03-17 16:55:18 status unpacked coreutils:amd64 8.30-3ubuntu2
2025-03-17 16:55:18 status half-configured coreutils:amd64 8.30-3ubuntu2
2025-03-17 16:55:18 status installed coreutils:amd64 8.30-3ubuntu2
2025-03-17 16:55:18 startup archives unpack
2025-03-17 16:55:18 upgrade dash:amd64 0.5.10.2-6 0.5.10.2-6
2025-03-17 16:55:18 status half-configured dash:amd64 0.5.10.2-6
2025-03-17 16:55:18 status unpacked dash:amd64 0.5.10.2-6
2025-03-17 16:55:18 status half-installed dash:amd64 0.5.10.2-6
2025-03-17 16:55:18 status unpacked dash:amd64 0.5.10.2-6
2025-03-17 16:55:18 upgrade dpkg:amd64 1.19.7ubuntu3.2 1.19.7ubuntu3.2
2025-03-17 16:55:18 status half-configured dpkg:amd64 1.19.7ubuntu3.2
2025-03-17 16:55:18 status unpacked dpkg:amd64 1.19.7ubuntu3.2
2025-03-17 16:55:18 status half-installed dpkg:amd64 1.19.7ubuntu3.2
2025-03-17 16:55:18 status unpacked dpkg:amd64 1.19.7ubuntu3.2
2025-03-17 16:55:18 upgrade tar:amd64 1.30+dfsg-7ubuntu0.20.04.4 1.30+dfsg-7ubuntu0.20.04.4
2025-03-17 16:55:18 status half-configured tar:amd64 1.30+dfsg-7ubuntu0.20.04.4
2025-03-17 16:55:18 status unpacked tar:amd64 1.30+dfsg-7ubuntu0.20.04.4
2025-03-17 16:55:18 status half-installed tar:amd64 1.30+dfsg-7ubuntu0.20.04.4
2025-03-17 16:55:18 status unpacked tar:amd64 1.30+dfsg-7ubuntu0.20.04.4
2025-03-17 16:55:18 startup packages configure
2025-03-17 16:55:18 configure tar:amd64 1.30+dfsg-7ubuntu0.20.04.4 <none>
2025-03-17 16:55:18 status unpacked tar:amd64 1.30+dfsg-7ubuntu0.20.04.4
2025-03-17 16:55:18 status half-configured tar:amd64 1.30+dfsg-7ubuntu0.20.04.4
2025-03-17 16:55:18 status installed tar:amd64 1.30+dfsg-7ubuntu0.20.04.4
2025-03-17 16:55:18 configure dpkg:amd64 1.19.7ubuntu3.2 <none>
2025-03-17 16:55:18 status unpacked dpkg:amd64 1.19.7ubuntu3.2
2025-03-17 16:55:18 status half-configured dpkg:amd64 1.19.7ubuntu3.2
2025-03-17 16:55:18 status installed dpkg:amd64 1.19.7ubuntu3.2
2025-03-17 16:55:18 startup archives unpack
2025-03-17 16:55:18 upgrade perl-base:amd64 5.30.0-9ubuntu0.5 5.30.0-9ubuntu0.5
2025-03-17 16:55:18 status half-configured perl-base:amd64 5.30.0-9ubuntu0.5
2025-03-17 16:55:18 status unpacked perl-base:amd64 5.30.0-9ubuntu0.5
2025-03-17 16:55:18 status half-installed perl-base:amd64 5.30.0-9ubuntu0.5
2025-03-17 16:55:19 status unpacked perl-base:amd64 5.30.0-9ubuntu0.5
2025-03-17 16:55:19 startup packages configure
2025-03-17 16:55:19 configure perl-base:amd64 5.30.0-9ubuntu0.5 <none>
2025-03-17 16:55:19 status unpacked perl-base:amd64 5.30.0-9ubuntu0.5
2025-03-17 16:55:19 status half-configured perl-base:amd64 5.30.0-9ubuntu0.5
2025-03-17 16:55:19 status installed perl-base:amd64 5.30.0-9ubuntu0.5
2025-03-17 16:55:19 startup archives unpack
2025-03-17 16:55:19 upgrade debconf:all 1.5.73 1.5.73
2025-03-17 16:55:19 status half-configured debconf:all 1.5.73
2025-03-17 16:55:19 status unpacked debconf:all 1.5.73
2025-03-17 16:55:19 status half-installed debconf:all 1.5.73
2025-03-17 16:55:19 status unpacked debconf:all 1.5.73
2025-03-17 16:55:19 startup packages configure
2025-03-17 16:55:19 configure debconf:all 1.5.73 <none>
2025-03-17 16:55:19 status unpacked debconf:all 1.5.73
2025-03-17 16:55:19 status half-configured debconf:all 1.5.73
2025-03-17 16:55:19 status installed debconf:all 1.5.73
2025-03-17 16:55:19 configure dash:amd64 0.5.10.2-6 <none>
2025-03-17 16:55:19 status unpacked dash:amd64 0.5.10.2-6
2025-03-17 16:55:19 status half-configured dash:amd64 0.5.10.2-6
2025-03-17 16:55:19 status installed dash:amd64 0.5.10.2-6
2025-03-17 16:55:19 startup archives unpack
2025-03-17 16:55:19 upgrade diffutils:amd64 1:3.7-3 1:3.7-3
2025-03-17 16:55:19 status half-configured diffutils:amd64 1:3.7-3
2025-03-17 16:55:19 status unpacked diffutils:amd64 1:3.7-3
2025-03-17 16:55:19 status half-installed diffutils:amd64 1:3.7-3
2025-03-17 16:55:19 status unpacked diffutils:amd64 1:3.7-3
2025-03-17 16:55:19 startup packages configure
2025-03-17 16:55:19 configure diffutils:amd64 1:3.7-3 <none>
2025-03-17 16:55:19 status unpacked diffutils:amd64 1:3.7-3
2025-03-17 16:55:19 status half-configured diffutils:amd64 1:3.7-3
2025-03-17 16:55:19 status installed diffutils:amd64 1:3.7-3
2025-03-17 16:55:19 startup archives unpack
2025-03-17 16:55:19 upgrade findutils:amd64 4.7.0-1ubuntu1 4.7.0-1ubuntu1
2025-03-17 16:55:19 status half-configured findutils:amd64 4.7.0-1ubuntu1
2025-03-17 16:55:19 status unpacked findutils:amd64 4.7.0-1ubuntu1
2025-03-17 16:55:19 status half-installed findutils:amd64 4.7.0-1ubuntu1
2025-03-17 16:55:19 status unpacked findutils:amd64 4.7.0-1ubuntu1
2025-03-17 16:55:19 startup packages configure
2025-03-17 16:55:19 configure findutils:amd64 4.7.0-1ubuntu1 <none>
2025-03-17 16:55:19 status unpacked findutils:amd64 4.7.0-1ubuntu1
2025-03-17 16:55:19 status half-configured findutils:amd64 4.7.0-1ubuntu1
2025-03-17 16:55:19 status installed findutils:amd64 4.7.0-1ubuntu1
2025-03-17 16:55:19 startup archives unpack
2025-03-17 16:55:19 upgrade libpcre3:amd64 2:8.39-12ubuntu0.1 2:8.39-12ubuntu0.1
2025-03-17 16:55:19 status triggers-pending libc-bin:amd64 2.31-0ubuntu9.17
2025-03-17 16:55:19 status half-configured libpcre3:amd64 2:8.39-12ubuntu0.1
2025-03-17 16:55:19 status unpacked libpcre3:amd64 2:8.39-12ubuntu0.1
2025-03-17 16:55:19 status half-installed libpcre3:amd64 2:8.39-12ubuntu0.1
2025-03-17 16:55:19 status unpacked libpcre3:amd64 2:8.39-12ubuntu0.1
2025-03-17 16:55:19 startup packages configure
2025-03-17 16:55:19 configure libpcre3:amd64 2:8.39-12ubuntu0.1 <none>
2025-03-17 16:55:19 status unpacked libpcre3:amd64 2:8.39-12ubuntu0.1
2025-03-17 16:55:19 status half-configured libpcre3:amd64 2:8.39-12ubuntu0.1
2025-03-17 16:55:19 status installed libpcre3:amd64 2:8.39-12ubuntu0.1
2025-03-17 16:55:19 startup archives unpack
2025-03-17 16:55:19 upgrade grep:amd64 3.4-1 3.4-1
2025-03-17 16:55:19 status half-configured grep:amd64 3.4-1
2025-03-17 16:55:19 status unpacked grep:amd64 3.4-1
2025-03-17 16:55:19 status half-installed grep:amd64 3.4-1
2025-03-17 16:55:19 status unpacked grep:amd64 3.4-1
2025-03-17 16:55:19 startup packages configure
2025-03-17 16:55:19 configure grep:amd64 3.4-1 <none>
2025-03-17 16:55:19 status unpacked grep:amd64 3.4-1
2025-03-17 16:55:19 status half-configured grep:amd64 3.4-1
2025-03-17 16:55:19 status installed grep:amd64 3.4-1
2025-03-17 16:55:19 startup archives unpack
2025-03-17 16:55:19 upgrade gzip:amd64 1.10-0ubuntu4.1 1.10-0ubuntu4.1
2025-03-17 16:55:19 status half-configured gzip:amd64 1.10-0ubuntu4.1
2025-03-17 16:55:19 status unpacked gzip:amd64 1.10-0ubuntu4.1
2025-03-17 16:55:19 status half-installed gzip:amd64 1.10-0ubuntu4.1
2025-03-17 16:55:19 status unpacked gzip:amd64 1.10-0ubuntu4.1
2025-03-17 16:55:19 startup packages configure
2025-03-17 16:55:19 configure gzip:amd64 1.10-0ubuntu4.1 <none>
2025-03-17 16:55:19 status unpacked gzip:amd64 1.10-0ubuntu4.1
2025-03-17 16:55:19 status half-configured gzip:amd64 1.10-0ubuntu4.1
2025-03-17 16:55:19 status installed gzip:amd64 1.10-0ubuntu4.1
2025-03-17 16:55:19 startup archives unpack
2025-03-17 16:55:19 upgrade hostname:amd64 3.23 3.23
2025-03-17 16:55:19 status half-configured hostname:amd64 3.23
2025-03-17 16:55:19 status unpacked hostname:amd64 3.23
2025-03-17 16:55:19 status half-installed hostname:amd64 3.23
2025-03-17 16:55:19 status unpacked hostname:amd64 3.23
2025-03-17 16:55:19 startup packages configure
2025-03-17 16:55:19 configure hostname:amd64 3.23 <none>
2025-03-17 16:55:19 status unpacked hostname:amd64 3.23
2025-03-17 16:55:19 status half-configured hostname:amd64 3.23
2025-03-17 16:55:19 status installed hostname:amd64 3.23
2025-03-17 16:55:19 startup archives unpack
2025-03-17 16:55:19 upgrade libpam-runtime:all 1.3.1-5ubuntu4.7 1.3.1-5ubuntu4.7
2025-03-17 16:55:19 status half-configured libpam-runtime:all 1.3.1-5ubuntu4.7
2025-03-17 16:55:19 status unpacked libpam-runtime:all 1.3.1-5ubuntu4.7
2025-03-17 16:55:19 status half-installed libpam-runtime:all 1.3.1-5ubuntu4.7
2025-03-17 16:55:19 status unpacked libpam-runtime:all 1.3.1-5ubuntu4.7
2025-03-17 16:55:19 upgrade libpam-modules-bin:amd64 1.3.1-5ubuntu4.7 1.3.1-5ubuntu4.7
2025-03-17 16:55:19 status half-configured libpam-modules-bin:amd64 1.3.1-5ubuntu4.7
2025-03-17 16:55:19 status unpacked libpam-modules-bin:amd64 1.3.1-5ubuntu4.7
2025-03-17 16:55:19 status half-installed libpam-modules-bin:amd64 1.3.1-5ubuntu4.7
2025-03-17 16:55:19 status unpacked libpam-modules-bin:amd64 1.3.1-5ubuntu4.7
2025-03-17 16:55:19 startup packages configure
2025-03-17 16:55:19 configure libpam-modules-bin:amd64 1.3.1-5ubuntu4.7 <none>
2025-03-17 16:55:19 status unpacked libpam-modules-bin:amd64 1.3.1-5ubuntu4.7
2025-03-17 16:55:19 status half-configured libpam-modules-bin:amd64 1.3.1-5ubuntu4.7
2025-03-17 16:55:19 status installed libpam-modules-bin:amd64 1.3.1-5ubuntu4.7
2025-03-17 16:55:19 startup archives unpack
2025-03-17 16:55:19 upgrade libpam-modules:amd64 1.3.1-5ubuntu4.7 1.3.1-5ubuntu4.7
2025-03-17 16:55:19 status half-configured libpam-modules:amd64 1.3.1-5ubuntu4.7
2025-03-17 16:55:19 status unpacked libpam-modules:amd64 1.3.1-5ubuntu4.7
2025-03-17 16:55:19 status half-installed libpam-modules:amd64 1.3.1-5ubuntu4.7
2025-03-17 16:55:20 status unpacked libpam-modules:amd64 1.3.1-5ubuntu4.7
2025-03-17 16:55:20 startup packages configure
2025-03-17 16:55:20 configure libpam-modules:amd64 1.3.1-5ubuntu4.7 <none>
2025-03-17 16:55:20 status unpacked libpam-modules:amd64 1.3.1-5ubuntu4.7
2025-03-17 16:55:20 status half-configured libpam-modules:amd64 1.3.1-5ubuntu4.7
2025-03-17 16:55:20 status installed libpam-modules:amd64 1.3.1-5ubuntu4.7
2025-03-17 16:55:20 configure libpam-runtime:all 1.3.1-5ubuntu4.7 <none>
2025-03-17 16:55:20 status unpacked libpam-runtime:all 1.3.1-5ubuntu4.7
2025-03-17 16:55:20 status half-configured libpam-runtime:all 1.3.1-5ubuntu4.7
2025-03-17 16:55:20 status installed libpam-runtime:all 1.3.1-5ubuntu4.7
2025-03-17 16:55:20 startup archives unpack
2025-03-17 16:55:20 upgrade login:amd64 1:4.8.1-1ubuntu5.20.04.5 1:4.8.1-1ubuntu5.20.04.5
2025-03-17 16:55:20 status half-configured login:amd64 1:4.8.1-1ubuntu5.20.04.5
2025-03-17 16:55:20 status unpacked login:amd64 1:4.8.1-1ubuntu5.20.04.5
2025-03-17 16:55:20 status half-installed login:amd64 1:4.8.1-1ubuntu5.20.04.5
2025-03-17 16:55:20 status unpacked login:amd64 1:4.8.1-1ubuntu5.20.04.5
2025-03-17 16:55:20 startup packages configure
2025-03-17 16:55:20 configure login:amd64 1:4.8.1-1ubuntu5.20.04.5 <none>
2025-03-17 16:55:20 status unpacked login:amd64 1:4.8.1-1ubuntu5.20.04.5
2025-03-17 16:55:20 status half-configured login:amd64 1:4.8.1-1ubuntu5.20.04.5
2025-03-17 16:55:20 status installed login:amd64 1:4.8.1-1ubuntu5.20.04.5
2025-03-17 16:55:20 startup archives unpack
2025-03-17 16:55:20 upgrade ncurses-bin:amd64 6.2-0ubuntu2.1 6.2-0ubuntu2.1
2025-03-17 16:55:20 status half-configured ncurses-bin:amd64 6.2-0ubuntu2.1
2025-03-17 16:55:20 status unpacked ncurses-bin:amd64 6.2-0ubuntu2.1
2025-03-17 16:55:20 status half-installed ncurses-bin:amd64 6.2-0ubuntu2.1
2025-03-17 16:55:20 status unpacked ncurses-bin:amd64 6.2-0ubuntu2.1
2025-03-17 16:55:20 startup packages configure
2025-03-17 16:55:20 configure ncurses-bin:amd64 6.2-0ubuntu2.1 <none>
2025-03-17 16:55:20 status unpacked ncurses-bin:amd64 6.2-0ubuntu2.1
2025-03-17 16:55:20 status half-configured ncurses-bin:amd64 6.2-0ubuntu2.1
2025-03-17 16:55:20 status installed ncurses-bin:amd64 6.2-0ubuntu2.1
2025-03-17 16:55:20 startup archives unpack
2025-03-17 16:55:20 upgrade sed:amd64 4.7-1 4.7-1
2025-03-17 16:55:20 status half-configured sed:amd64 4.7-1
2025-03-17 16:55:20 status unpacked sed:amd64 4.7-1
2025-03-17 16:55:20 status half-installed sed:amd64 4.7-1
2025-03-17 16:55:20 status unpacked sed:amd64 4.7-1
2025-03-17 16:55:20 startup packages configure
2025-03-17 16:55:20 configure sed:amd64 4.7-1 <none>
2025-03-17 16:55:20 status unpacked sed:amd64 4.7-1
2025-03-17 16:55:20 status half-configured sed:amd64 4.7-1
2025-03-17 16:55:20 status installed sed:amd64 4.7-1
2025-03-17 16:55:20 startup archives unpack
2025-03-17 16:55:20 upgrade fdisk:amd64 2.34-0.1ubuntu9.6 2.34-0.1ubuntu9.6
2025-03-17 16:55:20 status half-configured fdisk:amd64 2.34-0.1ubuntu9.6
2025-03-17 16:55:20 status unpacked fdisk:amd64 2.34-0.1ubuntu9.6
2025-03-17 16:55:20 status half-installed fdisk:amd64 2.34-0.1ubuntu9.6
2025-03-17 16:55:20 status unpacked fdisk:amd64 2.34-0.1ubuntu9.6
2025-03-17 16:55:20 upgrade util-linux:amd64 2.34-0.1ubuntu9.6 2.34-0.1ubuntu9.6
2025-03-17 16:55:20 status half-configured util-linux:amd64 2.34-0.1ubuntu9.6
2025-03-17 16:55:20 status unpacked util-linux:amd64 2.34-0.1ubuntu9.6
2025-03-17 16:55:20 status half-installed util-linux:amd64 2.34-0.1ubuntu9.6
2025-03-17 16:55:20 status unpacked util-linux:amd64 2.34-0.1ubuntu9.6
2025-03-17 16:55:20 startup packages configure
2025-03-17 16:55:20 configure util-linux:amd64 2.34-0.1ubuntu9.6 <none>
2025-03-17 16:55:20 status unpacked util-linux:amd64 2.34-0.1ubuntu9.6
2025-03-17 16:55:20 status half-configured util-linux:amd64 2.34-0.1ubuntu9.6
2025-03-17 16:55:20 status installed util-linux:amd64 2.34-0.1ubuntu9.6
2025-03-17 16:55:20 startup archives unpack
2025-03-17 16:55:20 upgrade base-passwd:amd64 3.5.47 3.5.47
2025-03-17 16:55:20 status half-configured base-passwd:amd64 3.5.47
2025-03-17 16:55:20 status unpacked base-passwd:amd64 3.5.47
2025-03-17 16:55:20 status half-installed base-passwd:amd64 3.5.47
2025-03-17 16:55:20 status unpacked base-passwd:amd64 3.5.47
2025-03-17 16:55:20 startup packages configure
2025-03-17 16:55:20 configure base-passwd:amd64 3.5.47 <none>
2025-03-17 16:55:20 status unpacked base-passwd:amd64 3.5.47
2025-03-17 16:55:20 status half-configured base-passwd:amd64 3.5.47
2025-03-17 16:55:20 status installed base-passwd:amd64 3.5.47
2025-03-17 16:55:20 startup archives unpack
2025-03-17 16:55:20 upgrade init-system-helpers:all 1.57 1.57
2025-03-17 16:55:20 status half-configured init-system-helpers:all 1.57
2025-03-17 16:55:20 status unpacked init-system-helpers:all 1.57
2025-03-17 16:55:20 status half-installed init-system-helpers:all 1.57
2025-03-17 16:55:20 status unpacked init-system-helpers:all 1.57
2025-03-17 16:55:20 startup packages configure
2025-03-17 16:55:20 configure init-system-helpers:all 1.57 <none>
2025-03-17 16:55:20 status unpacked init-system-helpers:all 1.57
2025-03-17 16:55:20 status half-configured init-system-helpers:all 1.57
2025-03-17 16:55:20 status installed init-system-helpers:all 1.57
2025-03-17 16:55:20 startup archives unpack
2025-03-17 16:55:20 upgrade libc-bin:amd64 2.31-0ubuntu9.17 2.31-0ubuntu9.17
2025-03-17 16:55:20 status half-configured libc-bin:amd64 2.31-0ubuntu9.17
2025-03-17 16:55:20 status unpacked libc-bin:amd64 2.31-0ubuntu9.17
2025-03-17 16:55:20 status half-installed libc-bin:amd64 2.31-0ubuntu9.17
2025-03-17 16:55:21 status unpacked libc-bin:amd64 2.31-0ubuntu9.17
2025-03-17 16:55:21 startup packages configure
2025-03-17 16:55:21 configure libc-bin:amd64 2.31-0ubuntu9.17 <none>
2025-03-17 16:55:21 status unpacked libc-bin:amd64 2.31-0ubuntu9.17
2025-03-17 16:55:21 status half-configured libc-bin:amd64 2.31-0ubuntu9.17
2025-03-17 16:55:21 status installed libc-bin:amd64 2.31-0ubuntu9.17
2025-03-17 16:55:21 startup archives unpack
2025-03-17 16:55:21 upgrade sysvinit-utils:amd64 2.96-2.1ubuntu1 2.96-2.1ubuntu1
2025-03-17 16:55:21 status half-configured sysvinit-utils:amd64 2.96-2.1ubuntu1
2025-03-17 16:55:21 status unpacked sysvinit-utils:amd64 2.96-2.1ubuntu1
2025-03-17 16:55:21 status half-installed sysvinit-utils:amd64 2.96-2.1ubuntu1
2025-03-17 16:55:21 status unpacked sysvinit-utils:amd64 2.96-2.1ubuntu1
2025-03-17 16:55:21 startup packages configure
2025-03-17 16:55:21 configure sysvinit-utils:amd64 2.96-2.1ubuntu1 <none>
2025-03-17 16:55:21 status unpacked sysvinit-utils:amd64 2.96-2.1ubuntu1
2025-03-17 16:55:21 status half-configured sysvinit-utils:amd64 2.96-2.1ubuntu1
2025-03-17 16:55:21 status installed sysvinit-utils:amd64 2.96-2.1ubuntu1
2025-03-17 16:55:21 startup archives unpack
2025-03-17 16:55:21 upgrade apt:amd64 2.0.10 2.0.10
2025-03-17 16:55:21 status triggers-pending libc-bin:amd64 2.31-0ubuntu9.17
2025-03-17 16:55:21 status half-configured apt:amd64 2.0.10
2025-03-17 16:55:21 status unpacked apt:amd64 2.0.10
2025-03-17 16:55:21 status half-installed apt:amd64 2.0.10
2025-03-17 16:55:21 status unpacked apt:amd64 2.0.10
2025-03-17 16:55:21 upgrade adduser:all 3.118ubuntu2 3.118ubuntu2
2025-03-17 16:55:21 status half-configured adduser:all 3.118ubuntu2
2025-03-17 16:55:21 status unpacked adduser:all 3.118ubuntu2
2025-03-17 16:55:21 status half-installed adduser:all 3.118ubuntu2
2025-03-17 16:55:21 status unpacked adduser:all 3.118ubuntu2
2025-03-17 16:55:21 upgrade passwd:amd64 1:4.8.1-1ubuntu5.20.04.5 1:4.8.1-1ubuntu5.20.04.5
2025-03-17 16:55:21 status half-configured passwd:amd64 1:4.8.1-1ubuntu5.20.04.5
2025-03-17 16:55:21 status unpacked passwd:amd64 1:4.8.1-1ubuntu5.20.04.5
2025-03-17 16:55:21 status half-installed passwd:amd64 1:4.8.1-1ubuntu5.20.04.5
2025-03-17 16:55:21 status unpacked passwd:amd64 1:4.8.1-1ubuntu5.20.04.5
2025-03-17 16:55:21 startup packages configure
2025-03-17 16:55:21 configure passwd:amd64 1:4.8.1-1ubuntu5.20.04.5 <none>
2025-03-17 16:55:21 status unpacked passwd:amd64 1:4.8.1-1ubuntu5.20.04.5
2025-03-17 16:55:21 status half-configured passwd:amd64 1:4.8.1-1ubuntu5.20.04.5
2025-03-17 16:55:21 status installed passwd:amd64 1:4.8.1-1ubuntu5.20.04.5
2025-03-17 16:55:21 configure adduser:all 3.118ubuntu2 <none>
2025-03-17 16:55:21 status unpacked adduser:all 3.118ubuntu2
2025-03-17 16:55:21 status half-configured adduser:all 3.118ubuntu2
2025-03-17 16:55:21 status installed adduser:all 3.118ubuntu2
2025-03-17 16:55:21 startup archives unpack
2025-03-17 16:55:21 upgrade gpgv:amd64 2.2.19-3ubuntu2.2 2.2.19-3ubuntu2.2
2025-03-17 16:55:21 status half-configured gpgv:amd64 2.2.19-3ubuntu2.2
2025-03-17 16:55:21 status unpacked gpgv:amd64 2.2.19-3ubuntu2.2
2025-03-17 16:55:21 status half-installed gpgv:amd64 2.2.19-3ubuntu2.2
2025-03-17 16:55:21 status unpacked gpgv:amd64 2.2.19-3ubuntu2.2
2025-03-17 16:55:21 startup packages configure
2025-03-17 16:55:21 configure gpgv:amd64 2.2.19-3ubuntu2.2 <none>
2025-03-17 16:55:21 status unpacked gpgv:amd64 2.2.19-3ubuntu2.2
2025-03-17 16:55:21 status half-configured gpgv:amd64 2.2.19-3ubuntu2.2
2025-03-17 16:55:21 status installed gpgv:amd64 2.2.19-3ubuntu2.2
2025-03-17 16:55:21 configure apt:amd64 2.0.10 <none>
2025-03-17 16:55:21 status unpacked apt:amd64 2.0.10
2025-03-17 16:55:21 status half-configured apt:amd64 2.0.10
2025-03-17 16:55:21 status installed apt:amd64 2.0.10
2025-03-17 16:55:21 startup archives unpack
2025-03-17 16:55:21 upgrade logsave:amd64 1.45.5-2ubuntu1.2 1.45.5-2ubuntu1.2
2025-03-17 16:55:21 status half-configured logsave:amd64 1.45.5-2ubuntu1.2
2025-03-17 16:55:21 status unpacked logsave:amd64 1.45.5-2ubuntu1.2
2025-03-17 16:55:21 status half-installed logsave:amd64 1.45.5-2ubuntu1.2
2025-03-17 16:55:21 status unpacked logsave:amd64 1.45.5-2ubuntu1.2
2025-03-17 16:55:21 upgrade e2fsprogs:amd64 1.45.5-2ubuntu1.2 1.45.5-2ubuntu1.2
2025-03-17 16:55:21 status half-configured e2fsprogs:amd64 1.45.5-2ubuntu1.2
2025-03-17 16:55:21 status unpacked e2fsprogs:amd64 1.45.5-2ubuntu1.2
2025-03-17 16:55:21 status half-installed e2fsprogs:amd64 1.45.5-2ubuntu1.2
2025-03-17 16:55:21 status unpacked e2fsprogs:amd64 1.45.5-2ubuntu1.2
2025-03-17 16:55:21 upgrade mount:amd64 2.34-0.1ubuntu9.6 2.34-0.1ubuntu9.6
2025-03-17 16:55:21 status half-configured mount:amd64 2.34-0.1ubuntu9.6
2025-03-17 16:55:21 status unpacked mount:amd64 2.34-0.1ubuntu9.6
2025-03-17 16:55:21 status half-installed mount:amd64 2.34-0.1ubuntu9.6
2025-03-17 16:55:21 status unpacked mount:amd64 2.34-0.1ubuntu9.6
2025-03-17 16:55:21 upgrade libaudit-common:all 1:2.8.5-2ubuntu6 1:2.8.5-2ubuntu6
2025-03-17 16:55:21 status half-configured libaudit-common:all 1:2.8.5-2ubuntu6
2025-03-17 16:55:21 status unpacked libaudit-common:all 1:2.8.5-2ubuntu6
2025-03-17 16:55:21 status half-installed libaudit-common:all 1:2.8.5-2ubuntu6
2025-03-17 16:55:21 status unpacked libaudit-common:all 1:2.8.5-2ubuntu6
2025-03-17 16:55:21 startup packages configure
2025-03-17 16:55:21 configure libaudit-common:all 1:2.8.5-2ubuntu6 <none>
2025-03-17 16:55:21 status unpacked libaudit-common:all 1:2.8.5-2ubuntu6
2025-03-17 16:55:21 status half-configured libaudit-common:all 1:2.8.5-2ubuntu6
2025-03-17 16:55:21 status installed libaudit-common:all 1:2.8.5-2ubuntu6
2025-03-17 16:55:21 startup archives unpack
2025-03-17 16:55:21 upgrade libsemanage-common:all 3.0-1build2 3.0-1build2
2025-03-17 16:55:21 status half-configured libsemanage-common:all 3.0-1build2
2025-03-17 16:55:21 status unpacked libsemanage-common:all 3.0-1build2
2025-03-17 16:55:21 status half-installed libsemanage-common:all 3.0-1build2
2025-03-17 16:55:21 status unpacked libsemanage-common:all 3.0-1build2
2025-03-17 16:55:21 startup packages configure
2025-03-17 16:55:21 configure libsemanage-common:all 3.0-1build2 <none>
2025-03-17 16:55:21 status unpacked libsemanage-common:all 3.0-1build2
2025-03-17 16:55:21 status half-configured libsemanage-common:all 3.0-1build2
2025-03-17 16:55:21 status installed libsemanage-common:all 3.0-1build2
2025-03-17 16:55:21 startup archives unpack
2025-03-17 16:55:21 upgrade procps:amd64 2:3.3.16-1ubuntu2.4 2:3.3.16-1ubuntu2.4
2025-03-17 16:55:21 status half-configured procps:amd64 2:3.3.16-1ubuntu2.4
2025-03-17 16:55:21 status unpacked procps:amd64 2:3.3.16-1ubuntu2.4
2025-03-17 16:55:21 status half-installed procps:amd64 2:3.3.16-1ubuntu2.4
2025-03-17 16:55:22 status unpacked procps:amd64 2:3.3.16-1ubuntu2.4
2025-03-17 16:55:22 upgrade sensible-utils:all 0.0.12+nmu1 0.0.12+nmu1
2025-03-17 16:55:22 status half-configured sensible-utils:all 0.0.12+nmu1
2025-03-17 16:55:22 status unpacked sensible-utils:all 0.0.12+nmu1
2025-03-17 16:55:22 status half-installed sensible-utils:all 0.0.12+nmu1
2025-03-17 16:55:22 status unpacked sensible-utils:all 0.0.12+nmu1
2025-03-17 16:55:22 upgrade bzip2:amd64 1.0.8-2 1.0.8-2
2025-03-17 16:55:22 status half-configured bzip2:amd64 1.0.8-2
2025-03-17 16:55:22 status unpacked bzip2:amd64 1.0.8-2
2025-03-17 16:55:22 status half-installed bzip2:amd64 1.0.8-2
2025-03-17 16:55:22 status unpacked bzip2:amd64 1.0.8-2
2025-03-17 16:55:22 startup packages configure
2025-03-17 16:55:22 configure bzip2:amd64 1.0.8-2 <none>
2025-03-17 16:55:22 status unpacked bzip2:amd64 1.0.8-2
2025-03-17 16:55:22 status half-configured bzip2:amd64 1.0.8-2
2025-03-17 16:55:22 status installed bzip2:amd64 1.0.8-2
2025-03-17 16:55:22 configure fdisk:amd64 2.34-0.1ubuntu9.6 <none>
2025-03-17 16:55:22 status unpacked fdisk:amd64 2.34-0.1ubuntu9.6
2025-03-17 16:55:22 status half-configured fdisk:amd64 2.34-0.1ubuntu9.6
2025-03-17 16:55:22 status installed fdisk:amd64 2.34-0.1ubuntu9.6
2025-03-17 16:55:22 configure logsave:amd64 1.45.5-2ubuntu1.2 <none>
2025-03-17 16:55:22 status unpacked logsave:amd64 1.45.5-2ubuntu1.2
2025-03-17 16:55:22 status half-configured logsave:amd64 1.45.5-2ubuntu1.2
2025-03-17 16:55:22 status installed logsave:amd64 1.45.5-2ubuntu1.2
2025-03-17 16:55:22 configure mount:amd64 2.34-0.1ubuntu9.6 <none>
2025-03-17 16:55:22 status unpacked mount:amd64 2.34-0.1ubuntu9.6
2025-03-17 16:55:22 status half-configured mount:amd64 2.34-0.1ubuntu9.6
2025-03-17 16:55:22 status installed mount:amd64 2.34-0.1ubuntu9.6
2025-03-17 16:55:22 configure sensible-utils:all 0.0.12+nmu1 <none>
2025-03-17 16:55:22 status unpacked sensible-utils:all 0.0.12+nmu1
2025-03-17 16:55:22 status half-configured sensible-utils:all 0.0.12+nmu1
2025-03-17 16:55:22 status installed sensible-utils:all 0.0.12+nmu1
2025-03-17 16:55:22 configure procps:amd64 2:3.3.16-1ubuntu2.4 <none>
2025-03-17 16:55:22 status unpacked procps:amd64 2:3.3.16-1ubuntu2.4
2025-03-17 16:55:22 status half-configured procps:amd64 2:3.3.16-1ubuntu2.4
2025-03-17 16:55:22 status installed procps:amd64 2:3.3.16-1ubuntu2.4
2025-03-17 16:55:22 configure e2fsprogs:amd64 1.45.5-2ubuntu1.2 <none>
2025-03-17 16:55:22 status unpacked e2fsprogs:amd64 1.45.5-2ubuntu1.2
2025-03-17 16:55:22 status half-configured e2fsprogs:amd64 1.45.5-2ubuntu1.2
2025-03-17 16:55:22 status installed e2fsprogs:amd64 1.45.5-2ubuntu1.2
2025-03-17 16:55:22 trigproc libc-bin:amd64 2.31-0ubuntu9.17 <none>
2025-03-17 16:55:22 status half-configured libc-bin:amd64 2.31-0ubuntu9.17
2025-03-17 16:55:22 status installed libc-bin:amd64 2.31-0ubuntu9.17
2025-03-17 16:55:24 startup archives unpack
2025-03-17 16:55:24 upgrade gcc-10-base:amd64 10.5.0-1ubuntu1~20.04 10.5.0-1ubuntu1~20.04
2025-03-17 16:55:24 status half-configured gcc-10-base:amd64 10.5.0-1ubuntu1~20.04
2025-03-17 16:55:24 status unpacked gcc-10-base:amd64 10.5.0-1ubuntu1~20.04
2025-03-17 16:55:24 status half-installed gcc-10-base:amd64 10.5.0-1ubuntu1~20.04
2025-03-17 16:55:24 status unpacked gcc-10-base:amd64 10.5.0-1ubuntu1~20.04
2025-03-17 16:55:24 startup packages configure
2025-03-17 16:55:24 configure gcc-10-base:amd64 10.5.0-1ubuntu1~20.04 <none>
2025-03-17 16:55:24 status unpacked gcc-10-base:amd64 10.5.0-1ubuntu1~20.04
2025-03-17 16:55:24 status half-configured gcc-10-base:amd64 10.5.0-1ubuntu1~20.04
2025-03-17 16:55:24 status installed gcc-10-base:amd64 10.5.0-1ubuntu1~20.04
2025-03-17 16:55:24 startup archives unpack
2025-03-17 16:55:24 upgrade libdb5.3:amd64 5.3.28+dfsg1-0.6ubuntu2 5.3.28+dfsg1-0.6ubuntu2
2025-03-17 16:55:24 status triggers-pending libc-bin:amd64 2.31-0ubuntu9.17
2025-03-17 16:55:24 status half-configured libdb5.3:amd64 5.3.28+dfsg1-0.6ubuntu2
2025-03-17 16:55:24 status unpacked libdb5.3:amd64 5.3.28+dfsg1-0.6ubuntu2
2025-03-17 16:55:24 status half-installed libdb5.3:amd64 5.3.28+dfsg1-0.6ubuntu2
2025-03-17 16:55:24 status unpacked libdb5.3:amd64 5.3.28+dfsg1-0.6ubuntu2
2025-03-17 16:55:24 startup packages configure
2025-03-17 16:55:24 configure libdb5.3:amd64 5.3.28+dfsg1-0.6ubuntu2 <none>
2025-03-17 16:55:24 status unpacked libdb5.3:amd64 5.3.28+dfsg1-0.6ubuntu2
2025-03-17 16:55:24 status half-configured libdb5.3:amd64 5.3.28+dfsg1-0.6ubuntu2
2025-03-17 16:55:24 status installed libdb5.3:amd64 5.3.28+dfsg1-0.6ubuntu2
2025-03-17 16:55:24 startup archives unpack
2025-03-17 16:55:24 upgrade libdebconfclient0:amd64 0.251ubuntu1 0.251ubuntu1
2025-03-17 16:55:24 status half-configured libdebconfclient0:amd64 0.251ubuntu1
2025-03-17 16:55:24 status unpacked libdebconfclient0:amd64 0.251ubuntu1
2025-03-17 16:55:24 status half-installed libdebconfclient0:amd64 0.251ubuntu1
2025-03-17 16:55:24 status unpacked libdebconfclient0:amd64 0.251ubuntu1
2025-03-17 16:55:24 startup packages configure
2025-03-17 16:55:24 configure libdebconfclient0:amd64 0.251ubuntu1 <none>
2025-03-17 16:55:24 status unpacked libdebconfclient0:amd64 0.251ubuntu1
2025-03-17 16:55:24 status half-configured libdebconfclient0:amd64 0.251ubuntu1
2025-03-17 16:55:24 status installed libdebconfclient0:amd64 0.251ubuntu1
2025-03-17 16:55:24 startup archives unpack
2025-03-17 16:55:24 upgrade libgcrypt20:amd64 1.8.5-5ubuntu1.1 1.8.5-5ubuntu1.1
2025-03-17 16:55:24 status half-configured libgcrypt20:amd64 1.8.5-5ubuntu1.1
2025-03-17 16:55:24 status unpacked libgcrypt20:amd64 1.8.5-5ubuntu1.1
2025-03-17 16:55:24 status half-installed libgcrypt20:amd64 1.8.5-5ubuntu1.1
2025-03-17 16:55:24 status unpacked libgcrypt20:amd64 1.8.5-5ubuntu1.1
2025-03-17 16:55:24 upgrade libgpg-error0:amd64 1.37-1 1.37-1
2025-03-17 16:55:24 status half-configured libgpg-error0:amd64 1.37-1
2025-03-17 16:55:24 status unpacked libgpg-error0:amd64 1.37-1
2025-03-17 16:55:24 status half-installed libgpg-error0:amd64 1.37-1
2025-03-17 16:55:24 status unpacked libgpg-error0:amd64 1.37-1
2025-03-17 16:55:24 startup packages configure
2025-03-17 16:55:24 configure libgpg-error0:amd64 1.37-1 <none>
2025-03-17 16:55:24 status unpacked libgpg-error0:amd64 1.37-1
2025-03-17 16:55:24 status half-configured libgpg-error0:amd64 1.37-1
2025-03-17 16:55:24 status installed libgpg-error0:amd64 1.37-1
2025-03-17 16:55:24 configure libgcrypt20:amd64 1.8.5-5ubuntu1.1 <none>
2025-03-17 16:55:24 status unpacked libgcrypt20:amd64 1.8.5-5ubuntu1.1
2025-03-17 16:55:24 status half-configured libgcrypt20:amd64 1.8.5-5ubuntu1.1
2025-03-17 16:55:24 status installed libgcrypt20:amd64 1.8.5-5ubuntu1.1
2025-03-17 16:55:24 startup archives unpack
2025-03-17 16:55:24 upgrade liblzma5:amd64 5.2.4-1ubuntu1.1 5.2.4-1ubuntu1.1
2025-03-17 16:55:24 status half-configured liblzma5:amd64 5.2.4-1ubuntu1.1
2025-03-17 16:55:24 status unpacked liblzma5:amd64 5.2.4-1ubuntu1.1
2025-03-17 16:55:24 status half-installed liblzma5:amd64 5.2.4-1ubuntu1.1
2025-03-17 16:55:24 status unpacked liblzma5:amd64 5.2.4-1ubuntu1.1
2025-03-17 16:55:24 startup packages configure
2025-03-17 16:55:24 configure liblzma5:amd64 5.2.4-1ubuntu1.1 <none>
2025-03-17 16:55:24 status unpacked liblzma5:amd64 5.2.4-1ubuntu1.1
2025-03-17 16:55:24 status half-configured liblzma5:amd64 5.2.4-1ubuntu1.1
2025-03-17 16:55:24 status installed liblzma5:amd64 5.2.4-1ubuntu1.1
2025-03-17 16:55:24 startup archives unpack
2025-03-17 16:55:24 upgrade libpam0g:amd64 1.3.1-5ubuntu4.7 1.3.1-5ubuntu4.7
2025-03-17 16:55:24 status half-configured libpam0g:amd64 1.3.1-5ubuntu4.7
2025-03-17 16:55:24 status unpacked libpam0g:amd64 1.3.1-5ubuntu4.7
2025-03-17 16:55:24 status half-installed libpam0g:amd64 1.3.1-5ubuntu4.7
2025-03-17 16:55:24 status unpacked libpam0g:amd64 1.3.1-5ubuntu4.7
2025-03-17 16:55:24 startup packages configure
2025-03-17 16:55:24 configure libpam0g:amd64 1.3.1-5ubuntu4.7 <none>
2025-03-17 16:55:24 status unpacked libpam0g:amd64 1.3.1-5ubuntu4.7
2025-03-17 16:55:24 status half-configured libpam0g:amd64 1.3.1-5ubuntu4.7
2025-03-17 16:55:24 status installed libpam0g:amd64 1.3.1-5ubuntu4.7
2025-03-17 16:55:24 startup archives unpack
2025-03-17 16:55:24 upgrade libpcre2-8-0:amd64 10.34-7ubuntu0.1 10.34-7ubuntu0.1
2025-03-17 16:55:24 status half-configured libpcre2-8-0:amd64 10.34-7ubuntu0.1
2025-03-17 16:55:24 status unpacked libpcre2-8-0:amd64 10.34-7ubuntu0.1
2025-03-17 16:55:24 status half-installed libpcre2-8-0:amd64 10.34-7ubuntu0.1
2025-03-17 16:55:24 status unpacked libpcre2-8-0:amd64 10.34-7ubuntu0.1
2025-03-17 16:55:24 startup packages configure
2025-03-17 16:55:24 configure libpcre2-8-0:amd64 10.34-7ubuntu0.1 <none>
2025-03-17 16:55:24 status unpacked libpcre2-8-0:amd64 10.34-7ubuntu0.1
2025-03-17 16:55:24 status half-configured libpcre2-8-0:amd64 10.34-7ubuntu0.1
2025-03-17 16:55:24 status installed libpcre2-8-0:amd64 10.34-7ubuntu0.1
2025-03-17 16:55:24 startup archives unpack
2025-03-17 16:55:24 upgrade libtinfo6:amd64 6.2-0ubuntu2.1 6.2-0ubuntu2.1
2025-03-17 16:55:24 status half-configured libtinfo6:amd64 6.2-0ubuntu2.1
2025-03-17 16:55:24 status unpacked libtinfo6:amd64 6.2-0ubuntu2.1
2025-03-17 16:55:24 status half-installed libtinfo6:amd64 6.2-0ubuntu2.1
2025-03-17 16:55:24 status unpacked libtinfo6:amd64 6.2-0ubuntu2.1
2025-03-17 16:55:24 startup packages configure
2025-03-17 16:55:24 configure libtinfo6:amd64 6.2-0ubuntu2.1 <none>
2025-03-17 16:55:24 status unpacked libtinfo6:amd64 6.2-0ubuntu2.1
2025-03-17 16:55:24 status half-configured libtinfo6:amd64 6.2-0ubuntu2.1
2025-03-17 16:55:24 status installed libtinfo6:amd64 6.2-0ubuntu2.1
2025-03-17 16:55:24 startup archives unpack
2025-03-17 16:55:24 upgrade lsb-base:all 11.1.0ubuntu2 11.1.0ubuntu2
2025-03-17 16:55:24 status half-configured lsb-base:all 11.1.0ubuntu2
2025-03-17 16:55:24 status unpacked lsb-base:all 11.1.0ubuntu2
2025-03-17 16:55:24 status half-installed lsb-base:all 11.1.0ubuntu2
2025-03-17 16:55:24 status unpacked lsb-base:all 11.1.0ubuntu2
2025-03-17 16:55:24 startup packages configure
2025-03-17 16:55:24 configure lsb-base:all 11.1.0ubuntu2 <none>
2025-03-17 16:55:24 status unpacked lsb-base:all 11.1.0ubuntu2
2025-03-17 16:55:24 status half-configured lsb-base:all 11.1.0ubuntu2
2025-03-17 16:55:24 status installed lsb-base:all 11.1.0ubuntu2
2025-03-17 16:55:24 startup archives unpack
2025-03-17 16:55:24 upgrade libapt-pkg6.0:amd64 2.0.10 2.0.10
2025-03-17 16:55:24 status half-configured libapt-pkg6.0:amd64 2.0.10
2025-03-17 16:55:24 status unpacked libapt-pkg6.0:amd64 2.0.10
2025-03-17 16:55:24 status half-installed libapt-pkg6.0:amd64 2.0.10
2025-03-17 16:55:24 status unpacked libapt-pkg6.0:amd64 2.0.10
2025-03-17 16:55:24 startup packages configure
2025-03-17 16:55:24 configure libapt-pkg6.0:amd64 2.0.10 <none>
2025-03-17 16:55:24 status unpacked libapt-pkg6.0:amd64 2.0.10
2025-03-17 16:55:24 status half-configured libapt-pkg6.0:amd64 2.0.10
2025-03-17 16:55:24 status installed libapt-pkg6.0:amd64 2.0.10
2025-03-17 16:55:24 startup archives unpack
2025-03-17 16:55:24 upgrade libgmp10:amd64 2:6.2.0+dfsg-4ubuntu0.1 2:6.2.0+dfsg-4ubuntu0.1
2025-03-17 16:55:24 status half-configured libgmp10:amd64 2:6.2.0+dfsg-4ubuntu0.1
2025-03-17 16:55:24 status unpacked libgmp10:amd64 2:6.2.0+dfsg-4ubuntu0.1
2025-03-17 16:55:24 status half-installed libgmp10:amd64 2:6.2.0+dfsg-4ubuntu0.1
2025-03-17 16:55:24 status unpacked libgmp10:amd64 2:6.2.0+dfsg-4ubuntu0.1
2025-03-17 16:55:24 startup packages configure
2025-03-17 16:55:24 configure libgmp10:amd64 2:6.2.0+dfsg-4ubuntu0.1 <none>
2025-03-17 16:55:24 status unpacked libgmp10:amd64 2:6.2.0+dfsg-4ubuntu0.1
2025-03-17 16:55:24 status half-configured libgmp10:amd64 2:6.2.0+dfsg-4ubuntu0.1
2025-03-17 16:55:24 status installed libgmp10:amd64 2:6.2.0+dfsg-4ubuntu0.1
2025-03-17 16:55:24 startup archives unpack
2025-03-17 16:55:24 upgrade libidn2-0:amd64 2.2.0-2 2.2.0-2
2025-03-17 16:55:24 status half-configured libidn2-0:amd64 2.2.0-2
2025-03-17 16:55:24 status unpacked libidn2-0:amd64 2.2.0-2
2025-03-17 16:55:24 status half-installed libidn2-0:amd64 2.2.0-2
2025-03-17 16:55:24 status unpacked libidn2-0:amd64 2.2.0-2
2025-03-17 16:55:24 startup packages configure
2025-03-17 16:55:24 configure libidn2-0:amd64 2.2.0-2 <none>
2025-03-17 16:55:24 status unpacked libidn2-0:amd64 2.2.0-2
2025-03-17 16:55:24 status half-configured libidn2-0:amd64 2.2.0-2
2025-03-17 16:55:24 status installed libidn2-0:amd64 2.2.0-2
2025-03-17 16:55:24 startup archives unpack
2025-03-17 16:55:24 upgrade libnettle7:amd64 3.5.1+really3.5.1-2ubuntu0.2 3.5.1+really3.5.1-2ubuntu0.2
2025-03-17 16:55:24 status half-configured libnettle7:amd64 3.5.1+really3.5.1-2ubuntu0.2
2025-03-17 16:55:24 status unpacked libnettle7:amd64 3.5.1+really3.5.1-2ubuntu0.2
2025-03-17 16:55:24 status half-installed libnettle7:amd64 3.5.1+really3.5.1-2ubuntu0.2
2025-03-17 16:55:24 status unpacked libnettle7:amd64 3.5.1+really3.5.1-2ubuntu0.2
2025-03-17 16:55:24 startup packages configure
2025-03-17 16:55:24 configure libnettle7:amd64 3.5.1+really3.5.1-2ubuntu0.2 <none>
2025-03-17 16:55:24 status unpacked libnettle7:amd64 3.5.1+really3.5.1-2ubuntu0.2
2025-03-17 16:55:24 status half-configured libnettle7:amd64 3.5.1+really3.5.1-2ubuntu0.2
2025-03-17 16:55:24 status installed libnettle7:amd64 3.5.1+really3.5.1-2ubuntu0.2
2025-03-17 16:55:24 startup archives unpack
2025-03-17 16:55:24 upgrade libp11-kit0:amd64 0.23.20-1ubuntu0.1 0.23.20-1ubuntu0.1
2025-03-17 16:55:24 status half-configured libp11-kit0:amd64 0.23.20-1ubuntu0.1
2025-03-17 16:55:24 status unpacked libp11-kit0:amd64 0.23.20-1ubuntu0.1
2025-03-17 16:55:24 status half-installed libp11-kit0:amd64 0.23.20-1ubuntu0.1
2025-03-17 16:55:25 status unpacked libp11-kit0:amd64 0.23.20-1ubuntu0.1
2025-03-17 16:55:25 startup packages configure
2025-03-17 16:55:25 configure libp11-kit0:amd64 0.23.20-1ubuntu0.1 <none>
2025-03-17 16:55:25 status unpacked libp11-kit0:amd64 0.23.20-1ubuntu0.1
2025-03-17 16:55:25 status half-configured libp11-kit0:amd64 0.23.20-1ubuntu0.1
2025-03-17 16:55:25 status installed libp11-kit0:amd64 0.23.20-1ubuntu0.1
2025-03-17 16:55:25 startup archives unpack
2025-03-17 16:55:25 upgrade ubuntu-keyring:all 2020.02.11.4 2020.02.11.4
2025-03-17 16:55:25 status half-configured ubuntu-keyring:all 2020.02.11.4
2025-03-17 16:55:25 status unpacked ubuntu-keyring:all 2020.02.11.4
2025-03-17 16:55:25 status half-installed ubuntu-keyring:all 2020.02.11.4
2025-03-17 16:55:25 status unpacked ubuntu-keyring:all 2020.02.11.4
2025-03-17 16:55:25 startup packages configure
2025-03-17 16:55:25 configure ubuntu-keyring:all 2020.02.11.4 <none>
2025-03-17 16:55:25 status unpacked ubuntu-keyring:all 2020.02.11.4
2025-03-17 16:55:25 status half-configured ubuntu-keyring:all 2020.02.11.4
2025-03-17 16:55:25 status installed ubuntu-keyring:all 2020.02.11.4
2025-03-17 16:55:25 startup archives unpack
2025-03-17 16:55:25 upgrade libprocps8:amd64 2:3.3.16-1ubuntu2.4 2:3.3.16-1ubuntu2.4
2025-03-17 16:55:25 status half-configured libprocps8:amd64 2:3.3.16-1ubuntu2.4
2025-03-17 16:55:25 status unpacked libprocps8:amd64 2:3.3.16-1ubuntu2.4
2025-03-17 16:55:25 status half-installed libprocps8:amd64 2:3.3.16-1ubuntu2.4
2025-03-17 16:55:25 status unpacked libprocps8:amd64 2:3.3.16-1ubuntu2.4
2025-03-17 16:55:25 startup packages configure
2025-03-17 16:55:25 configure libprocps8:amd64 2:3.3.16-1ubuntu2.4 <none>
2025-03-17 16:55:25 status unpacked libprocps8:amd64 2:3.3.16-1ubuntu2.4
2025-03-17 16:55:25 status half-configured libprocps8:amd64 2:3.3.16-1ubuntu2.4
2025-03-17 16:55:25 status installed libprocps8:amd64 2:3.3.16-1ubuntu2.4
2025-03-17 16:55:25 trigproc libc-bin:amd64 2.31-0ubuntu9.17 <none>
2025-03-17 16:55:25 status half-configured libc-bin:amd64 2.31-0ubuntu9.17
2025-03-17 16:55:25 status installed libc-bin:amd64 2.31-0ubuntu9.17
2025-03-17 16:55:34 startup archives unpack
2025-03-17 16:55:34 install libssl1.1:amd64 <none> 1.1.1f-1ubuntu2.24
2025-03-17 16:55:34 status triggers-pending libc-bin:amd64 2.31-0ubuntu9.17
2025-03-17 16:55:34 status half-installed libssl1.1:amd64 1.1.1f-1ubuntu2.24
2025-03-17 16:55:34 status unpacked libssl1.1:amd64 1.1.1f-1ubuntu2.24
2025-03-17 16:55:34 install libpython3.8-minimal:amd64 <none> 3.8.10-0ubuntu1~20.04.16
2025-03-17 16:55:34 status half-installed libpython3.8-minimal:amd64 3.8.10-0ubuntu1~20.04.16
2025-03-17 16:55:34 status unpacked libpython3.8-minimal:amd64 3.8.10-0ubuntu1~20.04.16
2025-03-17 16:55:34 install libexpat1:amd64 <none> 2.2.9-1ubuntu0.8
2025-03-17 16:55:34 status half-installed libexpat1:amd64 2.2.9-1ubuntu0.8
2025-03-17 16:55:34 status unpacked libexpat1:amd64 2.2.9-1ubuntu0.8
2025-03-17 16:55:34 install python3.8-minimal:amd64 <none> 3.8.10-0ubuntu1~20.04.16
2025-03-17 16:55:34 status half-installed python3.8-minimal:amd64 3.8.10-0ubuntu1~20.04.16
2025-03-17 16:55:34 status unpacked python3.8-minimal:amd64 3.8.10-0ubuntu1~20.04.16
2025-03-17 16:55:34 startup packages configure
2025-03-17 16:55:34 configure libssl1.1:amd64 1.1.1f-1ubuntu2.24 <none>
2025-03-17 16:55:34 status unpacked libssl1.1:amd64 1.1.1f-1ubuntu2.24
2025-03-17 16:55:34 status half-configured libssl1.1:amd64 1.1.1f-1ubuntu2.24
2025-03-17 16:55:35 status installed libssl1.1:amd64 1.1.1f-1ubuntu2.24
2025-03-17 16:55:35 configure libpython3.8-minimal:amd64 3.8.10-0ubuntu1~20.04.16 <none>
2025-03-17 16:55:35 status unpacked libpython3.8-minimal:amd64 3.8.10-0ubuntu1~20.04.16
2025-03-17 16:55:35 status half-configured libpython3.8-minimal:amd64 3.8.10-0ubuntu1~20.04.16
2025-03-17 16:55:35 status installed libpython3.8-minimal:amd64 3.8.10-0ubuntu1~20.04.16
2025-03-17 16:55:35 configure libexpat1:amd64 2.2.9-1ubuntu0.8 <none>
2025-03-17 16:55:35 status unpacked libexpat1:amd64 2.2.9-1ubuntu0.8
2025-03-17 16:55:35 status half-configured libexpat1:amd64 2.2.9-1ubuntu0.8
2025-03-17 16:55:35 status installed libexpat1:amd64 2.2.9-1ubuntu0.8
2025-03-17 16:55:35 configure python3.8-minimal:amd64 3.8.10-0ubuntu1~20.04.16 <none>
2025-03-17 16:55:35 status unpacked python3.8-minimal:amd64 3.8.10-0ubuntu1~20.04.16
2025-03-17 16:55:35 status half-configured python3.8-minimal:amd64 3.8.10-0ubuntu1~20.04.16
2025-03-17 16:55:35 status installed python3.8-minimal:amd64 3.8.10-0ubuntu1~20.04.16
2025-03-17 16:55:35 startup archives unpack
2025-03-17 16:55:35 install python3-minimal:amd64 <none> 3.8.2-0ubuntu2
2025-03-17 16:55:35 status half-installed python3-minimal:amd64 3.8.2-0ubuntu2
2025-03-17 16:55:35 status unpacked python3-minimal:amd64 3.8.2-0ubuntu2
2025-03-17 16:55:35 install mime-support:all <none> 3.64ubuntu1
2025-03-17 16:55:35 status half-installed mime-support:all 3.64ubuntu1
2025-03-17 16:55:35 status unpacked mime-support:all 3.64ubuntu1
2025-03-17 16:55:35 install libmpdec2:amd64 <none> 2.4.2-3
2025-03-17 16:55:35 status half-installed libmpdec2:amd64 2.4.2-3
2025-03-17 16:55:35 status unpacked libmpdec2:amd64 2.4.2-3
2025-03-17 16:55:35 install readline-common:all <none> 8.0-4
2025-03-17 16:55:35 status half-installed readline-common:all 8.0-4
2025-03-17 16:55:35 status unpacked readline-common:all 8.0-4
2025-03-17 16:55:35 install libreadline8:amd64 <none> 8.0-4
2025-03-17 16:55:35 status half-installed libreadline8:amd64 8.0-4
2025-03-17 16:55:35 status unpacked libreadline8:amd64 8.0-4
2025-03-17 16:55:35 install libsqlite3-0:amd64 <none> 3.31.1-4ubuntu0.6
2025-03-17 16:55:35 status half-installed libsqlite3-0:amd64 3.31.1-4ubuntu0.6
2025-03-17 16:55:35 status unpacked libsqlite3-0:amd64 3.31.1-4ubuntu0.6
2025-03-17 16:55:35 install libpython3.8-stdlib:amd64 <none> 3.8.10-0ubuntu1~20.04.16
2025-03-17 16:55:35 status half-installed libpython3.8-stdlib:amd64 3.8.10-0ubuntu1~20.04.16
2025-03-17 16:55:35 status unpacked libpython3.8-stdlib:amd64 3.8.10-0ubuntu1~20.04.16
2025-03-17 16:55:35 install python3.8:amd64 <none> 3.8.10-0ubuntu1~20.04.16
2025-03-17 16:55:35 status half-installed python3.8:amd64 3.8.10-0ubuntu1~20.04.16
2025-03-17 16:55:35 status unpacked python3.8:amd64 3.8.10-0ubuntu1~20.04.16
2025-03-17 16:55:35 install libpython3-stdlib:amd64 <none> 3.8.2-0ubuntu2
2025-03-17 16:55:35 status half-installed libpython3-stdlib:amd64 3.8.2-0ubuntu2
2025-03-17 16:55:35 status unpacked libpython3-stdlib:amd64 3.8.2-0ubuntu2
2025-03-17 16:55:35 startup packages configure
2025-03-17 16:55:35 configure python3-minimal:amd64 3.8.2-0ubuntu2 <none>
2025-03-17 16:55:35 status unpacked python3-minimal:amd64 3.8.2-0ubuntu2
2025-03-17 16:55:35 status half-configured python3-minimal:amd64 3.8.2-0ubuntu2
2025-03-17 16:55:35 status installed python3-minimal:amd64 3.8.2-0ubuntu2
2025-03-17 16:55:35 startup archives unpack
2025-03-17 16:55:35 install python3:amd64 <none> 3.8.2-0ubuntu2
2025-03-17 16:55:35 status half-installed python3:amd64 3.8.2-0ubuntu2
2025-03-17 16:55:35 status unpacked python3:amd64 3.8.2-0ubuntu2
2025-03-17 16:55:35 install libapparmor1:amd64 <none> 2.13.3-7ubuntu5.4
2025-03-17 16:55:35 status half-installed libapparmor1:amd64 2.13.3-7ubuntu5.4
2025-03-17 16:55:35 status unpacked libapparmor1:amd64 2.13.3-7ubuntu5.4
2025-03-17 16:55:35 install libcap2:amd64 <none> 1:2.32-1ubuntu0.2
2025-03-17 16:55:35 status half-installed libcap2:amd64 1:2.32-1ubuntu0.2
2025-03-17 16:55:35 status unpacked libcap2:amd64 1:2.32-1ubuntu0.2
2025-03-17 16:55:35 install libargon2-1:amd64 <none> 0~20171227-0.2
2025-03-17 16:55:35 status half-installed libargon2-1:amd64 0~20171227-0.2
2025-03-17 16:55:35 status unpacked libargon2-1:amd64 0~20171227-0.2
2025-03-17 16:55:35 install libdevmapper1.02.1:amd64 <none> 2:1.02.167-1ubuntu1
2025-03-17 16:55:35 status half-installed libdevmapper1.02.1:amd64 2:1.02.167-1ubuntu1
2025-03-17 16:55:35 status unpacked libdevmapper1.02.1:amd64 2:1.02.167-1ubuntu1
2025-03-17 16:55:35 install libjson-c4:amd64 <none> 0.13.1+dfsg-7ubuntu0.3
2025-03-17 16:55:35 status half-installed libjson-c4:amd64 0.13.1+dfsg-7ubuntu0.3
2025-03-17 16:55:35 status unpacked libjson-c4:amd64 0.13.1+dfsg-7ubuntu0.3
2025-03-17 16:55:36 install libcryptsetup12:amd64 <none> 2:2.2.2-3ubuntu2.4
2025-03-17 16:55:36 status half-installed libcryptsetup12:amd64 2:2.2.2-3ubuntu2.4
2025-03-17 16:55:36 status unpacked libcryptsetup12:amd64 2:2.2.2-3ubuntu2.4
2025-03-17 16:55:36 install libip4tc2:amd64 <none> 1.8.4-3ubuntu2.1
2025-03-17 16:55:36 status half-installed libip4tc2:amd64 1.8.4-3ubuntu2.1
2025-03-17 16:55:36 status unpacked libip4tc2:amd64 1.8.4-3ubuntu2.1
2025-03-17 16:55:36 install libkmod2:amd64 <none> 27-1ubuntu2.1
2025-03-17 16:55:36 status half-installed libkmod2:amd64 27-1ubuntu2.1
2025-03-17 16:55:36 status unpacked libkmod2:amd64 27-1ubuntu2.1
2025-03-17 16:55:36 install systemd-timesyncd:amd64 <none> 245.4-4ubuntu3.24
2025-03-17 16:55:36 status half-installed systemd-timesyncd:amd64 245.4-4ubuntu3.24
2025-03-17 16:55:36 status unpacked systemd-timesyncd:amd64 245.4-4ubuntu3.24
2025-03-17 16:55:36 install systemd:amd64 <none> 245.4-4ubuntu3.24
2025-03-17 16:55:36 status half-installed systemd:amd64 245.4-4ubuntu3.24
2025-03-17 16:55:36 status unpacked systemd:amd64 245.4-4ubuntu3.24
2025-03-17 16:55:36 startup packages configure
2025-03-17 16:55:36 configure libapparmor1:amd64 2.13.3-7ubuntu5.4 <none>
2025-03-17 16:55:36 status unpacked libapparmor1:amd64 2.13.3-7ubuntu5.4
2025-03-17 16:55:36 status half-configured libapparmor1:amd64 2.13.3-7ubuntu5.4
2025-03-17 16:55:36 status installed libapparmor1:amd64 2.13.3-7ubuntu5.4
2025-03-17 16:55:36 configure libcap2:amd64 1:2.32-1ubuntu0.2 <none>
2025-03-17 16:55:36 status unpacked libcap2:amd64 1:2.32-1ubuntu0.2
2025-03-17 16:55:36 status half-configured libcap2:amd64 1:2.32-1ubuntu0.2
2025-03-17 16:55:36 status installed libcap2:amd64 1:2.32-1ubuntu0.2
2025-03-17 16:55:36 configure libargon2-1:amd64 0~20171227-0.2 <none>
2025-03-17 16:55:36 status unpacked libargon2-1:amd64 0~20171227-0.2
2025-03-17 16:55:36 status half-configured libargon2-1:amd64 0~20171227-0.2
2025-03-17 16:55:36 status installed libargon2-1:amd64 0~20171227-0.2
2025-03-17 16:55:36 configure libdevmapper1.02.1:amd64 2:1.02.167-1ubuntu1 <none>
2025-03-17 16:55:36 status unpacked libdevmapper1.02.1:amd64 2:1.02.167-1ubuntu1
2025-03-17 16:55:36 status half-configured libdevmapper1.02.1:amd64 2:1.02.167-1ubuntu1
2025-03-17 16:55:36 status installed libdevmapper1.02.1:amd64 2:1.02.167-1ubuntu1
2025-03-17 16:55:36 configure libjson-c4:amd64 0.13.1+dfsg-7ubuntu0.3 <none>
2025-03-17 16:55:36 status unpacked libjson-c4:amd64 0.13.1+dfsg-7ubuntu0.3
2025-03-17 16:55:36 status half-configured libjson-c4:amd64 0.13.1+dfsg-7ubuntu0.3
2025-03-17 16:55:36 status installed libjson-c4:amd64 0.13.1+dfsg-7ubuntu0.3
2025-03-17 16:55:36 configure libcryptsetup12:amd64 2:2.2.2-3ubuntu2.4 <none>
2025-03-17 16:55:36 status unpacked libcryptsetup12:amd64 2:2.2.2-3ubuntu2.4
2025-03-17 16:55:36 status half-configured libcryptsetup12:amd64 2:2.2.2-3ubuntu2.4
2025-03-17 16:55:36 status installed libcryptsetup12:amd64 2:2.2.2-3ubuntu2.4
2025-03-17 16:55:36 configure libip4tc2:amd64 1.8.4-3ubuntu2.1 <none>
2025-03-17 16:55:36 status unpacked libip4tc2:amd64 1.8.4-3ubuntu2.1
2025-03-17 16:55:36 status half-configured libip4tc2:amd64 1.8.4-3ubuntu2.1
2025-03-17 16:55:36 status installed libip4tc2:amd64 1.8.4-3ubuntu2.1
2025-03-17 16:55:36 configure libkmod2:amd64 27-1ubuntu2.1 <none>
2025-03-17 16:55:36 status unpacked libkmod2:amd64 27-1ubuntu2.1
2025-03-17 16:55:36 status half-configured libkmod2:amd64 27-1ubuntu2.1
2025-03-17 16:55:36 status installed libkmod2:amd64 27-1ubuntu2.1
2025-03-17 16:55:36 configure systemd-timesyncd:amd64 245.4-4ubuntu3.24 <none>
2025-03-17 16:55:36 status unpacked systemd-timesyncd:amd64 245.4-4ubuntu3.24
2025-03-17 16:55:36 status half-configured systemd-timesyncd:amd64 245.4-4ubuntu3.24
2025-03-17 16:55:36 status installed systemd-timesyncd:amd64 245.4-4ubuntu3.24
2025-03-17 16:55:36 configure systemd:amd64 245.4-4ubuntu3.24 <none>
2025-03-17 16:55:36 status unpacked systemd:amd64 245.4-4ubuntu3.24
2025-03-17 16:55:36 status half-configured systemd:amd64 245.4-4ubuntu3.24
2025-03-17 16:55:36 status installed systemd:amd64 245.4-4ubuntu3.24
2025-03-17 16:55:36 startup archives unpack
2025-03-17 16:55:36 install systemd-sysv:amd64 <none> 245.4-4ubuntu3.24
2025-03-17 16:55:36 status half-installed systemd-sysv:amd64 245.4-4ubuntu3.24
2025-03-17 16:55:36 status unpacked systemd-sysv:amd64 245.4-4ubuntu3.24
2025-03-17 16:55:36 install libpopt0:amd64 <none> 1.16-14
2025-03-17 16:55:36 status half-installed libpopt0:amd64 1.16-14
2025-03-17 16:55:36 status unpacked libpopt0:amd64 1.16-14
2025-03-17 16:55:36 install rsync:amd64 <none> 3.1.3-8ubuntu0.9
2025-03-17 16:55:36 status half-installed rsync:amd64 3.1.3-8ubuntu0.9
2025-03-17 16:55:36 status triggers-pending systemd:amd64 245.4-4ubuntu3.24
2025-03-17 16:55:36 status unpacked rsync:amd64 3.1.3-8ubuntu0.9
2025-03-17 16:55:36 install perl-modules-5.30:all <none> 5.30.0-9ubuntu0.5
2025-03-17 16:55:36 status half-installed perl-modules-5.30:all 5.30.0-9ubuntu0.5
2025-03-17 16:55:37 status unpacked perl-modules-5.30:all 5.30.0-9ubuntu0.5
2025-03-17 16:55:37 install libgdbm6:amd64 <none> 1.18.1-5
2025-03-17 16:55:37 status half-installed libgdbm6:amd64 1.18.1-5
2025-03-17 16:55:37 status unpacked libgdbm6:amd64 1.18.1-5
2025-03-17 16:55:37 install libgdbm-compat4:amd64 <none> 1.18.1-5
2025-03-17 16:55:37 status half-installed libgdbm-compat4:amd64 1.18.1-5
2025-03-17 16:55:37 status unpacked libgdbm-compat4:amd64 1.18.1-5
2025-03-17 16:55:37 install libperl5.30:amd64 <none> 5.30.0-9ubuntu0.5
2025-03-17 16:55:37 status half-installed libperl5.30:amd64 5.30.0-9ubuntu0.5
2025-03-17 16:55:37 status unpacked libperl5.30:amd64 5.30.0-9ubuntu0.5
2025-03-17 16:55:37 install perl:amd64 <none> 5.30.0-9ubuntu0.5
2025-03-17 16:55:37 status half-installed perl:amd64 5.30.0-9ubuntu0.5
2025-03-17 16:55:37 status unpacked perl:amd64 5.30.0-9ubuntu0.5
2025-03-17 16:55:37 install libgcc1:amd64 <none> 1:10.5.0-1ubuntu1~20.04
2025-03-17 16:55:37 status half-installed libgcc1:amd64 1:10.5.0-1ubuntu1~20.04
2025-03-17 16:55:37 status unpacked libgcc1:amd64 1:10.5.0-1ubuntu1~20.04
2025-03-17 16:55:37 install openssl:amd64 <none> 1.1.1f-1ubuntu2.24
2025-03-17 16:55:37 status half-installed openssl:amd64 1.1.1f-1ubuntu2.24
2025-03-17 16:55:37 status unpacked openssl:amd64 1.1.1f-1ubuntu2.24
2025-03-17 16:55:37 install ca-certificates:all <none> 20240203~20.04.1
2025-03-17 16:55:37 status half-installed ca-certificates:all 20240203~20.04.1
2025-03-17 16:55:37 status unpacked ca-certificates:all 20240203~20.04.1
2025-03-17 16:55:37 install libdbus-1-3:amd64 <none> 1.12.16-2ubuntu2.3
2025-03-17 16:55:37 status half-installed libdbus-1-3:amd64 1.12.16-2ubuntu2.3
2025-03-17 16:55:37 status unpacked libdbus-1-3:amd64 1.12.16-2ubuntu2.3
2025-03-17 16:55:37 install dbus:amd64 <none> 1.12.16-2ubuntu2.3
2025-03-17 16:55:37 status half-installed dbus:amd64 1.12.16-2ubuntu2.3
2025-03-17 16:55:37 status unpacked dbus:amd64 1.12.16-2ubuntu2.3
2025-03-17 16:55:37 install distro-info-data:all <none> 0.43ubuntu1.17
2025-03-17 16:55:37 status half-installed distro-info-data:all 0.43ubuntu1.17
2025-03-17 16:55:37 status unpacked distro-info-data:all 0.43ubuntu1.17
2025-03-17 16:55:37 install libglib2.0-0:amd64 <none> 2.64.6-1~ubuntu20.04.8
2025-03-17 16:55:37 status half-installed libglib2.0-0:amd64 2.64.6-1~ubuntu20.04.8
2025-03-17 16:55:37 status unpacked libglib2.0-0:amd64 2.64.6-1~ubuntu20.04.8
2025-03-17 16:55:37 install libgirepository-1.0-1:amd64 <none> 1.64.1-1~ubuntu20.04.1
2025-03-17 16:55:37 status half-installed libgirepository-1.0-1:amd64 1.64.1-1~ubuntu20.04.1
2025-03-17 16:55:37 status unpacked libgirepository-1.0-1:amd64 1.64.1-1~ubuntu20.04.1
2025-03-17 16:55:37 install gir1.2-glib-2.0:amd64 <none> 1.64.1-1~ubuntu20.04.1
2025-03-17 16:55:37 status half-installed gir1.2-glib-2.0:amd64 1.64.1-1~ubuntu20.04.1
2025-03-17 16:55:37 status unpacked gir1.2-glib-2.0:amd64 1.64.1-1~ubuntu20.04.1
2025-03-17 16:55:37 install libbsd0:amd64 <none> 0.10.0-1
2025-03-17 16:55:37 status half-installed libbsd0:amd64 0.10.0-1
2025-03-17 16:55:37 status unpacked libbsd0:amd64 0.10.0-1
2025-03-17 16:55:37 install libcap2-bin:amd64 <none> 1:2.32-1ubuntu0.2
2025-03-17 16:55:37 status half-installed libcap2-bin:amd64 1:2.32-1ubuntu0.2
2025-03-17 16:55:37 status unpacked libcap2-bin:amd64 1:2.32-1ubuntu0.2
2025-03-17 16:55:37 install libelf1:amd64 <none> 0.176-1.1ubuntu0.1
2025-03-17 16:55:37 status half-installed libelf1:amd64 0.176-1.1ubuntu0.1
2025-03-17 16:55:37 status unpacked libelf1:amd64 0.176-1.1ubuntu0.1
2025-03-17 16:55:37 install libglib2.0-data:all <none> 2.64.6-1~ubuntu20.04.8
2025-03-17 16:55:37 status half-installed libglib2.0-data:all 2.64.6-1~ubuntu20.04.8
2025-03-17 16:55:37 status unpacked libglib2.0-data:all 2.64.6-1~ubuntu20.04.8
2025-03-17 16:55:38 install tzdata:all <none> 2024b-0ubuntu0.20.04.1
2025-03-17 16:55:38 status half-installed tzdata:all 2024b-0ubuntu0.20.04.1
2025-03-17 16:55:38 status unpacked tzdata:all 2024b-0ubuntu0.20.04.1
2025-03-17 16:55:38 install libicu66:amd64 <none> 66.1-2ubuntu2.1
2025-03-17 16:55:38 status half-installed libicu66:amd64 66.1-2ubuntu2.1
2025-03-17 16:55:38 status unpacked libicu66:amd64 66.1-2ubuntu2.1
2025-03-17 16:55:38 install libpam-systemd:amd64 <none> 245.4-4ubuntu3.24
2025-03-17 16:55:38 status half-installed libpam-systemd:amd64 245.4-4ubuntu3.24
2025-03-17 16:55:38 status unpacked libpam-systemd:amd64 245.4-4ubuntu3.24
2025-03-17 16:55:38 install libxml2:amd64 <none> 2.9.10+dfsg-5ubuntu0.20.04.9
2025-03-17 16:55:38 status half-installed libxml2:amd64 2.9.10+dfsg-5ubuntu0.20.04.9
2025-03-17 16:55:38 status unpacked libxml2:amd64 2.9.10+dfsg-5ubuntu0.20.04.9
2025-03-17 16:55:38 install libyaml-0-2:amd64 <none> 0.2.2-1
2025-03-17 16:55:38 status half-installed libyaml-0-2:amd64 0.2.2-1
2025-03-17 16:55:38 status unpacked libyaml-0-2:amd64 0.2.2-1
2025-03-17 16:55:38 install lsb-release:all <none> 11.1.0ubuntu2
2025-03-17 16:55:38 status half-installed lsb-release:all 11.1.0ubuntu2
2025-03-17 16:55:38 status unpacked lsb-release:all 11.1.0ubuntu2
2025-03-17 16:55:38 install python3-dbus:amd64 <none> 1.2.16-1build1
2025-03-17 16:55:38 status half-installed python3-dbus:amd64 1.2.16-1build1
2025-03-17 16:55:38 status unpacked python3-dbus:amd64 1.2.16-1build1
2025-03-17 16:55:38 install python3-gi:amd64 <none> 3.36.0-1
2025-03-17 16:55:38 status half-installed python3-gi:amd64 3.36.0-1
2025-03-17 16:55:38 status unpacked python3-gi:amd64 3.36.0-1
2025-03-17 16:55:38 install python3-pkg-resources:all <none> 45.2.0-1ubuntu0.2
2025-03-17 16:55:38 status half-installed python3-pkg-resources:all 45.2.0-1ubuntu0.2
2025-03-17 16:55:39 status unpacked python3-pkg-resources:all 45.2.0-1ubuntu0.2
2025-03-17 16:55:39 install python3-six:all <none> 1.14.0-2
2025-03-17 16:55:39 status half-installed python3-six:all 1.14.0-2
2025-03-17 16:55:39 status unpacked python3-six:all 1.14.0-2
2025-03-17 16:55:39 install ucf:all <none> 3.0038+nmu1
2025-03-17 16:55:39 status half-installed ucf:all 3.0038+nmu1
2025-03-17 16:55:39 status unpacked ucf:all 3.0038+nmu1
2025-03-17 16:55:39 install xz-utils:amd64 <none> 5.2.4-1ubuntu1.1
2025-03-17 16:55:39 status half-installed xz-utils:amd64 5.2.4-1ubuntu1.1
2025-03-17 16:55:39 status unpacked xz-utils:amd64 5.2.4-1ubuntu1.1
2025-03-17 16:55:39 install gettext-base:amd64 <none> 0.19.8.1-10build1
2025-03-17 16:55:39 status half-installed gettext-base:amd64 0.19.8.1-10build1
2025-03-17 16:55:39 status unpacked gettext-base:amd64 0.19.8.1-10build1
2025-03-17 16:55:39 install iso-codes:all <none> 4.4-1
2025-03-17 16:55:39 status half-installed iso-codes:all 4.4-1
2025-03-17 16:55:39 status unpacked iso-codes:all 4.4-1
2025-03-17 16:55:39 install libkrb5support0:amd64 <none> 1.17-6ubuntu4.9
2025-03-17 16:55:39 status half-installed libkrb5support0:amd64 1.17-6ubuntu4.9
2025-03-17 16:55:39 status unpacked libkrb5support0:amd64 1.17-6ubuntu4.9
2025-03-17 16:55:39 install libk5crypto3:amd64 <none> 1.17-6ubuntu4.9
2025-03-17 16:55:39 status half-installed libk5crypto3:amd64 1.17-6ubuntu4.9
2025-03-17 16:55:39 status unpacked libk5crypto3:amd64 1.17-6ubuntu4.9
2025-03-17 16:55:39 install libkeyutils1:amd64 <none> 1.6-6ubuntu1.1
2025-03-17 16:55:39 status half-installed libkeyutils1:amd64 1.6-6ubuntu1.1
2025-03-17 16:55:39 status unpacked libkeyutils1:amd64 1.6-6ubuntu1.1
2025-03-17 16:55:39 install libkrb5-3:amd64 <none> 1.17-6ubuntu4.9
2025-03-17 16:55:39 status half-installed libkrb5-3:amd64 1.17-6ubuntu4.9
2025-03-17 16:55:39 status unpacked libkrb5-3:amd64 1.17-6ubuntu4.9
2025-03-17 16:55:39 install libgssapi-krb5-2:amd64 <none> 1.17-6ubuntu4.9
2025-03-17 16:55:39 status half-installed libgssapi-krb5-2:amd64 1.17-6ubuntu4.9
2025-03-17 16:55:39 status unpacked libgssapi-krb5-2:amd64 1.17-6ubuntu4.9
2025-03-17 16:55:39 install liblmdb0:amd64 <none> 0.9.24-1
2025-03-17 16:55:39 status half-installed liblmdb0:amd64 0.9.24-1
2025-03-17 16:55:39 status unpacked liblmdb0:amd64 0.9.24-1
2025-03-17 16:55:39 install libnuma1:amd64 <none> 2.0.12-1
2025-03-17 16:55:39 status half-installed libnuma1:amd64 2.0.12-1
2025-03-17 16:55:39 status unpacked libnuma1:amd64 2.0.12-1
2025-03-17 16:55:39 install libpng16-16:amd64 <none> 1.6.37-2
2025-03-17 16:55:39 status half-installed libpng16-16:amd64 1.6.37-2
2025-03-17 16:55:39 status unpacked libpng16-16:amd64 1.6.37-2
2025-03-17 16:55:39 install libpolkit-gobject-1-0:amd64 <none> 0.105-26ubuntu1.3
2025-03-17 16:55:39 status half-installed libpolkit-gobject-1-0:amd64 0.105-26ubuntu1.3
2025-03-17 16:55:39 status unpacked libpolkit-gobject-1-0:amd64 0.105-26ubuntu1.3
2025-03-17 16:55:39 install libpsl5:amd64 <none> 0.21.0-1ubuntu1
2025-03-17 16:55:39 status half-installed libpsl5:amd64 0.21.0-1ubuntu1
2025-03-17 16:55:39 status unpacked libpsl5:amd64 0.21.0-1ubuntu1
2025-03-17 16:55:39 install libxau6:amd64 <none> 1:1.0.9-0ubuntu1
2025-03-17 16:55:39 status half-installed libxau6:amd64 1:1.0.9-0ubuntu1
2025-03-17 16:55:39 status unpacked libxau6:amd64 1:1.0.9-0ubuntu1
2025-03-17 16:55:39 install libxdmcp6:amd64 <none> 1:1.1.3-0ubuntu1
2025-03-17 16:55:39 status half-installed libxdmcp6:amd64 1:1.1.3-0ubuntu1
2025-03-17 16:55:39 status unpacked libxdmcp6:amd64 1:1.1.3-0ubuntu1
2025-03-17 16:55:39 install libxcb1:amd64 <none> 1.14-2
2025-03-17 16:55:39 status half-installed libxcb1:amd64 1.14-2
2025-03-17 16:55:39 status unpacked libxcb1:amd64 1.14-2
2025-03-17 16:55:39 install libx11-data:all <none> 2:1.6.9-2ubuntu1.6
2025-03-17 16:55:39 status half-installed libx11-data:all 2:1.6.9-2ubuntu1.6
2025-03-17 16:55:39 status unpacked libx11-data:all 2:1.6.9-2ubuntu1.6
2025-03-17 16:55:39 install libx11-6:amd64 <none> 2:1.6.9-2ubuntu1.6
2025-03-17 16:55:39 status half-installed libx11-6:amd64 2:1.6.9-2ubuntu1.6
2025-03-17 16:55:39 status unpacked libx11-6:amd64 2:1.6.9-2ubuntu1.6
2025-03-17 16:55:39 install libxext6:amd64 <none> 2:1.3.4-0ubuntu1
2025-03-17 16:55:39 status half-installed libxext6:amd64 2:1.3.4-0ubuntu1
2025-03-17 16:55:39 status unpacked libxext6:amd64 2:1.3.4-0ubuntu1
2025-03-17 16:55:39 install python-apt-common:all <none> 2.0.1ubuntu0.20.04.1
2025-03-17 16:55:39 status half-installed python-apt-common:all 2.0.1ubuntu0.20.04.1
2025-03-17 16:55:39 status unpacked python-apt-common:all 2.0.1ubuntu0.20.04.1
2025-03-17 16:55:39 install python3-apt:amd64 <none> 2.0.1ubuntu0.20.04.1
2025-03-17 16:55:39 status half-installed python3-apt:amd64 2.0.1ubuntu0.20.04.1
2025-03-17 16:55:39 status unpacked python3-apt:amd64 2.0.1ubuntu0.20.04.1
2025-03-17 16:55:39 install libsigsegv2:amd64 <none> 2.12-2
2025-03-17 16:55:39 status half-installed libsigsegv2:amd64 2.12-2
2025-03-17 16:55:39 status unpacked libsigsegv2:amd64 2.12-2
2025-03-17 16:55:39 install m4:amd64 <none> 1.4.18-4
2025-03-17 16:55:39 status half-installed m4:amd64 1.4.18-4
2025-03-17 16:55:39 status unpacked m4:amd64 1.4.18-4
2025-03-17 16:55:39 install autoconf:all <none> 2.69-11.1
2025-03-17 16:55:39 status half-installed autoconf:all 2.69-11.1
2025-03-17 16:55:39 status unpacked autoconf:all 2.69-11.1
2025-03-17 16:55:39 install autotools-dev:all <none> 20180224.1
2025-03-17 16:55:39 status half-installed autotools-dev:all 20180224.1
2025-03-17 16:55:39 status unpacked autotools-dev:all 20180224.1
2025-03-17 16:55:39 install automake:all <none> 1:1.16.1-4ubuntu6
2025-03-17 16:55:39 status half-installed automake:all 1:1.16.1-4ubuntu6
2025-03-17 16:55:39 status unpacked automake:all 1:1.16.1-4ubuntu6
2025-03-17 16:55:39 install binutils-common:amd64 <none> 2.34-6ubuntu1.10
2025-03-17 16:55:39 status half-installed binutils-common:amd64 2.34-6ubuntu1.10
2025-03-17 16:55:39 status unpacked binutils-common:amd64 2.34-6ubuntu1.10
2025-03-17 16:55:40 install libbinutils:amd64 <none> 2.34-6ubuntu1.10
2025-03-17 16:55:40 status half-installed libbinutils:amd64 2.34-6ubuntu1.10
2025-03-17 16:55:40 status unpacked libbinutils:amd64 2.34-6ubuntu1.10
2025-03-17 16:55:40 install libctf-nobfd0:amd64 <none> 2.34-6ubuntu1.10
2025-03-17 16:55:40 status half-installed libctf-nobfd0:amd64 2.34-6ubuntu1.10
2025-03-17 16:55:40 status unpacked libctf-nobfd0:amd64 2.34-6ubuntu1.10
2025-03-17 16:55:40 install libctf0:amd64 <none> 2.34-6ubuntu1.10
2025-03-17 16:55:40 status half-installed libctf0:amd64 2.34-6ubuntu1.10
2025-03-17 16:55:40 status unpacked libctf0:amd64 2.34-6ubuntu1.10
2025-03-17 16:55:40 install binutils-x86-64-linux-gnu:amd64 <none> 2.34-6ubuntu1.10
2025-03-17 16:55:40 status half-installed binutils-x86-64-linux-gnu:amd64 2.34-6ubuntu1.10
2025-03-17 16:55:40 status unpacked binutils-x86-64-linux-gnu:amd64 2.34-6ubuntu1.10
2025-03-17 16:55:40 install binutils:amd64 <none> 2.34-6ubuntu1.10
2025-03-17 16:55:40 status half-installed binutils:amd64 2.34-6ubuntu1.10
2025-03-17 16:55:40 status unpacked binutils:amd64 2.34-6ubuntu1.10
2025-03-17 16:55:40 install libc-dev-bin:amd64 <none> 2.31-0ubuntu9.17
2025-03-17 16:55:40 status half-installed libc-dev-bin:amd64 2.31-0ubuntu9.17
2025-03-17 16:55:40 status unpacked libc-dev-bin:amd64 2.31-0ubuntu9.17
2025-03-17 16:55:40 install linux-libc-dev:amd64 <none> 5.4.0-208.228
2025-03-17 16:55:40 status half-installed linux-libc-dev:amd64 5.4.0-208.228
2025-03-17 16:55:40 status unpacked linux-libc-dev:amd64 5.4.0-208.228
2025-03-17 16:55:40 install libcrypt-dev:amd64 <none> 1:4.4.10-10ubuntu4
2025-03-17 16:55:40 status half-installed libcrypt-dev:amd64 1:4.4.10-10ubuntu4
2025-03-17 16:55:40 status unpacked libcrypt-dev:amd64 1:4.4.10-10ubuntu4
2025-03-17 16:55:40 install libc6-dev:amd64 <none> 2.31-0ubuntu9.17
2025-03-17 16:55:40 status half-installed libc6-dev:amd64 2.31-0ubuntu9.17
2025-03-17 16:55:40 status unpacked libc6-dev:amd64 2.31-0ubuntu9.17
2025-03-17 16:55:40 install gcc-9-base:amd64 <none> 9.4.0-1ubuntu1~20.04.2
2025-03-17 16:55:40 status half-installed gcc-9-base:amd64 9.4.0-1ubuntu1~20.04.2
2025-03-17 16:55:40 status unpacked gcc-9-base:amd64 9.4.0-1ubuntu1~20.04.2
2025-03-17 16:55:40 install libisl22:amd64 <none> 0.22.1-1
2025-03-17 16:55:40 status half-installed libisl22:amd64 0.22.1-1
2025-03-17 16:55:40 status unpacked libisl22:amd64 0.22.1-1
2025-03-17 16:55:40 install libmpfr6:amd64 <none> 4.0.2-1
2025-03-17 16:55:40 status half-installed libmpfr6:amd64 4.0.2-1
2025-03-17 16:55:40 status unpacked libmpfr6:amd64 4.0.2-1
2025-03-17 16:55:40 install libmpc3:amd64 <none> 1.1.0-1
2025-03-17 16:55:40 status half-installed libmpc3:amd64 1.1.0-1
2025-03-17 16:55:40 status unpacked libmpc3:amd64 1.1.0-1
2025-03-17 16:55:40 install cpp-9:amd64 <none> 9.4.0-1ubuntu1~20.04.2
2025-03-17 16:55:40 status half-installed cpp-9:amd64 9.4.0-1ubuntu1~20.04.2
2025-03-17 16:55:41 status unpacked cpp-9:amd64 9.4.0-1ubuntu1~20.04.2
2025-03-17 16:55:41 install cpp:amd64 <none> 4:9.3.0-1ubuntu2
2025-03-17 16:55:41 status half-installed cpp:amd64 4:9.3.0-1ubuntu2
2025-03-17 16:55:41 status unpacked cpp:amd64 4:9.3.0-1ubuntu2
2025-03-17 16:55:41 install libcc1-0:amd64 <none> 10.5.0-1ubuntu1~20.04
2025-03-17 16:55:41 status half-installed libcc1-0:amd64 10.5.0-1ubuntu1~20.04
2025-03-17 16:55:41 status unpacked libcc1-0:amd64 10.5.0-1ubuntu1~20.04
2025-03-17 16:55:41 install libgomp1:amd64 <none> 10.5.0-1ubuntu1~20.04
2025-03-17 16:55:41 status half-installed libgomp1:amd64 10.5.0-1ubuntu1~20.04
2025-03-17 16:55:41 status unpacked libgomp1:amd64 10.5.0-1ubuntu1~20.04
2025-03-17 16:55:41 install libitm1:amd64 <none> 10.5.0-1ubuntu1~20.04
2025-03-17 16:55:41 status half-installed libitm1:amd64 10.5.0-1ubuntu1~20.04
2025-03-17 16:55:41 status unpacked libitm1:amd64 10.5.0-1ubuntu1~20.04
2025-03-17 16:55:41 install libatomic1:amd64 <none> 10.5.0-1ubuntu1~20.04
2025-03-17 16:55:41 status half-installed libatomic1:amd64 10.5.0-1ubuntu1~20.04
2025-03-17 16:55:41 status unpacked libatomic1:amd64 10.5.0-1ubuntu1~20.04
2025-03-17 16:55:41 install libasan5:amd64 <none> 9.4.0-1ubuntu1~20.04.2
2025-03-17 16:55:41 status half-installed libasan5:amd64 9.4.0-1ubuntu1~20.04.2
2025-03-17 16:55:41 status unpacked libasan5:amd64 9.4.0-1ubuntu1~20.04.2
2025-03-17 16:55:41 install liblsan0:amd64 <none> 10.5.0-1ubuntu1~20.04
2025-03-17 16:55:41 status half-installed liblsan0:amd64 10.5.0-1ubuntu1~20.04
2025-03-17 16:55:41 status unpacked liblsan0:amd64 10.5.0-1ubuntu1~20.04
2025-03-17 16:55:41 install libtsan0:amd64 <none> 10.5.0-1ubuntu1~20.04
2025-03-17 16:55:41 status half-installed libtsan0:amd64 10.5.0-1ubuntu1~20.04
2025-03-17 16:55:41 status unpacked libtsan0:amd64 10.5.0-1ubuntu1~20.04
2025-03-17 16:55:41 install libubsan1:amd64 <none> 10.5.0-1ubuntu1~20.04
2025-03-17 16:55:41 status half-installed libubsan1:amd64 10.5.0-1ubuntu1~20.04
2025-03-17 16:55:41 status unpacked libubsan1:amd64 10.5.0-1ubuntu1~20.04
2025-03-17 16:55:41 install libquadmath0:amd64 <none> 10.5.0-1ubuntu1~20.04
2025-03-17 16:55:41 status half-installed libquadmath0:amd64 10.5.0-1ubuntu1~20.04
2025-03-17 16:55:41 status unpacked libquadmath0:amd64 10.5.0-1ubuntu1~20.04
2025-03-17 16:55:41 install libgcc-9-dev:amd64 <none> 9.4.0-1ubuntu1~20.04.2
2025-03-17 16:55:41 status half-installed libgcc-9-dev:amd64 9.4.0-1ubuntu1~20.04.2
2025-03-17 16:55:42 status unpacked libgcc-9-dev:amd64 9.4.0-1ubuntu1~20.04.2
2025-03-17 16:55:42 install gcc-9:amd64 <none> 9.4.0-1ubuntu1~20.04.2
2025-03-17 16:55:42 status half-installed gcc-9:amd64 9.4.0-1ubuntu1~20.04.2
2025-03-17 16:55:42 status unpacked gcc-9:amd64 9.4.0-1ubuntu1~20.04.2
2025-03-17 16:55:42 install gcc:amd64 <none> 4:9.3.0-1ubuntu2
2025-03-17 16:55:42 status half-installed gcc:amd64 4:9.3.0-1ubuntu2
2025-03-17 16:55:42 status unpacked gcc:amd64 4:9.3.0-1ubuntu2
2025-03-17 16:55:42 install libstdc++-9-dev:amd64 <none> 9.4.0-1ubuntu1~20.04.2
2025-03-17 16:55:42 status half-installed libstdc++-9-dev:amd64 9.4.0-1ubuntu1~20.04.2
2025-03-17 16:55:42 status unpacked libstdc++-9-dev:amd64 9.4.0-1ubuntu1~20.04.2
2025-03-17 16:55:42 install g++-9:amd64 <none> 9.4.0-1ubuntu1~20.04.2
2025-03-17 16:55:42 status half-installed g++-9:amd64 9.4.0-1ubuntu1~20.04.2
2025-03-17 16:55:43 status unpacked g++-9:amd64 9.4.0-1ubuntu1~20.04.2
2025-03-17 16:55:43 install g++:amd64 <none> 4:9.3.0-1ubuntu2
2025-03-17 16:55:43 status half-installed g++:amd64 4:9.3.0-1ubuntu2
2025-03-17 16:55:43 status unpacked g++:amd64 4:9.3.0-1ubuntu2
2025-03-17 16:55:43 install make:amd64 <none> 4.2.1-1.2
2025-03-17 16:55:43 status half-installed make:amd64 4.2.1-1.2
2025-03-17 16:55:43 status unpacked make:amd64 4.2.1-1.2
2025-03-17 16:55:43 install libdpkg-perl:all <none> 1.19.7ubuntu3.2
2025-03-17 16:55:43 status half-installed libdpkg-perl:all 1.19.7ubuntu3.2
2025-03-17 16:55:43 status unpacked libdpkg-perl:all 1.19.7ubuntu3.2
2025-03-17 16:55:43 install patch:amd64 <none> 2.7.6-6
2025-03-17 16:55:43 status half-installed patch:amd64 2.7.6-6
2025-03-17 16:55:43 status unpacked patch:amd64 2.7.6-6
2025-03-17 16:55:43 install dpkg-dev:all <none> 1.19.7ubuntu3.2
2025-03-17 16:55:43 status half-installed dpkg-dev:all 1.19.7ubuntu3.2
2025-03-17 16:55:43 status unpacked dpkg-dev:all 1.19.7ubuntu3.2
2025-03-17 16:55:43 install build-essential:amd64 <none> 12.8ubuntu1.1
2025-03-17 16:55:43 status half-installed build-essential:amd64 12.8ubuntu1.1
2025-03-17 16:55:43 status unpacked build-essential:amd64 12.8ubuntu1.1
2025-03-17 16:55:43 install libbrotli1:amd64 <none> 1.0.7-6ubuntu0.1
2025-03-17 16:55:43 status half-installed libbrotli1:amd64 1.0.7-6ubuntu0.1
2025-03-17 16:55:43 status unpacked libbrotli1:amd64 1.0.7-6ubuntu0.1
2025-03-17 16:55:43 install libroken18-heimdal:amd64 <none> 7.7.0+dfsg-1ubuntu1.4
2025-03-17 16:55:43 status half-installed libroken18-heimdal:amd64 7.7.0+dfsg-1ubuntu1.4
2025-03-17 16:55:43 status unpacked libroken18-heimdal:amd64 7.7.0+dfsg-1ubuntu1.4
2025-03-17 16:55:43 install libasn1-8-heimdal:amd64 <none> 7.7.0+dfsg-1ubuntu1.4
2025-03-17 16:55:43 status half-installed libasn1-8-heimdal:amd64 7.7.0+dfsg-1ubuntu1.4
2025-03-17 16:55:43 status unpacked libasn1-8-heimdal:amd64 7.7.0+dfsg-1ubuntu1.4
2025-03-17 16:55:43 install libheimbase1-heimdal:amd64 <none> 7.7.0+dfsg-1ubuntu1.4
2025-03-17 16:55:43 status half-installed libheimbase1-heimdal:amd64 7.7.0+dfsg-1ubuntu1.4
2025-03-17 16:55:43 status unpacked libheimbase1-heimdal:amd64 7.7.0+dfsg-1ubuntu1.4
2025-03-17 16:55:43 install libhcrypto4-heimdal:amd64 <none> 7.7.0+dfsg-1ubuntu1.4
2025-03-17 16:55:43 status half-installed libhcrypto4-heimdal:amd64 7.7.0+dfsg-1ubuntu1.4
2025-03-17 16:55:43 status unpacked libhcrypto4-heimdal:amd64 7.7.0+dfsg-1ubuntu1.4
2025-03-17 16:55:43 install libwind0-heimdal:amd64 <none> 7.7.0+dfsg-1ubuntu1.4
2025-03-17 16:55:43 status half-installed libwind0-heimdal:amd64 7.7.0+dfsg-1ubuntu1.4
2025-03-17 16:55:43 status unpacked libwind0-heimdal:amd64 7.7.0+dfsg-1ubuntu1.4
2025-03-17 16:55:43 install libhx509-5-heimdal:amd64 <none> 7.7.0+dfsg-1ubuntu1.4
2025-03-17 16:55:43 status half-installed libhx509-5-heimdal:amd64 7.7.0+dfsg-1ubuntu1.4
2025-03-17 16:55:43 status unpacked libhx509-5-heimdal:amd64 7.7.0+dfsg-1ubuntu1.4
2025-03-17 16:55:43 install libkrb5-26-heimdal:amd64 <none> 7.7.0+dfsg-1ubuntu1.4
2025-03-17 16:55:43 status half-installed libkrb5-26-heimdal:amd64 7.7.0+dfsg-1ubuntu1.4
2025-03-17 16:55:43 status unpacked libkrb5-26-heimdal:amd64 7.7.0+dfsg-1ubuntu1.4
2025-03-17 16:55:43 install libheimntlm0-heimdal:amd64 <none> 7.7.0+dfsg-1ubuntu1.4
2025-03-17 16:55:43 status half-installed libheimntlm0-heimdal:amd64 7.7.0+dfsg-1ubuntu1.4
2025-03-17 16:55:43 status unpacked libheimntlm0-heimdal:amd64 7.7.0+dfsg-1ubuntu1.4
2025-03-17 16:55:43 install libgssapi3-heimdal:amd64 <none> 7.7.0+dfsg-1ubuntu1.4
2025-03-17 16:55:43 status half-installed libgssapi3-heimdal:amd64 7.7.0+dfsg-1ubuntu1.4
2025-03-17 16:55:43 status unpacked libgssapi3-heimdal:amd64 7.7.0+dfsg-1ubuntu1.4
2025-03-17 16:55:43 install libsasl2-modules-db:amd64 <none> 2.1.27+dfsg-2ubuntu0.1
2025-03-17 16:55:43 status half-installed libsasl2-modules-db:amd64 2.1.27+dfsg-2ubuntu0.1
2025-03-17 16:55:43 status unpacked libsasl2-modules-db:amd64 2.1.27+dfsg-2ubuntu0.1
2025-03-17 16:55:43 install libsasl2-2:amd64 <none> 2.1.27+dfsg-2ubuntu0.1
2025-03-17 16:55:43 status half-installed libsasl2-2:amd64 2.1.27+dfsg-2ubuntu0.1
2025-03-17 16:55:43 status unpacked libsasl2-2:amd64 2.1.27+dfsg-2ubuntu0.1
2025-03-17 16:55:43 install libldap-common:all <none> 2.4.49+dfsg-2ubuntu1.10
2025-03-17 16:55:43 status half-installed libldap-common:all 2.4.49+dfsg-2ubuntu1.10
2025-03-17 16:55:43 status unpacked libldap-common:all 2.4.49+dfsg-2ubuntu1.10
2025-03-17 16:55:43 install libldap-2.4-2:amd64 <none> 2.4.49+dfsg-2ubuntu1.10
2025-03-17 16:55:43 status half-installed libldap-2.4-2:amd64 2.4.49+dfsg-2ubuntu1.10
2025-03-17 16:55:43 status unpacked libldap-2.4-2:amd64 2.4.49+dfsg-2ubuntu1.10
2025-03-17 16:55:43 install libnghttp2-14:amd64 <none> 1.40.0-1ubuntu0.3
2025-03-17 16:55:43 status half-installed libnghttp2-14:amd64 1.40.0-1ubuntu0.3
2025-03-17 16:55:43 status unpacked libnghttp2-14:amd64 1.40.0-1ubuntu0.3
2025-03-17 16:55:43 install librtmp1:amd64 <none> 2.4+20151223.gitfa8646d.1-2build1
2025-03-17 16:55:43 status half-installed librtmp1:amd64 2.4+20151223.gitfa8646d.1-2build1
2025-03-17 16:55:43 status unpacked librtmp1:amd64 2.4+20151223.gitfa8646d.1-2build1
2025-03-17 16:55:43 install libssh-4:amd64 <none> 0.9.3-2ubuntu2.5
2025-03-17 16:55:43 status half-installed libssh-4:amd64 0.9.3-2ubuntu2.5
2025-03-17 16:55:43 status unpacked libssh-4:amd64 0.9.3-2ubuntu2.5
2025-03-17 16:55:43 install libcurl4:amd64 <none> 7.68.0-1ubuntu2.25
2025-03-17 16:55:43 status half-installed libcurl4:amd64 7.68.0-1ubuntu2.25
2025-03-17 16:55:43 status unpacked libcurl4:amd64 7.68.0-1ubuntu2.25
2025-03-17 16:55:43 install curl:amd64 <none> 7.68.0-1ubuntu2.25
2025-03-17 16:55:43 status half-installed curl:amd64 7.68.0-1ubuntu2.25
2025-03-17 16:55:43 status unpacked curl:amd64 7.68.0-1ubuntu2.25
2025-03-17 16:55:43 install dbus-user-session:amd64 <none> 1.12.16-2ubuntu2.3
2025-03-17 16:55:43 status half-installed dbus-user-session:amd64 1.12.16-2ubuntu2.3
2025-03-17 16:55:43 status unpacked dbus-user-session:amd64 1.12.16-2ubuntu2.3
2025-03-17 16:55:43 install libdconf1:amd64 <none> 0.36.0-1
2025-03-17 16:55:43 status half-installed libdconf1:amd64 0.36.0-1
2025-03-17 16:55:43 status unpacked libdconf1:amd64 0.36.0-1
2025-03-17 16:55:43 install dconf-service:amd64 <none> 0.36.0-1
2025-03-17 16:55:43 status half-installed dconf-service:amd64 0.36.0-1
2025-03-17 16:55:43 status unpacked dconf-service:amd64 0.36.0-1
2025-03-17 16:55:43 install dconf-gsettings-backend:amd64 <none> 0.36.0-1
2025-03-17 16:55:43 status half-installed dconf-gsettings-backend:amd64 0.36.0-1
2025-03-17 16:55:43 status unpacked dconf-gsettings-backend:amd64 0.36.0-1
2025-03-17 16:55:44 install mysql-common:all <none> 5.8+1.0.5ubuntu2
2025-03-17 16:55:44 status half-installed mysql-common:all 5.8+1.0.5ubuntu2
2025-03-17 16:55:44 status unpacked mysql-common:all 5.8+1.0.5ubuntu2
2025-03-17 16:55:44 install libmysqlclient21:amd64 <none> 8.0.41-0ubuntu0.20.04.1
2025-03-17 16:55:44 status half-installed libmysqlclient21:amd64 8.0.41-0ubuntu0.20.04.1
2025-03-17 16:55:44 status unpacked libmysqlclient21:amd64 8.0.41-0ubuntu0.20.04.1
2025-03-17 16:55:44 install libssl-dev:amd64 <none> 1.1.1f-1ubuntu2.24
2025-03-17 16:55:44 status half-installed libssl-dev:amd64 1.1.1f-1ubuntu2.24
2025-03-17 16:55:44 status unpacked libssl-dev:amd64 1.1.1f-1ubuntu2.24
2025-03-17 16:55:44 install zlib1g-dev:amd64 <none> 1:1.2.11.dfsg-2ubuntu1.5
2025-03-17 16:55:44 status half-installed zlib1g-dev:amd64 1:1.2.11.dfsg-2ubuntu1.5
2025-03-17 16:55:44 status unpacked zlib1g-dev:amd64 1:1.2.11.dfsg-2ubuntu1.5
2025-03-17 16:55:44 install libmysqlclient-dev:amd64 <none> 8.0.41-0ubuntu0.20.04.1
2025-03-17 16:55:44 status half-installed libmysqlclient-dev:amd64 8.0.41-0ubuntu0.20.04.1
2025-03-17 16:55:44 status unpacked libmysqlclient-dev:amd64 8.0.41-0ubuntu0.20.04.1
2025-03-17 16:55:44 install default-libmysqlclient-dev:amd64 <none> 1.0.5ubuntu2
2025-03-17 16:55:44 status half-installed default-libmysqlclient-dev:amd64 1.0.5ubuntu2
2025-03-17 16:55:44 status unpacked default-libmysqlclient-dev:amd64 1.0.5ubuntu2
2025-03-17 16:55:44 install fonts-dejavu-core:all <none> 2.37-1
2025-03-17 16:55:44 status half-installed fonts-dejavu-core:all 2.37-1
2025-03-17 16:55:44 status unpacked fonts-dejavu-core:all 2.37-1
2025-03-17 16:55:44 install fontconfig-config:all <none> 2.13.1-2ubuntu3
2025-03-17 16:55:44 status half-installed fontconfig-config:all 2.13.1-2ubuntu3
2025-03-17 16:55:44 status unpacked fontconfig-config:all 2.13.1-2ubuntu3
2025-03-17 16:55:44 install libcroco3:amd64 <none> 0.6.13-1ubuntu0.1
2025-03-17 16:55:44 status half-installed libcroco3:amd64 0.6.13-1ubuntu0.1
2025-03-17 16:55:44 status unpacked libcroco3:amd64 0.6.13-1ubuntu0.1
2025-03-17 16:55:44 install gettext:amd64 <none> 0.19.8.1-10build1
2025-03-17 16:55:44 status half-installed gettext:amd64 0.19.8.1-10build1
2025-03-17 16:55:44 status unpacked gettext:amd64 0.19.8.1-10build1
2025-03-17 16:55:44 install libpackagekit-glib2-18:amd64 <none> 1.1.13-2ubuntu1.1
2025-03-17 16:55:44 status half-installed libpackagekit-glib2-18:amd64 1.1.13-2ubuntu1.1
2025-03-17 16:55:44 status unpacked libpackagekit-glib2-18:amd64 1.1.13-2ubuntu1.1
2025-03-17 16:55:44 install gir1.2-packagekitglib-1.0:amd64 <none> 1.1.13-2ubuntu1.1
2025-03-17 16:55:44 status half-installed gir1.2-packagekitglib-1.0:amd64 1.1.13-2ubuntu1.1
2025-03-17 16:55:44 status unpacked gir1.2-packagekitglib-1.0:amd64 1.1.13-2ubuntu1.1
2025-03-17 16:55:44 install libproxy1v5:amd64 <none> 0.4.15-10ubuntu1.2
2025-03-17 16:55:44 status half-installed libproxy1v5:amd64 0.4.15-10ubuntu1.2
2025-03-17 16:55:44 status unpacked libproxy1v5:amd64 0.4.15-10ubuntu1.2
2025-03-17 16:55:44 install glib-networking-common:all <none> 2.64.2-1ubuntu0.1
2025-03-17 16:55:44 status half-installed glib-networking-common:all 2.64.2-1ubuntu0.1
2025-03-17 16:55:44 status unpacked glib-networking-common:all 2.64.2-1ubuntu0.1
2025-03-17 16:55:44 install glib-networking-services:amd64 <none> 2.64.2-1ubuntu0.1
2025-03-17 16:55:44 status half-installed glib-networking-services:amd64 2.64.2-1ubuntu0.1
2025-03-17 16:55:44 status unpacked glib-networking-services:amd64 2.64.2-1ubuntu0.1
2025-03-17 16:55:44 install gsettings-desktop-schemas:all <none> 3.36.0-1ubuntu1
2025-03-17 16:55:44 status half-installed gsettings-desktop-schemas:all 3.36.0-1ubuntu1
2025-03-17 16:55:44 status unpacked gsettings-desktop-schemas:all 3.36.0-1ubuntu1
2025-03-17 16:55:44 install glib-networking:amd64 <none> 2.64.2-1ubuntu0.1
2025-03-17 16:55:44 status half-installed glib-networking:amd64 2.64.2-1ubuntu0.1
2025-03-17 16:55:44 status unpacked glib-networking:amd64 2.64.2-1ubuntu0.1
2025-03-17 16:55:44 install libassuan0:amd64 <none> 2.5.3-7ubuntu2
2025-03-17 16:55:44 status half-installed libassuan0:amd64 2.5.3-7ubuntu2
2025-03-17 16:55:44 status unpacked libassuan0:amd64 2.5.3-7ubuntu2
2025-03-17 16:55:44 install gpgconf:amd64 <none> 2.2.19-3ubuntu2.2
2025-03-17 16:55:44 status half-installed gpgconf:amd64 2.2.19-3ubuntu2.2
2025-03-17 16:55:44 status unpacked gpgconf:amd64 2.2.19-3ubuntu2.2
2025-03-17 16:55:44 install gpg:amd64 <none> 2.2.19-3ubuntu2.2
2025-03-17 16:55:44 status half-installed gpg:amd64 2.2.19-3ubuntu2.2
2025-03-17 16:55:44 status unpacked gpg:amd64 2.2.19-3ubuntu2.2
2025-03-17 16:55:44 install libinotifytools0:amd64 <none> 3.14-8
2025-03-17 16:55:44 status half-installed libinotifytools0:amd64 3.14-8
2025-03-17 16:55:44 status unpacked libinotifytools0:amd64 3.14-8
2025-03-17 16:55:44 install inotify-tools:amd64 <none> 3.14-8
2025-03-17 16:55:44 status half-installed inotify-tools:amd64 3.14-8
2025-03-17 16:55:44 status unpacked inotify-tools:amd64 3.14-8
2025-03-17 16:55:44 install libonig5:amd64 <none> 6.9.4-1
2025-03-17 16:55:44 status half-installed libonig5:amd64 6.9.4-1
2025-03-17 16:55:44 status unpacked libonig5:amd64 6.9.4-1
2025-03-17 16:55:44 install libjq1:amd64 <none> 1.6-1ubuntu0.20.04.1
2025-03-17 16:55:44 status half-installed libjq1:amd64 1.6-1ubuntu0.20.04.1
2025-03-17 16:55:44 status unpacked libjq1:amd64 1.6-1ubuntu0.20.04.1
2025-03-17 16:55:44 install jq:amd64 <none> 1.6-1ubuntu0.20.04.1
2025-03-17 16:55:44 status half-installed jq:amd64 1.6-1ubuntu0.20.04.1
2025-03-17 16:55:44 status unpacked jq:amd64 1.6-1ubuntu0.20.04.1
2025-03-17 16:55:44 install libsoup2.4-1:amd64 <none> 2.70.0-1ubuntu0.1
2025-03-17 16:55:44 status half-installed libsoup2.4-1:amd64 2.70.0-1ubuntu0.1
2025-03-17 16:55:44 status unpacked libsoup2.4-1:amd64 2.70.0-1ubuntu0.1
2025-03-17 16:55:44 install libstemmer0d:amd64 <none> 0+svn585-2
2025-03-17 16:55:44 status half-installed libstemmer0d:amd64 0+svn585-2
2025-03-17 16:55:45 status unpacked libstemmer0d:amd64 0+svn585-2
2025-03-17 16:55:45 install libappstream4:amd64 <none> 0.12.10-2
2025-03-17 16:55:45 status half-installed libappstream4:amd64 0.12.10-2
2025-03-17 16:55:45 status unpacked libappstream4:amd64 0.12.10-2
2025-03-17 16:55:45 install libfreetype6:amd64 <none> 2.10.1-2ubuntu0.4
2025-03-17 16:55:45 status half-installed libfreetype6:amd64 2.10.1-2ubuntu0.4
2025-03-17 16:55:45 status unpacked libfreetype6:amd64 2.10.1-2ubuntu0.4
2025-03-17 16:55:45 install libfontconfig1:amd64 <none> 2.13.1-2ubuntu3
2025-03-17 16:55:45 status half-installed libfontconfig1:amd64 2.13.1-2ubuntu3
2025-03-17 16:55:45 status unpacked libfontconfig1:amd64 2.13.1-2ubuntu3
2025-03-17 16:55:45 install libpixman-1-0:amd64 <none> 0.38.4-0ubuntu2.1
2025-03-17 16:55:45 status half-installed libpixman-1-0:amd64 0.38.4-0ubuntu2.1
2025-03-17 16:55:45 status unpacked libpixman-1-0:amd64 0.38.4-0ubuntu2.1
2025-03-17 16:55:45 install libxcb-render0:amd64 <none> 1.14-2
2025-03-17 16:55:45 status half-installed libxcb-render0:amd64 1.14-2
2025-03-17 16:55:45 status unpacked libxcb-render0:amd64 1.14-2
2025-03-17 16:55:45 install libxcb-shm0:amd64 <none> 1.14-2
2025-03-17 16:55:45 status half-installed libxcb-shm0:amd64 1.14-2
2025-03-17 16:55:45 status unpacked libxcb-shm0:amd64 1.14-2
2025-03-17 16:55:45 install libxrender1:amd64 <none> 1:0.9.10-1
2025-03-17 16:55:45 status half-installed libxrender1:amd64 1:0.9.10-1
2025-03-17 16:55:45 status unpacked libxrender1:amd64 1:0.9.10-1
2025-03-17 16:55:45 install libcairo2:amd64 <none> 1.16.0-4ubuntu1
2025-03-17 16:55:45 status half-installed libcairo2:amd64 1.16.0-4ubuntu1
2025-03-17 16:55:45 status unpacked libcairo2:amd64 1.16.0-4ubuntu1
2025-03-17 16:55:45 install libexif12:amd64 <none> 0.6.21-6ubuntu0.4
2025-03-17 16:55:45 status half-installed libexif12:amd64 0.6.21-6ubuntu0.4
2025-03-17 16:55:45 status unpacked libexif12:amd64 0.6.21-6ubuntu0.4
2025-03-17 16:55:45 install libexpat1-dev:amd64 <none> 2.2.9-1ubuntu0.8
2025-03-17 16:55:45 status half-installed libexpat1-dev:amd64 2.2.9-1ubuntu0.8
2025-03-17 16:55:45 status unpacked libexpat1-dev:amd64 2.2.9-1ubuntu0.8
2025-03-17 16:55:45 install libpng-dev:amd64 <none> 1.6.37-2
2025-03-17 16:55:45 status half-installed libpng-dev:amd64 1.6.37-2
2025-03-17 16:55:45 status unpacked libpng-dev:amd64 1.6.37-2
2025-03-17 16:55:45 install libfreetype-dev:amd64 <none> 2.10.1-2ubuntu0.4
2025-03-17 16:55:45 status half-installed libfreetype-dev:amd64 2.10.1-2ubuntu0.4
2025-03-17 16:55:45 status unpacked libfreetype-dev:amd64 2.10.1-2ubuntu0.4
2025-03-17 16:55:45 install libfreetype6-dev:amd64 <none> 2.10.1-2ubuntu0.4
2025-03-17 16:55:45 status half-installed libfreetype6-dev:amd64 2.10.1-2ubuntu0.4
2025-03-17 16:55:45 status unpacked libfreetype6-dev:amd64 2.10.1-2ubuntu0.4
2025-03-17 16:55:45 install uuid-dev:amd64 <none> 2.34-0.1ubuntu9.6
2025-03-17 16:55:45 status half-installed uuid-dev:amd64 2.34-0.1ubuntu9.6
2025-03-17 16:55:45 status unpacked uuid-dev:amd64 2.34-0.1ubuntu9.6
2025-03-17 16:55:45 install pkg-config:amd64 <none> 0.29.1-0ubuntu4
2025-03-17 16:55:45 status half-installed pkg-config:amd64 0.29.1-0ubuntu4
2025-03-17 16:55:45 status unpacked pkg-config:amd64 0.29.1-0ubuntu4
2025-03-17 16:55:45 install libfontconfig1-dev:amd64 <none> 2.13.1-2ubuntu3
2025-03-17 16:55:45 status half-installed libfontconfig1-dev:amd64 2.13.1-2ubuntu3
2025-03-17 16:55:45 status unpacked libfontconfig1-dev:amd64 2.13.1-2ubuntu3
2025-03-17 16:55:45 install libgif7:amd64 <none> 5.1.9-1ubuntu0.1
2025-03-17 16:55:45 status half-installed libgif7:amd64 5.1.9-1ubuntu0.1
2025-03-17 16:55:45 status unpacked libgif7:amd64 5.1.9-1ubuntu0.1
2025-03-17 16:55:45 install libjpeg-turbo8:amd64 <none> 2.0.3-0ubuntu1.20.04.3
2025-03-17 16:55:45 status half-installed libjpeg-turbo8:amd64 2.0.3-0ubuntu1.20.04.3
2025-03-17 16:55:45 status unpacked libjpeg-turbo8:amd64 2.0.3-0ubuntu1.20.04.3
2025-03-17 16:55:45 install libjpeg8:amd64 <none> 8c-2ubuntu8
2025-03-17 16:55:45 status half-installed libjpeg8:amd64 8c-2ubuntu8
2025-03-17 16:55:45 status unpacked libjpeg8:amd64 8c-2ubuntu8
2025-03-17 16:55:45 install libjbig0:amd64 <none> 2.1-3.1ubuntu0.20.04.1
2025-03-17 16:55:45 status half-installed libjbig0:amd64 2.1-3.1ubuntu0.20.04.1
2025-03-17 16:55:45 status unpacked libjbig0:amd64 2.1-3.1ubuntu0.20.04.1
2025-03-17 16:55:45 install libwebp6:amd64 <none> 0.6.1-2ubuntu0.20.04.3
2025-03-17 16:55:45 status half-installed libwebp6:amd64 0.6.1-2ubuntu0.20.04.3
2025-03-17 16:55:45 status unpacked libwebp6:amd64 0.6.1-2ubuntu0.20.04.3
2025-03-17 16:55:45 install libtiff5:amd64 <none> 4.1.0+git191117-2ubuntu0.20.04.14
2025-03-17 16:55:45 status half-installed libtiff5:amd64 4.1.0+git191117-2ubuntu0.20.04.14
2025-03-17 16:55:45 status unpacked libtiff5:amd64 4.1.0+git191117-2ubuntu0.20.04.14
2025-03-17 16:55:45 install libgdiplus:amd64 <none> 6.0.4+dfsg-2
2025-03-17 16:55:45 status half-installed libgdiplus:amd64 6.0.4+dfsg-2
2025-03-17 16:55:45 status unpacked libgdiplus:amd64 6.0.4+dfsg-2
2025-03-17 16:55:45 install libglib2.0-bin:amd64 <none> 2.64.6-1~ubuntu20.04.8
2025-03-17 16:55:45 status half-installed libglib2.0-bin:amd64 2.64.6-1~ubuntu20.04.8
2025-03-17 16:55:45 status unpacked libglib2.0-bin:amd64 2.64.6-1~ubuntu20.04.8
2025-03-17 16:55:45 install libgstreamer1.0-0:amd64 <none> 1.16.3-0ubuntu1.2
2025-03-17 16:55:45 status half-installed libgstreamer1.0-0:amd64 1.16.3-0ubuntu1.2
2025-03-17 16:55:45 status unpacked libgstreamer1.0-0:amd64 1.16.3-0ubuntu1.2
2025-03-17 16:55:45 install x11-common:all <none> 1:7.7+19ubuntu14
2025-03-17 16:55:45 status half-installed x11-common:all 1:7.7+19ubuntu14
2025-03-17 16:55:45 status unpacked x11-common:all 1:7.7+19ubuntu14
2025-03-17 16:55:45 install libice6:amd64 <none> 2:1.0.10-0ubuntu1
2025-03-17 16:55:45 status half-installed libice6:amd64 2:1.0.10-0ubuntu1
2025-03-17 16:55:45 status unpacked libice6:amd64 2:1.0.10-0ubuntu1
2025-03-17 16:55:45 install xorg-sgml-doctools:all <none> 1:1.11-1
2025-03-17 16:55:45 status half-installed xorg-sgml-doctools:all 1:1.11-1
2025-03-17 16:55:45 status unpacked xorg-sgml-doctools:all 1:1.11-1
2025-03-17 16:55:45 install x11proto-dev:all <none> 2019.2-1ubuntu1
2025-03-17 16:55:45 status half-installed x11proto-dev:all 2019.2-1ubuntu1
2025-03-17 16:55:45 status unpacked x11proto-dev:all 2019.2-1ubuntu1
2025-03-17 16:55:45 install x11proto-core-dev:all <none> 2019.2-1ubuntu1
2025-03-17 16:55:45 status half-installed x11proto-core-dev:all 2019.2-1ubuntu1
2025-03-17 16:55:45 status unpacked x11proto-core-dev:all 2019.2-1ubuntu1
2025-03-17 16:55:45 install libice-dev:amd64 <none> 2:1.0.10-0ubuntu1
2025-03-17 16:55:45 status half-installed libice-dev:amd64 2:1.0.10-0ubuntu1
2025-03-17 16:55:45 status unpacked libice-dev:amd64 2:1.0.10-0ubuntu1
2025-03-17 16:55:45 install libio-pty-perl:amd64 <none> 1:1.12-1
2025-03-17 16:55:45 status half-installed libio-pty-perl:amd64 1:1.12-1
2025-03-17 16:55:45 status unpacked libio-pty-perl:amd64 1:1.12-1
2025-03-17 16:55:45 install libipc-run-perl:all <none> 20180523.0-2
2025-03-17 16:55:45 status half-installed libipc-run-perl:all 20180523.0-2
2025-03-17 16:55:45 status unpacked libipc-run-perl:all 20180523.0-2
2025-03-17 16:55:45 install libltdl7:amd64 <none> 2.4.6-14
2025-03-17 16:55:45 status half-installed libltdl7:amd64 2.4.6-14
2025-03-17 16:55:45 status unpacked libltdl7:amd64 2.4.6-14
2025-03-17 16:55:45 install libltdl-dev:amd64 <none> 2.4.6-14
2025-03-17 16:55:45 status half-installed libltdl-dev:amd64 2.4.6-14
2025-03-17 16:55:46 status unpacked libltdl-dev:amd64 2.4.6-14
2025-03-17 16:55:46 install liblttng-ust-ctl4:amd64 <none> 2.11.0-1
2025-03-17 16:55:46 status half-installed liblttng-ust-ctl4:amd64 2.11.0-1
2025-03-17 16:55:46 status unpacked liblttng-ust-ctl4:amd64 2.11.0-1
2025-03-17 16:55:46 install libtinfo5:amd64 <none> 6.2-0ubuntu2.1
2025-03-17 16:55:46 status half-installed libtinfo5:amd64 6.2-0ubuntu2.1
2025-03-17 16:55:46 status unpacked libtinfo5:amd64 6.2-0ubuntu2.1
2025-03-17 16:55:46 install libncurses5:amd64 <none> 6.2-0ubuntu2.1
2025-03-17 16:55:46 status half-installed libncurses5:amd64 6.2-0ubuntu2.1
2025-03-17 16:55:46 status unpacked libncurses5:amd64 6.2-0ubuntu2.1
2025-03-17 16:55:46 install libodbc1:amd64 <none> 2.3.6-0.1ubuntu0.1
2025-03-17 16:55:46 status half-installed libodbc1:amd64 2.3.6-0.1ubuntu0.1
2025-03-17 16:55:46 status unpacked libodbc1:amd64 2.3.6-0.1ubuntu0.1
2025-03-17 16:55:46 install libpolkit-agent-1-0:amd64 <none> 0.105-26ubuntu1.3
2025-03-17 16:55:46 status half-installed libpolkit-agent-1-0:amd64 0.105-26ubuntu1.3
2025-03-17 16:55:46 status unpacked libpolkit-agent-1-0:amd64 0.105-26ubuntu1.3
2025-03-17 16:55:46 install libpq5:amd64 <none> 12.22-0ubuntu0.20.04.2
2025-03-17 16:55:46 status half-installed libpq5:amd64 12.22-0ubuntu0.20.04.2
2025-03-17 16:55:46 status unpacked libpq5:amd64 12.22-0ubuntu0.20.04.2
2025-03-17 16:55:46 install libpq-dev:amd64 <none> 12.22-0ubuntu0.20.04.2
2025-03-17 16:55:46 status half-installed libpq-dev:amd64 12.22-0ubuntu0.20.04.2
2025-03-17 16:55:46 status unpacked libpq-dev:amd64 12.22-0ubuntu0.20.04.2
2025-03-17 16:55:46 install libpthread-stubs0-dev:amd64 <none> 0.4-1
2025-03-17 16:55:46 status half-installed libpthread-stubs0-dev:amd64 0.4-1
2025-03-17 16:55:46 status unpacked libpthread-stubs0-dev:amd64 0.4-1
2025-03-17 16:55:46 install libsm6:amd64 <none> 2:1.2.3-1
2025-03-17 16:55:46 status half-installed libsm6:amd64 2:1.2.3-1
2025-03-17 16:55:46 status unpacked libsm6:amd64 2:1.2.3-1
2025-03-17 16:55:46 install libsm-dev:amd64 <none> 2:1.2.3-1
2025-03-17 16:55:46 status half-installed libsm-dev:amd64 2:1.2.3-1
2025-03-17 16:55:46 status unpacked libsm-dev:amd64 2:1.2.3-1
2025-03-17 16:55:46 install libsqlite3-dev:amd64 <none> 3.31.1-4ubuntu0.6
2025-03-17 16:55:46 status half-installed libsqlite3-dev:amd64 3.31.1-4ubuntu0.6
2025-03-17 16:55:46 status unpacked libsqlite3-dev:amd64 3.31.1-4ubuntu0.6
2025-03-17 16:55:46 install libtcl8.6:amd64 <none> 8.6.10+dfsg-1
2025-03-17 16:55:46 status half-installed libtcl8.6:amd64 8.6.10+dfsg-1
2025-03-17 16:55:46 status unpacked libtcl8.6:amd64 8.6.10+dfsg-1
2025-03-17 16:55:46 install libtime-duration-perl:all <none> 1.21-1
2025-03-17 16:55:46 status half-installed libtime-duration-perl:all 1.21-1
2025-03-17 16:55:46 status unpacked libtime-duration-perl:all 1.21-1
2025-03-17 16:55:46 install libtimedate-perl:all <none> 2.3200-1
2025-03-17 16:55:46 status half-installed libtimedate-perl:all 2.3200-1
2025-03-17 16:55:46 status unpacked libtimedate-perl:all 2.3200-1
2025-03-17 16:55:46 install libxft2:amd64 <none> 2.3.3-0ubuntu1
2025-03-17 16:55:46 status half-installed libxft2:amd64 2.3.3-0ubuntu1
2025-03-17 16:55:46 status unpacked libxft2:amd64 2.3.3-0ubuntu1
2025-03-17 16:55:46 install libxss1:amd64 <none> 1:1.2.3-1
2025-03-17 16:55:46 status half-installed libxss1:amd64 1:1.2.3-1
2025-03-17 16:55:46 status unpacked libxss1:amd64 1:1.2.3-1
2025-03-17 16:55:46 install libtk8.6:amd64 <none> 8.6.10-1
2025-03-17 16:55:46 status half-installed libtk8.6:amd64 8.6.10-1
2025-03-17 16:55:46 status unpacked libtk8.6:amd64 8.6.10-1
2025-03-17 16:55:46 install libunwind8:amd64 <none> 1.2.1-9ubuntu0.1
2025-03-17 16:55:46 status half-installed libunwind8:amd64 1.2.1-9ubuntu0.1
2025-03-17 16:55:46 status unpacked libunwind8:amd64 1.2.1-9ubuntu0.1
2025-03-17 16:55:46 install libxau-dev:amd64 <none> 1:1.0.9-0ubuntu1
2025-03-17 16:55:46 status half-installed libxau-dev:amd64 1:1.0.9-0ubuntu1
2025-03-17 16:55:46 status unpacked libxau-dev:amd64 1:1.0.9-0ubuntu1
2025-03-17 16:55:46 install libxdmcp-dev:amd64 <none> 1:1.1.3-0ubuntu1
2025-03-17 16:55:46 status half-installed libxdmcp-dev:amd64 1:1.1.3-0ubuntu1
2025-03-17 16:55:46 status unpacked libxdmcp-dev:amd64 1:1.1.3-0ubuntu1
2025-03-17 16:55:46 install xtrans-dev:all <none> 1.4.0-1
2025-03-17 16:55:46 status half-installed xtrans-dev:all 1.4.0-1
2025-03-17 16:55:46 status unpacked xtrans-dev:all 1.4.0-1
2025-03-17 16:55:46 install libxcb1-dev:amd64 <none> 1.14-2
2025-03-17 16:55:46 status half-installed libxcb1-dev:amd64 1.14-2
2025-03-17 16:55:46 status unpacked libxcb1-dev:amd64 1.14-2
2025-03-17 16:55:46 install libx11-dev:amd64 <none> 2:1.6.9-2ubuntu1.6
2025-03-17 16:55:46 status half-installed libx11-dev:amd64 2:1.6.9-2ubuntu1.6
2025-03-17 16:55:46 status unpacked libx11-dev:amd64 2:1.6.9-2ubuntu1.6
2025-03-17 16:55:46 install x11proto-xext-dev:all <none> 2019.2-1ubuntu1
2025-03-17 16:55:46 status half-installed x11proto-xext-dev:all 2019.2-1ubuntu1
2025-03-17 16:55:46 status unpacked x11proto-xext-dev:all 2019.2-1ubuntu1
2025-03-17 16:55:46 install libxext-dev:amd64 <none> 2:1.3.4-0ubuntu1
2025-03-17 16:55:46 status half-installed libxext-dev:amd64 2:1.3.4-0ubuntu1
2025-03-17 16:55:46 status unpacked libxext-dev:amd64 2:1.3.4-0ubuntu1
2025-03-17 16:55:46 install libxrender-dev:amd64 <none> 1:0.9.10-1
2025-03-17 16:55:46 status half-installed libxrender-dev:amd64 1:0.9.10-1
2025-03-17 16:55:46 status unpacked libxrender-dev:amd64 1:0.9.10-1
2025-03-17 16:55:46 install libxft-dev:amd64 <none> 2.3.3-0ubuntu1
2025-03-17 16:55:46 status half-installed libxft-dev:amd64 2.3.3-0ubuntu1
2025-03-17 16:55:46 status unpacked libxft-dev:amd64 2.3.3-0ubuntu1
2025-03-17 16:55:46 install x11proto-scrnsaver-dev:all <none> 2019.2-1ubuntu1
2025-03-17 16:55:46 status half-installed x11proto-scrnsaver-dev:all 2019.2-1ubuntu1
2025-03-17 16:55:46 status unpacked x11proto-scrnsaver-dev:all 2019.2-1ubuntu1
2025-03-17 16:55:46 install libxss-dev:amd64 <none> 1:1.2.3-1
2025-03-17 16:55:46 status half-installed libxss-dev:amd64 1:1.2.3-1
2025-03-17 16:55:46 status unpacked libxss-dev:amd64 1:1.2.3-1
2025-03-17 16:55:46 install libxt6:amd64 <none> 1:1.1.5-1
2025-03-17 16:55:46 status half-installed libxt6:amd64 1:1.1.5-1
2025-03-17 16:55:46 status unpacked libxt6:amd64 1:1.1.5-1
2025-03-17 16:55:46 install libxt-dev:amd64 <none> 1:1.1.5-1
2025-03-17 16:55:46 status half-installed libxt-dev:amd64 1:1.1.5-1
2025-03-17 16:55:46 status unpacked libxt-dev:amd64 1:1.1.5-1
2025-03-17 16:55:46 install moreutils:amd64 <none> 0.63-1
2025-03-17 16:55:46 status half-installed moreutils:amd64 0.63-1
2025-03-17 16:55:46 status unpacked moreutils:amd64 0.63-1
2025-03-17 16:55:46 install odbcinst1debian2:amd64 <none> 2.3.6-0.1ubuntu0.1
2025-03-17 16:55:46 status half-installed odbcinst1debian2:amd64 2.3.6-0.1ubuntu0.1
2025-03-17 16:55:46 status unpacked odbcinst1debian2:amd64 2.3.6-0.1ubuntu0.1
2025-03-17 16:55:46 install odbcinst:amd64 <none> 2.3.6-0.1ubuntu0.1
2025-03-17 16:55:46 status half-installed odbcinst:amd64 2.3.6-0.1ubuntu0.1
2025-03-17 16:55:46 status unpacked odbcinst:amd64 2.3.6-0.1ubuntu0.1
2025-03-17 16:55:46 install policykit-1:amd64 <none> 0.105-26ubuntu1.3
2025-03-17 16:55:46 status half-installed policykit-1:amd64 0.105-26ubuntu1.3
2025-03-17 16:55:47 status unpacked policykit-1:amd64 0.105-26ubuntu1.3
2025-03-17 16:55:47 install python-pip-whl:all <none> 20.0.2-5ubuntu1.11
2025-03-17 16:55:47 status half-installed python-pip-whl:all 20.0.2-5ubuntu1.11
2025-03-17 16:55:47 status unpacked python-pip-whl:all 20.0.2-5ubuntu1.11
2025-03-17 16:55:47 install python3-certifi:all <none> 2019.11.28-1
2025-03-17 16:55:47 status half-installed python3-certifi:all 2019.11.28-1
2025-03-17 16:55:47 status unpacked python3-certifi:all 2019.11.28-1
2025-03-17 16:55:47 install python3-chardet:all <none> 3.0.4-4build1
2025-03-17 16:55:47 status half-installed python3-chardet:all 3.0.4-4build1
2025-03-17 16:55:47 status unpacked python3-chardet:all 3.0.4-4build1
2025-03-17 16:55:47 install python3-lib2to3:all <none> 3.8.10-0ubuntu1~20.04
2025-03-17 16:55:47 status half-installed python3-lib2to3:all 3.8.10-0ubuntu1~20.04
2025-03-17 16:55:47 status unpacked python3-lib2to3:all 3.8.10-0ubuntu1~20.04
2025-03-17 16:55:47 install python3-distutils:all <none> 3.8.10-0ubuntu1~20.04
2025-03-17 16:55:47 status half-installed python3-distutils:all 3.8.10-0ubuntu1~20.04
2025-03-17 16:55:47 status unpacked python3-distutils:all 3.8.10-0ubuntu1~20.04
2025-03-17 16:55:47 install python3-idna:all <none> 2.8-1ubuntu0.1
2025-03-17 16:55:47 status half-installed python3-idna:all 2.8-1ubuntu0.1
2025-03-17 16:55:47 status unpacked python3-idna:all 2.8-1ubuntu0.1
2025-03-17 16:55:47 install python3-setuptools:all <none> 45.2.0-1ubuntu0.2
2025-03-17 16:55:47 status half-installed python3-setuptools:all 45.2.0-1ubuntu0.2
2025-03-17 16:55:47 status unpacked python3-setuptools:all 45.2.0-1ubuntu0.2
2025-03-17 16:55:47 install python3-wheel:all <none> 0.34.2-1ubuntu0.1
2025-03-17 16:55:47 status half-installed python3-wheel:all 0.34.2-1ubuntu0.1
2025-03-17 16:55:47 status unpacked python3-wheel:all 0.34.2-1ubuntu0.1
2025-03-17 16:55:47 install python3-pip:all <none> 20.0.2-5ubuntu1.11
2025-03-17 16:55:47 status half-installed python3-pip:all 20.0.2-5ubuntu1.11
2025-03-17 16:55:47 status unpacked python3-pip:all 20.0.2-5ubuntu1.11
2025-03-17 16:55:47 install python3-urllib3:all <none> 1.25.8-2ubuntu0.4
2025-03-17 16:55:47 status half-installed python3-urllib3:all 1.25.8-2ubuntu0.4
2025-03-17 16:55:47 status unpacked python3-urllib3:all 1.25.8-2ubuntu0.4
2025-03-17 16:55:47 install python3-requests:all <none> 2.22.0-2ubuntu1.1
2025-03-17 16:55:47 status half-installed python3-requests:all 2.22.0-2ubuntu1.1
2025-03-17 16:55:47 status unpacked python3-requests:all 2.22.0-2ubuntu1.1
2025-03-17 16:55:47 install python3-requests-unixsocket:all <none> 0.2.0-2
2025-03-17 16:55:47 status half-installed python3-requests-unixsocket:all 0.2.0-2
2025-03-17 16:55:47 status unpacked python3-requests-unixsocket:all 0.2.0-2
2025-03-17 16:55:47 install python3-software-properties:all <none> 0.99.9.12
2025-03-17 16:55:47 status half-installed python3-software-properties:all 0.99.9.12
2025-03-17 16:55:47 status unpacked python3-software-properties:all 0.99.9.12
2025-03-17 16:55:47 install packagekit:amd64 <none> 1.1.13-2ubuntu1.1
2025-03-17 16:55:47 status half-installed packagekit:amd64 1.1.13-2ubuntu1.1
2025-03-17 16:55:47 status unpacked packagekit:amd64 1.1.13-2ubuntu1.1
2025-03-17 16:55:47 install software-properties-common:all <none> 0.99.9.12
2025-03-17 16:55:47 status half-installed software-properties-common:all 0.99.9.12
2025-03-17 16:55:47 status unpacked software-properties-common:all 0.99.9.12
2025-03-17 16:55:47 install sqlite3:amd64 <none> 3.31.1-4ubuntu0.6
2025-03-17 16:55:47 status half-installed sqlite3:amd64 3.31.1-4ubuntu0.6
2025-03-17 16:55:47 status unpacked sqlite3:amd64 3.31.1-4ubuntu0.6
2025-03-17 16:55:47 install swig3.0:amd64 <none> 3.0.12-2.2ubuntu1
2025-03-17 16:55:47 status half-installed swig3.0:amd64 3.0.12-2.2ubuntu1
2025-03-17 16:55:47 status unpacked swig3.0:amd64 3.0.12-2.2ubuntu1
2025-03-17 16:55:47 install tcl8.6:amd64 <none> 8.6.10+dfsg-1
2025-03-17 16:55:47 status half-installed tcl8.6:amd64 8.6.10+dfsg-1
2025-03-17 16:55:47 status unpacked tcl8.6:amd64 8.6.10+dfsg-1
2025-03-17 16:55:47 install tcl:amd64 <none> 8.6.9+1
2025-03-17 16:55:47 status half-installed tcl:amd64 8.6.9+1
2025-03-17 16:55:47 status unpacked tcl:amd64 8.6.9+1
2025-03-17 16:55:47 install tcl8.6-dev:amd64 <none> 8.6.10+dfsg-1
2025-03-17 16:55:47 status half-installed tcl8.6-dev:amd64 8.6.10+dfsg-1
2025-03-17 16:55:47 status unpacked tcl8.6-dev:amd64 8.6.10+dfsg-1
2025-03-17 16:55:47 install tcl-dev:amd64 <none> 8.6.9+1
2025-03-17 16:55:47 status half-installed tcl-dev:amd64 8.6.9+1
2025-03-17 16:55:47 status unpacked tcl-dev:amd64 8.6.9+1
2025-03-17 16:55:47 install tk8.6:amd64 <none> 8.6.10-1
2025-03-17 16:55:47 status half-installed tk8.6:amd64 8.6.10-1
2025-03-17 16:55:47 status unpacked tk8.6:amd64 8.6.10-1
2025-03-17 16:55:47 install tk:amd64 <none> 8.6.9+1
2025-03-17 16:55:47 status half-installed tk:amd64 8.6.9+1
2025-03-17 16:55:47 status unpacked tk:amd64 8.6.9+1
2025-03-17 16:55:47 install tk8.6-dev:amd64 <none> 8.6.10-1
2025-03-17 16:55:47 status half-installed tk8.6-dev:amd64 8.6.10-1
2025-03-17 16:55:47 status unpacked tk8.6-dev:amd64 8.6.10-1
2025-03-17 16:55:47 install tk-dev:amd64 <none> 8.6.9+1
2025-03-17 16:55:47 status half-installed tk-dev:amd64 8.6.9+1
2025-03-17 16:55:47 status unpacked tk-dev:amd64 8.6.9+1
2025-03-17 16:55:47 install unzip:amd64 <none> 6.0-25ubuntu1.2
2025-03-17 16:55:47 status half-installed unzip:amd64 6.0-25ubuntu1.2
2025-03-17 16:55:48 status unpacked unzip:amd64 6.0-25ubuntu1.2
2025-03-17 16:55:48 install zip:amd64 <none> 3.0-11build1
2025-03-17 16:55:48 status half-installed zip:amd64 3.0-11build1
2025-03-17 16:55:48 status unpacked zip:amd64 3.0-11build1
2025-03-17 16:55:48 install liburcu6:amd64 <none> 0.11.1-2
2025-03-17 16:55:48 status half-installed liburcu6:amd64 0.11.1-2
2025-03-17 16:55:48 status unpacked liburcu6:amd64 0.11.1-2
2025-03-17 16:55:48 install liblttng-ust0:amd64 <none> 2.11.0-1
2025-03-17 16:55:48 status half-installed liblttng-ust0:amd64 2.11.0-1
2025-03-17 16:55:48 status unpacked liblttng-ust0:amd64 2.11.0-1
2025-03-17 16:55:48 install unixodbc-dev:amd64 <none> 2.3.6-0.1ubuntu0.1
2025-03-17 16:55:48 status half-installed unixodbc-dev:amd64 2.3.6-0.1ubuntu0.1
2025-03-17 16:55:48 status unpacked unixodbc-dev:amd64 2.3.6-0.1ubuntu0.1
2025-03-17 16:55:48 startup packages configure
2025-03-17 16:55:48 configure liblmdb0:amd64 0.9.24-1 <none>
2025-03-17 16:55:48 status unpacked liblmdb0:amd64 0.9.24-1
2025-03-17 16:55:48 status half-configured liblmdb0:amd64 0.9.24-1
2025-03-17 16:55:48 status installed liblmdb0:amd64 0.9.24-1
2025-03-17 16:55:48 configure libpixman-1-0:amd64 0.38.4-0ubuntu2.1 <none>
2025-03-17 16:55:48 status unpacked libpixman-1-0:amd64 0.38.4-0ubuntu2.1
2025-03-17 16:55:48 status half-configured libpixman-1-0:amd64 0.38.4-0ubuntu2.1
2025-03-17 16:55:48 status installed libpixman-1-0:amd64 0.38.4-0ubuntu2.1
2025-03-17 16:55:48 configure mysql-common:all 5.8+1.0.5ubuntu2 <none>
2025-03-17 16:55:48 status unpacked mysql-common:all 5.8+1.0.5ubuntu2
2025-03-17 16:55:48 status half-configured mysql-common:all 5.8+1.0.5ubuntu2
2025-03-17 16:55:48 status installed mysql-common:all 5.8+1.0.5ubuntu2
2025-03-17 16:55:48 configure systemd-sysv:amd64 245.4-4ubuntu3.24 <none>
2025-03-17 16:55:48 status unpacked systemd-sysv:amd64 245.4-4ubuntu3.24
2025-03-17 16:55:48 status half-configured systemd-sysv:amd64 245.4-4ubuntu3.24
2025-03-17 16:55:48 status installed systemd-sysv:amd64 245.4-4ubuntu3.24
2025-03-17 16:55:48 configure libmysqlclient21:amd64 8.0.41-0ubuntu0.20.04.1 <none>
2025-03-17 16:55:48 status unpacked libmysqlclient21:amd64 8.0.41-0ubuntu0.20.04.1
2025-03-17 16:55:48 status half-configured libmysqlclient21:amd64 8.0.41-0ubuntu0.20.04.1
2025-03-17 16:55:48 status installed libmysqlclient21:amd64 8.0.41-0ubuntu0.20.04.1
2025-03-17 16:55:48 configure libxau6:amd64 1:1.0.9-0ubuntu1 <none>
2025-03-17 16:55:48 status unpacked libxau6:amd64 1:1.0.9-0ubuntu1
2025-03-17 16:55:48 status half-configured libxau6:amd64 1:1.0.9-0ubuntu1
2025-03-17 16:55:48 status installed libxau6:amd64 1:1.0.9-0ubuntu1
2025-03-17 16:55:48 configure libkeyutils1:amd64 1.6-6ubuntu1.1 <none>
2025-03-17 16:55:48 status unpacked libkeyutils1:amd64 1.6-6ubuntu1.1
2025-03-17 16:55:48 status half-configured libkeyutils1:amd64 1.6-6ubuntu1.1
2025-03-17 16:55:48 status installed libkeyutils1:amd64 1.6-6ubuntu1.1
2025-03-17 16:55:48 configure libinotifytools0:amd64 3.14-8 <none>
2025-03-17 16:55:48 status unpacked libinotifytools0:amd64 3.14-8
2025-03-17 16:55:48 status half-configured libinotifytools0:amd64 3.14-8
2025-03-17 16:55:48 status installed libinotifytools0:amd64 3.14-8
2025-03-17 16:55:48 configure libproxy1v5:amd64 0.4.15-10ubuntu1.2 <none>
2025-03-17 16:55:48 status unpacked libproxy1v5:amd64 0.4.15-10ubuntu1.2
2025-03-17 16:55:48 status half-configured libproxy1v5:amd64 0.4.15-10ubuntu1.2
2025-03-17 16:55:48 status installed libproxy1v5:amd64 0.4.15-10ubuntu1.2
2025-03-17 16:55:48 configure libpsl5:amd64 0.21.0-1ubuntu1 <none>
2025-03-17 16:55:48 status unpacked libpsl5:amd64 0.21.0-1ubuntu1
2025-03-17 16:55:48 status half-configured libpsl5:amd64 0.21.0-1ubuntu1
2025-03-17 16:55:48 status installed libpsl5:amd64 0.21.0-1ubuntu1
2025-03-17 16:55:48 configure perl-modules-5.30:all 5.30.0-9ubuntu0.5 <none>
2025-03-17 16:55:48 status unpacked perl-modules-5.30:all 5.30.0-9ubuntu0.5
2025-03-17 16:55:48 status half-configured perl-modules-5.30:all 5.30.0-9ubuntu0.5
2025-03-17 16:55:48 status installed perl-modules-5.30:all 5.30.0-9ubuntu0.5
2025-03-17 16:55:48 configure mime-support:all 3.64ubuntu1 <none>
2025-03-17 16:55:48 status unpacked mime-support:all 3.64ubuntu1
2025-03-17 16:55:48 status half-configured mime-support:all 3.64ubuntu1
2025-03-17 16:55:48 status installed mime-support:all 3.64ubuntu1
2025-03-17 16:55:48 configure libyaml-0-2:amd64 0.2.2-1 <none>
2025-03-17 16:55:48 status unpacked libyaml-0-2:amd64 0.2.2-1
2025-03-17 16:55:48 status half-configured libyaml-0-2:amd64 0.2.2-1
2025-03-17 16:55:48 status installed libyaml-0-2:amd64 0.2.2-1
2025-03-17 16:55:48 configure libgcc1:amd64 1:10.5.0-1ubuntu1~20.04 <none>
2025-03-17 16:55:48 status unpacked libgcc1:amd64 1:10.5.0-1ubuntu1~20.04
2025-03-17 16:55:48 status half-configured libgcc1:amd64 1:10.5.0-1ubuntu1~20.04
2025-03-17 16:55:48 status installed libgcc1:amd64 1:10.5.0-1ubuntu1~20.04
2025-03-17 16:55:48 configure libglib2.0-0:amd64 2.64.6-1~ubuntu20.04.8 <none>
2025-03-17 16:55:48 status unpacked libglib2.0-0:amd64 2.64.6-1~ubuntu20.04.8
2025-03-17 16:55:48 status half-configured libglib2.0-0:amd64 2.64.6-1~ubuntu20.04.8
2025-03-17 16:55:48 status installed libglib2.0-0:amd64 2.64.6-1~ubuntu20.04.8
2025-03-17 16:55:48 configure distro-info-data:all 0.43ubuntu1.17 <none>
2025-03-17 16:55:48 status unpacked distro-info-data:all 0.43ubuntu1.17
2025-03-17 16:55:48 status half-configured distro-info-data:all 0.43ubuntu1.17
2025-03-17 16:55:48 status installed distro-info-data:all 0.43ubuntu1.17
2025-03-17 16:55:48 configure unzip:amd64 6.0-25ubuntu1.2 <none>
2025-03-17 16:55:48 status unpacked unzip:amd64 6.0-25ubuntu1.2
2025-03-17 16:55:48 status half-configured unzip:amd64 6.0-25ubuntu1.2
2025-03-17 16:55:48 status installed unzip:amd64 6.0-25ubuntu1.2
2025-03-17 16:55:48 configure libbrotli1:amd64 1.0.7-6ubuntu0.1 <none>
2025-03-17 16:55:48 status unpacked libbrotli1:amd64 1.0.7-6ubuntu0.1
2025-03-17 16:55:48 status half-configured libbrotli1:amd64 1.0.7-6ubuntu0.1
2025-03-17 16:55:48 status installed libbrotli1:amd64 1.0.7-6ubuntu0.1
2025-03-17 16:55:48 configure libsqlite3-0:amd64 3.31.1-4ubuntu0.6 <none>
2025-03-17 16:55:48 status unpacked libsqlite3-0:amd64 3.31.1-4ubuntu0.6
2025-03-17 16:55:48 status half-configured libsqlite3-0:amd64 3.31.1-4ubuntu0.6
2025-03-17 16:55:48 status installed libsqlite3-0:amd64 3.31.1-4ubuntu0.6
2025-03-17 16:55:48 configure binutils-common:amd64 2.34-6ubuntu1.10 <none>
2025-03-17 16:55:48 status unpacked binutils-common:amd64 2.34-6ubuntu1.10
2025-03-17 16:55:48 status half-configured binutils-common:amd64 2.34-6ubuntu1.10
2025-03-17 16:55:48 status installed binutils-common:amd64 2.34-6ubuntu1.10
2025-03-17 16:55:48 configure x11-common:all 1:7.7+19ubuntu14 <none>
2025-03-17 16:55:48 status unpacked x11-common:all 1:7.7+19ubuntu14
2025-03-17 16:55:48 status half-configured x11-common:all 1:7.7+19ubuntu14
2025-03-17 16:55:48 status installed x11-common:all 1:7.7+19ubuntu14
2025-03-17 16:55:48 configure libnghttp2-14:amd64 1.40.0-1ubuntu0.3 <none>
2025-03-17 16:55:48 status unpacked libnghttp2-14:amd64 1.40.0-1ubuntu0.3
2025-03-17 16:55:48 status half-configured libnghttp2-14:amd64 1.40.0-1ubuntu0.3
2025-03-17 16:55:48 status installed libnghttp2-14:amd64 1.40.0-1ubuntu0.3
2025-03-17 16:55:48 configure linux-libc-dev:amd64 5.4.0-208.228 <none>
2025-03-17 16:55:48 status unpacked linux-libc-dev:amd64 5.4.0-208.228
2025-03-17 16:55:48 status half-configured linux-libc-dev:amd64 5.4.0-208.228
2025-03-17 16:55:48 status installed linux-libc-dev:amd64 5.4.0-208.228
2025-03-17 16:55:48 configure libctf-nobfd0:amd64 2.34-6ubuntu1.10 <none>
2025-03-17 16:55:48 status unpacked libctf-nobfd0:amd64 2.34-6ubuntu1.10
2025-03-17 16:55:48 status half-configured libctf-nobfd0:amd64 2.34-6ubuntu1.10
2025-03-17 16:55:48 status installed libctf-nobfd0:amd64 2.34-6ubuntu1.10
2025-03-17 16:55:48 configure gettext-base:amd64 0.19.8.1-10build1 <none>
2025-03-17 16:55:48 status unpacked gettext-base:amd64 0.19.8.1-10build1
2025-03-17 16:55:48 status half-configured gettext-base:amd64 0.19.8.1-10build1
2025-03-17 16:55:48 status installed gettext-base:amd64 0.19.8.1-10build1
2025-03-17 16:55:48 configure libpackagekit-glib2-18:amd64 1.1.13-2ubuntu1.1 <none>
2025-03-17 16:55:48 status unpacked libpackagekit-glib2-18:amd64 1.1.13-2ubuntu1.1
2025-03-17 16:55:48 status half-configured libpackagekit-glib2-18:amd64 1.1.13-2ubuntu1.1
2025-03-17 16:55:48 status installed libpackagekit-glib2-18:amd64 1.1.13-2ubuntu1.1
2025-03-17 16:55:48 configure libassuan0:amd64 2.5.3-7ubuntu2 <none>
2025-03-17 16:55:48 status unpacked libassuan0:amd64 2.5.3-7ubuntu2
2025-03-17 16:55:48 status half-configured libassuan0:amd64 2.5.3-7ubuntu2
2025-03-17 16:55:48 status installed libassuan0:amd64 2.5.3-7ubuntu2
2025-03-17 16:55:48 configure libgomp1:amd64 10.5.0-1ubuntu1~20.04 <none>
2025-03-17 16:55:48 status unpacked libgomp1:amd64 10.5.0-1ubuntu1~20.04
2025-03-17 16:55:48 status half-configured libgomp1:amd64 10.5.0-1ubuntu1~20.04
2025-03-17 16:55:48 status installed libgomp1:amd64 10.5.0-1ubuntu1~20.04
2025-03-17 16:55:48 configure libldap-common:all 2.4.49+dfsg-2ubuntu1.10 <none>
2025-03-17 16:55:48 status unpacked libldap-common:all 2.4.49+dfsg-2ubuntu1.10
2025-03-17 16:55:48 status half-configured libldap-common:all 2.4.49+dfsg-2ubuntu1.10
2025-03-17 16:55:48 status installed libldap-common:all 2.4.49+dfsg-2ubuntu1.10
2025-03-17 16:55:48 configure libunwind8:amd64 1.2.1-9ubuntu0.1 <none>
2025-03-17 16:55:48 status unpacked libunwind8:amd64 1.2.1-9ubuntu0.1
2025-03-17 16:55:48 status half-configured libunwind8:amd64 1.2.1-9ubuntu0.1
2025-03-17 16:55:48 status installed libunwind8:amd64 1.2.1-9ubuntu0.1
2025-03-17 16:55:48 configure libpthread-stubs0-dev:amd64 0.4-1 <none>
2025-03-17 16:55:48 status unpacked libpthread-stubs0-dev:amd64 0.4-1
2025-03-17 16:55:48 status half-configured libpthread-stubs0-dev:amd64 0.4-1
2025-03-17 16:55:48 status installed libpthread-stubs0-dev:amd64 0.4-1
2025-03-17 16:55:48 configure libjbig0:amd64 2.1-3.1ubuntu0.20.04.1 <none>
2025-03-17 16:55:48 status unpacked libjbig0:amd64 2.1-3.1ubuntu0.20.04.1
2025-03-17 16:55:48 status half-configured libjbig0:amd64 2.1-3.1ubuntu0.20.04.1
2025-03-17 16:55:48 status installed libjbig0:amd64 2.1-3.1ubuntu0.20.04.1
2025-03-17 16:55:48 configure libkrb5support0:amd64 1.17-6ubuntu4.9 <none>
2025-03-17 16:55:48 status unpacked libkrb5support0:amd64 1.17-6ubuntu4.9
2025-03-17 16:55:48 status half-configured libkrb5support0:amd64 1.17-6ubuntu4.9
2025-03-17 16:55:48 status installed libkrb5support0:amd64 1.17-6ubuntu4.9
2025-03-17 16:55:48 configure libsasl2-modules-db:amd64 2.1.27+dfsg-2ubuntu0.1 <none>
2025-03-17 16:55:48 status unpacked libsasl2-modules-db:amd64 2.1.27+dfsg-2ubuntu0.1
2025-03-17 16:55:48 status half-configured libsasl2-modules-db:amd64 2.1.27+dfsg-2ubuntu0.1
2025-03-17 16:55:48 status installed libsasl2-modules-db:amd64 2.1.27+dfsg-2ubuntu0.1
2025-03-17 16:55:48 configure tzdata:all 2024b-0ubuntu0.20.04.1 <none>
2025-03-17 16:55:48 status unpacked tzdata:all 2024b-0ubuntu0.20.04.1
2025-03-17 16:55:48 status half-configured tzdata:all 2024b-0ubuntu0.20.04.1
2025-03-17 16:55:48 status installed tzdata:all 2024b-0ubuntu0.20.04.1
2025-03-17 16:55:48 configure libcap2-bin:amd64 1:2.32-1ubuntu0.2 <none>
2025-03-17 16:55:48 status unpacked libcap2-bin:amd64 1:2.32-1ubuntu0.2
2025-03-17 16:55:48 status half-configured libcap2-bin:amd64 1:2.32-1ubuntu0.2
2025-03-17 16:55:48 status installed libcap2-bin:amd64 1:2.32-1ubuntu0.2
2025-03-17 16:55:48 configure libdconf1:amd64 0.36.0-1 <none>
2025-03-17 16:55:48 status unpacked libdconf1:amd64 0.36.0-1
2025-03-17 16:55:48 status half-configured libdconf1:amd64 0.36.0-1
2025-03-17 16:55:48 status installed libdconf1:amd64 0.36.0-1
2025-03-17 16:55:48 configure xtrans-dev:all 1.4.0-1 <none>
2025-03-17 16:55:48 status unpacked xtrans-dev:all 1.4.0-1
2025-03-17 16:55:48 status half-configured xtrans-dev:all 1.4.0-1
2025-03-17 16:55:48 status installed xtrans-dev:all 1.4.0-1
2025-03-17 16:55:48 configure zip:amd64 3.0-11build1 <none>
2025-03-17 16:55:48 status unpacked zip:amd64 3.0-11build1
2025-03-17 16:55:48 status half-configured zip:amd64 3.0-11build1
2025-03-17 16:55:48 status installed zip:amd64 3.0-11build1
2025-03-17 16:55:48 configure autotools-dev:all 20180224.1 <none>
2025-03-17 16:55:48 status unpacked autotools-dev:all 20180224.1
2025-03-17 16:55:48 status half-configured autotools-dev:all 20180224.1
2025-03-17 16:55:48 status installed autotools-dev:all 20180224.1
2025-03-17 16:55:48 configure libglib2.0-data:all 2.64.6-1~ubuntu20.04.8 <none>
2025-03-17 16:55:48 status unpacked libglib2.0-data:all 2.64.6-1~ubuntu20.04.8
2025-03-17 16:55:48 status half-configured libglib2.0-data:all 2.64.6-1~ubuntu20.04.8
2025-03-17 16:55:48 status installed libglib2.0-data:all 2.64.6-1~ubuntu20.04.8
2025-03-17 16:55:48 configure swig3.0:amd64 3.0.12-2.2ubuntu1 <none>
2025-03-17 16:55:48 status unpacked swig3.0:amd64 3.0.12-2.2ubuntu1
2025-03-17 16:55:48 status half-configured swig3.0:amd64 3.0.12-2.2ubuntu1
2025-03-17 16:55:48 status installed swig3.0:amd64 3.0.12-2.2ubuntu1
2025-03-17 16:55:48 configure libx11-data:all 2:1.6.9-2ubuntu1.6 <none>
2025-03-17 16:55:48 status unpacked libx11-data:all 2:1.6.9-2ubuntu1.6
2025-03-17 16:55:48 status half-configured libx11-data:all 2:1.6.9-2ubuntu1.6
2025-03-17 16:55:48 status installed libx11-data:all 2:1.6.9-2ubuntu1.6
2025-03-17 16:55:48 configure make:amd64 4.2.1-1.2 <none>
2025-03-17 16:55:48 status unpacked make:amd64 4.2.1-1.2
2025-03-17 16:55:48 status half-configured make:amd64 4.2.1-1.2
2025-03-17 16:55:48 status installed make:amd64 4.2.1-1.2
2025-03-17 16:55:48 configure libmpfr6:amd64 4.0.2-1 <none>
2025-03-17 16:55:48 status unpacked libmpfr6:amd64 4.0.2-1
2025-03-17 16:55:48 status half-configured libmpfr6:amd64 4.0.2-1
2025-03-17 16:55:48 status installed libmpfr6:amd64 4.0.2-1
2025-03-17 16:55:48 configure librtmp1:amd64 2.4+20151223.gitfa8646d.1-2build1 <none>
2025-03-17 16:55:48 status unpacked librtmp1:amd64 2.4+20151223.gitfa8646d.1-2build1
2025-03-17 16:55:48 status half-configured librtmp1:amd64 2.4+20151223.gitfa8646d.1-2build1
2025-03-17 16:55:48 status installed librtmp1:amd64 2.4+20151223.gitfa8646d.1-2build1
2025-03-17 16:55:48 configure libdbus-1-3:amd64 1.12.16-2ubuntu2.3 <none>
2025-03-17 16:55:48 status unpacked libdbus-1-3:amd64 1.12.16-2ubuntu2.3
2025-03-17 16:55:48 status half-configured libdbus-1-3:amd64 1.12.16-2ubuntu2.3
2025-03-17 16:55:48 status installed libdbus-1-3:amd64 1.12.16-2ubuntu2.3
2025-03-17 16:55:48 configure dbus:amd64 1.12.16-2ubuntu2.3 <none>
2025-03-17 16:55:48 status unpacked dbus:amd64 1.12.16-2ubuntu2.3
2025-03-17 16:55:48 status half-configured dbus:amd64 1.12.16-2ubuntu2.3
2025-03-17 16:55:48 status installed dbus:amd64 1.12.16-2ubuntu2.3
2025-03-17 16:55:48 configure libsigsegv2:amd64 2.12-2 <none>
2025-03-17 16:55:48 status unpacked libsigsegv2:amd64 2.12-2
2025-03-17 16:55:48 status half-configured libsigsegv2:amd64 2.12-2
2025-03-17 16:55:48 status installed libsigsegv2:amd64 2.12-2
2025-03-17 16:55:48 configure xz-utils:amd64 5.2.4-1ubuntu1.1 <none>
2025-03-17 16:55:48 status unpacked xz-utils:amd64 5.2.4-1ubuntu1.1
2025-03-17 16:55:48 status half-configured xz-utils:amd64 5.2.4-1ubuntu1.1
2025-03-17 16:55:48 status installed xz-utils:amd64 5.2.4-1ubuntu1.1
2025-03-17 16:55:48 configure libquadmath0:amd64 10.5.0-1ubuntu1~20.04 <none>
2025-03-17 16:55:48 status unpacked libquadmath0:amd64 10.5.0-1ubuntu1~20.04
2025-03-17 16:55:48 status half-configured libquadmath0:amd64 10.5.0-1ubuntu1~20.04
2025-03-17 16:55:48 status installed libquadmath0:amd64 10.5.0-1ubuntu1~20.04
2025-03-17 16:55:48 configure libexif12:amd64 0.6.21-6ubuntu0.4 <none>
2025-03-17 16:55:48 status unpacked libexif12:amd64 0.6.21-6ubuntu0.4
2025-03-17 16:55:48 status half-configured libexif12:amd64 0.6.21-6ubuntu0.4
2025-03-17 16:55:48 status installed libexif12:amd64 0.6.21-6ubuntu0.4
2025-03-17 16:55:48 configure libssl-dev:amd64 1.1.1f-1ubuntu2.24 <none>
2025-03-17 16:55:48 status unpacked libssl-dev:amd64 1.1.1f-1ubuntu2.24
2025-03-17 16:55:48 status half-configured libssl-dev:amd64 1.1.1f-1ubuntu2.24
2025-03-17 16:55:48 status installed libssl-dev:amd64 1.1.1f-1ubuntu2.24
2025-03-17 16:55:48 configure libpng16-16:amd64 1.6.37-2 <none>
2025-03-17 16:55:48 status unpacked libpng16-16:amd64 1.6.37-2
2025-03-17 16:55:48 status half-configured libpng16-16:amd64 1.6.37-2
2025-03-17 16:55:48 status installed libpng16-16:amd64 1.6.37-2
2025-03-17 16:55:48 configure libmpc3:amd64 1.1.0-1 <none>
2025-03-17 16:55:48 status unpacked libmpc3:amd64 1.1.0-1
2025-03-17 16:55:48 status half-configured libmpc3:amd64 1.1.0-1
2025-03-17 16:55:48 status installed libmpc3:amd64 1.1.0-1
2025-03-17 16:55:48 configure libatomic1:amd64 10.5.0-1ubuntu1~20.04 <none>
2025-03-17 16:55:48 status unpacked libatomic1:amd64 10.5.0-1ubuntu1~20.04
2025-03-17 16:55:48 status half-configured libatomic1:amd64 10.5.0-1ubuntu1~20.04
2025-03-17 16:55:48 status installed libatomic1:amd64 10.5.0-1ubuntu1~20.04
2025-03-17 16:55:48 configure patch:amd64 2.7.6-6 <none>
2025-03-17 16:55:48 status unpacked patch:amd64 2.7.6-6
2025-03-17 16:55:48 status half-configured patch:amd64 2.7.6-6
2025-03-17 16:55:48 status installed patch:amd64 2.7.6-6
2025-03-17 16:55:48 configure libtcl8.6:amd64 8.6.10+dfsg-1 <none>
2025-03-17 16:55:48 status unpacked libtcl8.6:amd64 8.6.10+dfsg-1
2025-03-17 16:55:48 status half-configured libtcl8.6:amd64 8.6.10+dfsg-1
2025-03-17 16:55:48 status installed libtcl8.6:amd64 8.6.10+dfsg-1
2025-03-17 16:55:48 configure libwebp6:amd64 0.6.1-2ubuntu0.20.04.3 <none>
2025-03-17 16:55:48 status unpacked libwebp6:amd64 0.6.1-2ubuntu0.20.04.3
2025-03-17 16:55:48 status half-configured libwebp6:amd64 0.6.1-2ubuntu0.20.04.3
2025-03-17 16:55:48 status installed libwebp6:amd64 0.6.1-2ubuntu0.20.04.3
2025-03-17 16:55:48 configure fonts-dejavu-core:all 2.37-1 <none>
2025-03-17 16:55:48 status unpacked fonts-dejavu-core:all 2.37-1
2025-03-17 16:55:48 status half-configured fonts-dejavu-core:all 2.37-1
2025-03-17 16:55:48 status installed fonts-dejavu-core:all 2.37-1
2025-03-17 16:55:48 configure ucf:all 3.0038+nmu1 <none>
2025-03-17 16:55:48 status unpacked ucf:all 3.0038+nmu1
2025-03-17 16:55:48 status half-configured ucf:all 3.0038+nmu1
2025-03-17 16:55:48 status installed ucf:all 3.0038+nmu1
2025-03-17 16:55:48 configure libk5crypto3:amd64 1.17-6ubuntu4.9 <none>
2025-03-17 16:55:48 status unpacked libk5crypto3:amd64 1.17-6ubuntu4.9
2025-03-17 16:55:48 status half-configured libk5crypto3:amd64 1.17-6ubuntu4.9
2025-03-17 16:55:48 status installed libk5crypto3:amd64 1.17-6ubuntu4.9
2025-03-17 16:55:48 configure libjpeg-turbo8:amd64 2.0.3-0ubuntu1.20.04.3 <none>
2025-03-17 16:55:48 status unpacked libjpeg-turbo8:amd64 2.0.3-0ubuntu1.20.04.3
2025-03-17 16:55:48 status half-configured libjpeg-turbo8:amd64 2.0.3-0ubuntu1.20.04.3
2025-03-17 16:55:48 status installed libjpeg-turbo8:amd64 2.0.3-0ubuntu1.20.04.3
2025-03-17 16:55:48 configure libltdl7:amd64 2.4.6-14 <none>
2025-03-17 16:55:48 status unpacked libltdl7:amd64 2.4.6-14
2025-03-17 16:55:48 status half-configured libltdl7:amd64 2.4.6-14
2025-03-17 16:55:48 status installed libltdl7:amd64 2.4.6-14
2025-03-17 16:55:48 configure libsasl2-2:amd64 2.1.27+dfsg-2ubuntu0.1 <none>
2025-03-17 16:55:48 status unpacked libsasl2-2:amd64 2.1.27+dfsg-2ubuntu0.1
2025-03-17 16:55:48 status half-configured libsasl2-2:amd64 2.1.27+dfsg-2ubuntu0.1
2025-03-17 16:55:48 status installed libsasl2-2:amd64 2.1.27+dfsg-2ubuntu0.1
2025-03-17 16:55:48 configure libroken18-heimdal:amd64 7.7.0+dfsg-1ubuntu1.4 <none>
2025-03-17 16:55:48 status unpacked libroken18-heimdal:amd64 7.7.0+dfsg-1ubuntu1.4
2025-03-17 16:55:48 status half-configured libroken18-heimdal:amd64 7.7.0+dfsg-1ubuntu1.4
2025-03-17 16:55:48 status installed libroken18-heimdal:amd64 7.7.0+dfsg-1ubuntu1.4
2025-03-17 16:55:48 configure libubsan1:amd64 10.5.0-1ubuntu1~20.04 <none>
2025-03-17 16:55:48 status unpacked libubsan1:amd64 10.5.0-1ubuntu1~20.04
2025-03-17 16:55:48 status half-configured libubsan1:amd64 10.5.0-1ubuntu1~20.04
2025-03-17 16:55:48 status installed libubsan1:amd64 10.5.0-1ubuntu1~20.04
2025-03-17 16:55:48 configure libgif7:amd64 5.1.9-1ubuntu0.1 <none>
2025-03-17 16:55:48 status unpacked libgif7:amd64 5.1.9-1ubuntu0.1
2025-03-17 16:55:48 status half-configured libgif7:amd64 5.1.9-1ubuntu0.1
2025-03-17 16:55:48 status installed libgif7:amd64 5.1.9-1ubuntu0.1
2025-03-17 16:55:48 configure inotify-tools:amd64 3.14-8 <none>
2025-03-17 16:55:48 status unpacked inotify-tools:amd64 3.14-8
2025-03-17 16:55:48 status half-configured inotify-tools:amd64 3.14-8
2025-03-17 16:55:48 status installed inotify-tools:amd64 3.14-8
2025-03-17 16:55:48 configure libnuma1:amd64 2.0.12-1 <none>
2025-03-17 16:55:48 status unpacked libnuma1:amd64 2.0.12-1
2025-03-17 16:55:48 status half-configured libnuma1:amd64 2.0.12-1
2025-03-17 16:55:48 status installed libnuma1:amd64 2.0.12-1
2025-03-17 16:55:48 configure python-apt-common:all 2.0.1ubuntu0.20.04.1 <none>
2025-03-17 16:55:48 status unpacked python-apt-common:all 2.0.1ubuntu0.20.04.1
2025-03-17 16:55:48 status half-configured python-apt-common:all 2.0.1ubuntu0.20.04.1
2025-03-17 16:55:48 status installed python-apt-common:all 2.0.1ubuntu0.20.04.1
2025-03-17 16:55:48 configure libcrypt-dev:amd64 1:4.4.10-10ubuntu4 <none>
2025-03-17 16:55:48 status unpacked libcrypt-dev:amd64 1:4.4.10-10ubuntu4
2025-03-17 16:55:48 status half-configured libcrypt-dev:amd64 1:4.4.10-10ubuntu4
2025-03-17 16:55:48 status installed libcrypt-dev:amd64 1:4.4.10-10ubuntu4
2025-03-17 16:55:48 configure liburcu6:amd64 0.11.1-2 <none>
2025-03-17 16:55:48 status unpacked liburcu6:amd64 0.11.1-2
2025-03-17 16:55:48 status half-configured liburcu6:amd64 0.11.1-2
2025-03-17 16:55:48 status installed liburcu6:amd64 0.11.1-2
2025-03-17 16:55:48 configure libpam-systemd:amd64 245.4-4ubuntu3.24 <none>
2025-03-17 16:55:48 status unpacked libpam-systemd:amd64 245.4-4ubuntu3.24
2025-03-17 16:55:48 status half-configured libpam-systemd:amd64 245.4-4ubuntu3.24
2025-03-17 16:55:48 status installed libpam-systemd:amd64 245.4-4ubuntu3.24
2025-03-17 16:55:48 configure libisl22:amd64 0.22.1-1 <none>
2025-03-17 16:55:48 status unpacked libisl22:amd64 0.22.1-1
2025-03-17 16:55:48 status half-configured libisl22:amd64 0.22.1-1
2025-03-17 16:55:48 status installed libisl22:amd64 0.22.1-1
2025-03-17 16:55:48 configure libgirepository-1.0-1:amd64 1.64.1-1~ubuntu20.04.1 <none>
2025-03-17 16:55:48 status unpacked libgirepository-1.0-1:amd64 1.64.1-1~ubuntu20.04.1
2025-03-17 16:55:48 status half-configured libgirepository-1.0-1:amd64 1.64.1-1~ubuntu20.04.1
2025-03-17 16:55:48 status installed libgirepository-1.0-1:amd64 1.64.1-1~ubuntu20.04.1
2025-03-17 16:55:48 configure xorg-sgml-doctools:all 1:1.11-1 <none>
2025-03-17 16:55:48 status unpacked xorg-sgml-doctools:all 1:1.11-1
2025-03-17 16:55:48 status half-configured xorg-sgml-doctools:all 1:1.11-1
2025-03-17 16:55:48 status installed xorg-sgml-doctools:all 1:1.11-1
2025-03-17 16:55:48 configure libkrb5-3:amd64 1.17-6ubuntu4.9 <none>
2025-03-17 16:55:48 status unpacked libkrb5-3:amd64 1.17-6ubuntu4.9
2025-03-17 16:55:48 status half-configured libkrb5-3:amd64 1.17-6ubuntu4.9
2025-03-17 16:55:48 status installed libkrb5-3:amd64 1.17-6ubuntu4.9
2025-03-17 16:55:48 configure libstemmer0d:amd64 0+svn585-2 <none>
2025-03-17 16:55:48 status unpacked libstemmer0d:amd64 0+svn585-2
2025-03-17 16:55:48 status half-configured libstemmer0d:amd64 0+svn585-2
2025-03-17 16:55:48 status installed libstemmer0d:amd64 0+svn585-2
2025-03-17 16:55:48 configure libmpdec2:amd64 2.4.2-3 <none>
2025-03-17 16:55:48 status unpacked libmpdec2:amd64 2.4.2-3
2025-03-17 16:55:48 status half-configured libmpdec2:amd64 2.4.2-3
2025-03-17 16:55:48 status installed libmpdec2:amd64 2.4.2-3
2025-03-17 16:55:48 configure glib-networking-common:all 2.64.2-1ubuntu0.1 <none>
2025-03-17 16:55:48 status unpacked glib-networking-common:all 2.64.2-1ubuntu0.1
2025-03-17 16:55:48 status half-configured glib-networking-common:all 2.64.2-1ubuntu0.1
2025-03-17 16:55:48 status installed glib-networking-common:all 2.64.2-1ubuntu0.1
2025-03-17 16:55:48 configure libbinutils:amd64 2.34-6ubuntu1.10 <none>
2025-03-17 16:55:48 status unpacked libbinutils:amd64 2.34-6ubuntu1.10
2025-03-17 16:55:48 status half-configured libbinutils:amd64 2.34-6ubuntu1.10
2025-03-17 16:55:48 status installed libbinutils:amd64 2.34-6ubuntu1.10
2025-03-17 16:55:48 configure libc-dev-bin:amd64 2.31-0ubuntu9.17 <none>
2025-03-17 16:55:48 status unpacked libc-dev-bin:amd64 2.31-0ubuntu9.17
2025-03-17 16:55:48 status half-configured libc-dev-bin:amd64 2.31-0ubuntu9.17
2025-03-17 16:55:48 status installed libc-dev-bin:amd64 2.31-0ubuntu9.17
2025-03-17 16:55:48 configure openssl:amd64 1.1.1f-1ubuntu2.24 <none>
2025-03-17 16:55:48 status unpacked openssl:amd64 1.1.1f-1ubuntu2.24
2025-03-17 16:55:48 status half-configured openssl:amd64 1.1.1f-1ubuntu2.24
2025-03-17 16:55:48 status installed openssl:amd64 1.1.1f-1ubuntu2.24
2025-03-17 16:55:48 configure libbsd0:amd64 0.10.0-1 <none>
2025-03-17 16:55:48 status unpacked libbsd0:amd64 0.10.0-1
2025-03-17 16:55:48 status half-configured libbsd0:amd64 0.10.0-1
2025-03-17 16:55:48 status installed libbsd0:amd64 0.10.0-1
2025-03-17 16:55:48 configure libtinfo5:amd64 6.2-0ubuntu2.1 <none>
2025-03-17 16:55:48 status unpacked libtinfo5:amd64 6.2-0ubuntu2.1
2025-03-17 16:55:48 status half-configured libtinfo5:amd64 6.2-0ubuntu2.1
2025-03-17 16:55:48 status installed libtinfo5:amd64 6.2-0ubuntu2.1
2025-03-17 16:55:48 configure libelf1:amd64 0.176-1.1ubuntu0.1 <none>
2025-03-17 16:55:48 status unpacked libelf1:amd64 0.176-1.1ubuntu0.1
2025-03-17 16:55:48 status half-configured libelf1:amd64 0.176-1.1ubuntu0.1
2025-03-17 16:55:48 status installed libelf1:amd64 0.176-1.1ubuntu0.1
2025-03-17 16:55:48 configure readline-common:all 8.0-4 <none>
2025-03-17 16:55:48 status unpacked readline-common:all 8.0-4
2025-03-17 16:55:48 status half-configured readline-common:all 8.0-4
2025-03-17 16:55:48 status installed readline-common:all 8.0-4
2025-03-17 16:55:48 configure libcc1-0:amd64 10.5.0-1ubuntu1~20.04 <none>
2025-03-17 16:55:48 status unpacked libcc1-0:amd64 10.5.0-1ubuntu1~20.04
2025-03-17 16:55:48 status half-configured libcc1-0:amd64 10.5.0-1ubuntu1~20.04
2025-03-17 16:55:48 status installed libcc1-0:amd64 10.5.0-1ubuntu1~20.04
2025-03-17 16:55:48 configure iso-codes:all 4.4-1 <none>
2025-03-17 16:55:48 status unpacked iso-codes:all 4.4-1
2025-03-17 16:55:48 status half-configured iso-codes:all 4.4-1
2025-03-17 16:55:48 status installed iso-codes:all 4.4-1
2025-03-17 16:55:48 configure libonig5:amd64 6.9.4-1 <none>
2025-03-17 16:55:48 status unpacked libonig5:amd64 6.9.4-1
2025-03-17 16:55:48 status half-configured libonig5:amd64 6.9.4-1
2025-03-17 16:55:48 status installed libonig5:amd64 6.9.4-1
2025-03-17 16:55:48 configure libpolkit-gobject-1-0:amd64 0.105-26ubuntu1.3 <none>
2025-03-17 16:55:48 status unpacked libpolkit-gobject-1-0:amd64 0.105-26ubuntu1.3
2025-03-17 16:55:48 status half-configured libpolkit-gobject-1-0:amd64 0.105-26ubuntu1.3
2025-03-17 16:55:48 status installed libpolkit-gobject-1-0:amd64 0.105-26ubuntu1.3
2025-03-17 16:55:48 configure liblsan0:amd64 10.5.0-1ubuntu1~20.04 <none>
2025-03-17 16:55:48 status unpacked liblsan0:amd64 10.5.0-1ubuntu1~20.04
2025-03-17 16:55:48 status half-configured liblsan0:amd64 10.5.0-1ubuntu1~20.04
2025-03-17 16:55:48 status installed liblsan0:amd64 10.5.0-1ubuntu1~20.04
2025-03-17 16:55:48 configure libgstreamer1.0-0:amd64 1.16.3-0ubuntu1.2 <none>
2025-03-17 16:55:48 status unpacked libgstreamer1.0-0:amd64 1.16.3-0ubuntu1.2
2025-03-17 16:55:48 status half-configured libgstreamer1.0-0:amd64 1.16.3-0ubuntu1.2
2025-03-17 16:55:48 status installed libgstreamer1.0-0:amd64 1.16.3-0ubuntu1.2
2025-03-17 16:55:48 configure libitm1:amd64 10.5.0-1ubuntu1~20.04 <none>
2025-03-17 16:55:48 status unpacked libitm1:amd64 10.5.0-1ubuntu1~20.04
2025-03-17 16:55:48 status half-configured libitm1:amd64 10.5.0-1ubuntu1~20.04
2025-03-17 16:55:48 status installed libitm1:amd64 10.5.0-1ubuntu1~20.04
2025-03-17 16:55:48 configure libheimbase1-heimdal:amd64 7.7.0+dfsg-1ubuntu1.4 <none>
2025-03-17 16:55:48 status unpacked libheimbase1-heimdal:amd64 7.7.0+dfsg-1ubuntu1.4
2025-03-17 16:55:48 status half-configured libheimbase1-heimdal:amd64 7.7.0+dfsg-1ubuntu1.4
2025-03-17 16:55:48 status installed libheimbase1-heimdal:amd64 7.7.0+dfsg-1ubuntu1.4
2025-03-17 16:55:48 configure libgdbm6:amd64 1.18.1-5 <none>
2025-03-17 16:55:48 status unpacked libgdbm6:amd64 1.18.1-5
2025-03-17 16:55:48 status half-configured libgdbm6:amd64 1.18.1-5
2025-03-17 16:55:48 status installed libgdbm6:amd64 1.18.1-5
2025-03-17 16:55:48 configure libpopt0:amd64 1.16-14 <none>
2025-03-17 16:55:48 status unpacked libpopt0:amd64 1.16-14
2025-03-17 16:55:48 status half-configured libpopt0:amd64 1.16-14
2025-03-17 16:55:48 status installed libpopt0:amd64 1.16-14
2025-03-17 16:55:48 configure gcc-9-base:amd64 9.4.0-1ubuntu1~20.04.2 <none>
2025-03-17 16:55:48 status unpacked gcc-9-base:amd64 9.4.0-1ubuntu1~20.04.2
2025-03-17 16:55:48 status half-configured gcc-9-base:amd64 9.4.0-1ubuntu1~20.04.2
2025-03-17 16:55:48 status installed gcc-9-base:amd64 9.4.0-1ubuntu1~20.04.2
2025-03-17 16:55:48 configure libtsan0:amd64 10.5.0-1ubuntu1~20.04 <none>
2025-03-17 16:55:48 status unpacked libtsan0:amd64 10.5.0-1ubuntu1~20.04
2025-03-17 16:55:48 status half-configured libtsan0:amd64 10.5.0-1ubuntu1~20.04
2025-03-17 16:55:48 status installed libtsan0:amd64 10.5.0-1ubuntu1~20.04
2025-03-17 16:55:48 configure libctf0:amd64 2.34-6ubuntu1.10 <none>
2025-03-17 16:55:48 status unpacked libctf0:amd64 2.34-6ubuntu1.10
2025-03-17 16:55:48 status half-configured libctf0:amd64 2.34-6ubuntu1.10
2025-03-17 16:55:48 status installed libctf0:amd64 2.34-6ubuntu1.10
2025-03-17 16:55:48 configure libjpeg8:amd64 8c-2ubuntu8 <none>
2025-03-17 16:55:48 status unpacked libjpeg8:amd64 8c-2ubuntu8
2025-03-17 16:55:48 status half-configured libjpeg8:amd64 8c-2ubuntu8
2025-03-17 16:55:48 status installed libjpeg8:amd64 8c-2ubuntu8
2025-03-17 16:55:48 configure x11proto-dev:all 2019.2-1ubuntu1 <none>
2025-03-17 16:55:48 status unpacked x11proto-dev:all 2019.2-1ubuntu1
2025-03-17 16:55:48 status half-configured x11proto-dev:all 2019.2-1ubuntu1
2025-03-17 16:55:48 status installed x11proto-dev:all 2019.2-1ubuntu1
2025-03-17 16:55:48 configure glib-networking-services:amd64 2.64.2-1ubuntu0.1 <none>
2025-03-17 16:55:48 status unpacked glib-networking-services:amd64 2.64.2-1ubuntu0.1
2025-03-17 16:55:48 status half-configured glib-networking-services:amd64 2.64.2-1ubuntu0.1
2025-03-17 16:55:48 status installed glib-networking-services:amd64 2.64.2-1ubuntu0.1
2025-03-17 16:55:48 configure libice6:amd64 2:1.0.10-0ubuntu1 <none>
2025-03-17 16:55:48 status unpacked libice6:amd64 2:1.0.10-0ubuntu1
2025-03-17 16:55:48 status half-configured libice6:amd64 2:1.0.10-0ubuntu1
2025-03-17 16:55:48 status installed libice6:amd64 2:1.0.10-0ubuntu1
2025-03-17 16:55:48 configure libxdmcp6:amd64 1:1.1.3-0ubuntu1 <none>
2025-03-17 16:55:48 status unpacked libxdmcp6:amd64 1:1.1.3-0ubuntu1
2025-03-17 16:55:48 status half-configured libxdmcp6:amd64 1:1.1.3-0ubuntu1
2025-03-17 16:55:48 status installed libxdmcp6:amd64 1:1.1.3-0ubuntu1
2025-03-17 16:55:48 configure tcl8.6:amd64 8.6.10+dfsg-1 <none>
2025-03-17 16:55:48 status unpacked tcl8.6:amd64 8.6.10+dfsg-1
2025-03-17 16:55:48 status half-configured tcl8.6:amd64 8.6.10+dfsg-1
2025-03-17 16:55:48 status installed tcl8.6:amd64 8.6.10+dfsg-1
2025-03-17 16:55:48 configure libxcb1:amd64 1.14-2 <none>
2025-03-17 16:55:48 status unpacked libxcb1:amd64 1.14-2
2025-03-17 16:55:48 status half-configured libxcb1:amd64 1.14-2
2025-03-17 16:55:48 status installed libxcb1:amd64 1.14-2
2025-03-17 16:55:48 configure libxau-dev:amd64 1:1.0.9-0ubuntu1 <none>
2025-03-17 16:55:48 status unpacked libxau-dev:amd64 1:1.0.9-0ubuntu1
2025-03-17 16:55:48 status half-configured libxau-dev:amd64 1:1.0.9-0ubuntu1
2025-03-17 16:55:48 status installed libxau-dev:amd64 1:1.0.9-0ubuntu1
2025-03-17 16:55:48 configure libice-dev:amd64 2:1.0.10-0ubuntu1 <none>
2025-03-17 16:55:48 status unpacked libice-dev:amd64 2:1.0.10-0ubuntu1
2025-03-17 16:55:48 status half-configured libice-dev:amd64 2:1.0.10-0ubuntu1
2025-03-17 16:55:48 status installed libice-dev:amd64 2:1.0.10-0ubuntu1
2025-03-17 16:55:48 configure libxcb-render0:amd64 1.14-2 <none>
2025-03-17 16:55:48 status unpacked libxcb-render0:amd64 1.14-2
2025-03-17 16:55:48 status half-configured libxcb-render0:amd64 1.14-2
2025-03-17 16:55:48 status installed libxcb-render0:amd64 1.14-2
2025-03-17 16:55:48 configure libjq1:amd64 1.6-1ubuntu0.20.04.1 <none>
2025-03-17 16:55:48 status unpacked libjq1:amd64 1.6-1ubuntu0.20.04.1
2025-03-17 16:55:48 status half-configured libjq1:amd64 1.6-1ubuntu0.20.04.1
2025-03-17 16:55:48 status installed libjq1:amd64 1.6-1ubuntu0.20.04.1
2025-03-17 16:55:48 configure fontconfig-config:all 2.13.1-2ubuntu3 <none>
2025-03-17 16:55:48 status unpacked fontconfig-config:all 2.13.1-2ubuntu3
2025-03-17 16:55:48 status half-configured fontconfig-config:all 2.13.1-2ubuntu3
2025-03-17 16:55:48 status installed fontconfig-config:all 2.13.1-2ubuntu3
2025-03-17 16:55:48 configure libicu66:amd64 66.1-2ubuntu2.1 <none>
2025-03-17 16:55:48 status unpacked libicu66:amd64 66.1-2ubuntu2.1
2025-03-17 16:55:48 status half-configured libicu66:amd64 66.1-2ubuntu2.1
2025-03-17 16:55:48 status installed libicu66:amd64 66.1-2ubuntu2.1
2025-03-17 16:55:48 configure libasn1-8-heimdal:amd64 7.7.0+dfsg-1ubuntu1.4 <none>
2025-03-17 16:55:48 status unpacked libasn1-8-heimdal:amd64 7.7.0+dfsg-1ubuntu1.4
2025-03-17 16:55:48 status half-configured libasn1-8-heimdal:amd64 7.7.0+dfsg-1ubuntu1.4
2025-03-17 16:55:48 status installed libasn1-8-heimdal:amd64 7.7.0+dfsg-1ubuntu1.4
2025-03-17 16:55:48 configure libreadline8:amd64 8.0-4 <none>
2025-03-17 16:55:48 status unpacked libreadline8:amd64 8.0-4
2025-03-17 16:55:48 status half-configured libreadline8:amd64 8.0-4
2025-03-17 16:55:48 status installed libreadline8:amd64 8.0-4
2025-03-17 16:55:48 configure libglib2.0-bin:amd64 2.64.6-1~ubuntu20.04.8 <none>
2025-03-17 16:55:48 status unpacked libglib2.0-bin:amd64 2.64.6-1~ubuntu20.04.8
2025-03-17 16:55:48 status half-configured libglib2.0-bin:amd64 2.64.6-1~ubuntu20.04.8
2025-03-17 16:55:48 status installed libglib2.0-bin:amd64 2.64.6-1~ubuntu20.04.8
2025-03-17 16:55:48 configure m4:amd64 1.4.18-4 <none>
2025-03-17 16:55:48 status unpacked m4:amd64 1.4.18-4
2025-03-17 16:55:48 status half-configured m4:amd64 1.4.18-4
2025-03-17 16:55:48 status installed m4:amd64 1.4.18-4
2025-03-17 16:55:48 configure libxcb-shm0:amd64 1.14-2 <none>
2025-03-17 16:55:48 status unpacked libxcb-shm0:amd64 1.14-2
2025-03-17 16:55:48 status half-configured libxcb-shm0:amd64 1.14-2
2025-03-17 16:55:48 status installed libxcb-shm0:amd64 1.14-2
2025-03-17 16:55:48 configure libncurses5:amd64 6.2-0ubuntu2.1 <none>
2025-03-17 16:55:48 status unpacked libncurses5:amd64 6.2-0ubuntu2.1
2025-03-17 16:55:48 status half-configured libncurses5:amd64 6.2-0ubuntu2.1
2025-03-17 16:55:48 status installed libncurses5:amd64 6.2-0ubuntu2.1
2025-03-17 16:55:48 configure libhcrypto4-heimdal:amd64 7.7.0+dfsg-1ubuntu1.4 <none>
2025-03-17 16:55:48 status unpacked libhcrypto4-heimdal:amd64 7.7.0+dfsg-1ubuntu1.4
2025-03-17 16:55:48 status half-configured libhcrypto4-heimdal:amd64 7.7.0+dfsg-1ubuntu1.4
2025-03-17 16:55:48 status installed libhcrypto4-heimdal:amd64 7.7.0+dfsg-1ubuntu1.4
2025-03-17 16:55:48 configure ca-certificates:all 20240203~20.04.1 <none>
2025-03-17 16:55:48 status unpacked ca-certificates:all 20240203~20.04.1
2025-03-17 16:55:48 status half-configured ca-certificates:all 20240203~20.04.1
2025-03-17 16:55:50 status installed ca-certificates:all 20240203~20.04.1
2025-03-17 16:55:50 status triggers-pending ca-certificates:all 20240203~20.04.1
2025-03-17 16:55:50 configure dbus-user-session:amd64 1.12.16-2ubuntu2.3 <none>
2025-03-17 16:55:50 status unpacked dbus-user-session:amd64 1.12.16-2ubuntu2.3
2025-03-17 16:55:50 status half-configured dbus-user-session:amd64 1.12.16-2ubuntu2.3
2025-03-17 16:55:50 status installed dbus-user-session:amd64 1.12.16-2ubuntu2.3
2025-03-17 16:55:50 configure libasan5:amd64 9.4.0-1ubuntu1~20.04.2 <none>
2025-03-17 16:55:50 status unpacked libasan5:amd64 9.4.0-1ubuntu1~20.04.2
2025-03-17 16:55:50 status half-configured libasan5:amd64 9.4.0-1ubuntu1~20.04.2
2025-03-17 16:55:50 status installed libasan5:amd64 9.4.0-1ubuntu1~20.04.2
2025-03-17 16:55:50 configure libxdmcp-dev:amd64 1:1.1.3-0ubuntu1 <none>
2025-03-17 16:55:50 status unpacked libxdmcp-dev:amd64 1:1.1.3-0ubuntu1
2025-03-17 16:55:50 status half-configured libxdmcp-dev:amd64 1:1.1.3-0ubuntu1
2025-03-17 16:55:50 status installed libxdmcp-dev:amd64 1:1.1.3-0ubuntu1
2025-03-17 16:55:50 configure libwind0-heimdal:amd64 7.7.0+dfsg-1ubuntu1.4 <none>
2025-03-17 16:55:50 status unpacked libwind0-heimdal:amd64 7.7.0+dfsg-1ubuntu1.4
2025-03-17 16:55:50 status half-configured libwind0-heimdal:amd64 7.7.0+dfsg-1ubuntu1.4
2025-03-17 16:55:50 status installed libwind0-heimdal:amd64 7.7.0+dfsg-1ubuntu1.4
2025-03-17 16:55:50 configure libfreetype6:amd64 2.10.1-2ubuntu0.4 <none>
2025-03-17 16:55:50 status unpacked libfreetype6:amd64 2.10.1-2ubuntu0.4
2025-03-17 16:55:50 status half-configured libfreetype6:amd64 2.10.1-2ubuntu0.4
2025-03-17 16:55:50 status installed libfreetype6:amd64 2.10.1-2ubuntu0.4
2025-03-17 16:55:50 configure liblttng-ust-ctl4:amd64 2.11.0-1 <none>
2025-03-17 16:55:50 status unpacked liblttng-ust-ctl4:amd64 2.11.0-1
2025-03-17 16:55:50 status half-configured liblttng-ust-ctl4:amd64 2.11.0-1
2025-03-17 16:55:50 status installed liblttng-ust-ctl4:amd64 2.11.0-1
2025-03-17 16:55:50 configure x11proto-core-dev:all 2019.2-1ubuntu1 <none>
2025-03-17 16:55:50 status unpacked x11proto-core-dev:all 2019.2-1ubuntu1
2025-03-17 16:55:50 status half-configured x11proto-core-dev:all 2019.2-1ubuntu1
2025-03-17 16:55:50 status installed x11proto-core-dev:all 2019.2-1ubuntu1
2025-03-17 16:55:50 configure libgssapi-krb5-2:amd64 1.17-6ubuntu4.9 <none>
2025-03-17 16:55:50 status unpacked libgssapi-krb5-2:amd64 1.17-6ubuntu4.9
2025-03-17 16:55:50 status half-configured libgssapi-krb5-2:amd64 1.17-6ubuntu4.9
2025-03-17 16:55:50 status installed libgssapi-krb5-2:amd64 1.17-6ubuntu4.9
2025-03-17 16:55:50 configure libgdbm-compat4:amd64 1.18.1-5 <none>
2025-03-17 16:55:50 status unpacked libgdbm-compat4:amd64 1.18.1-5
2025-03-17 16:55:50 status half-configured libgdbm-compat4:amd64 1.18.1-5
2025-03-17 16:55:50 status installed libgdbm-compat4:amd64 1.18.1-5
2025-03-17 16:55:50 configure libodbc1:amd64 2.3.6-0.1ubuntu0.1 <none>
2025-03-17 16:55:50 status unpacked libodbc1:amd64 2.3.6-0.1ubuntu0.1
2025-03-17 16:55:50 status half-configured libodbc1:amd64 2.3.6-0.1ubuntu0.1
2025-03-17 16:55:50 status installed libodbc1:amd64 2.3.6-0.1ubuntu0.1
2025-03-17 16:55:50 configure gir1.2-glib-2.0:amd64 1.64.1-1~ubuntu20.04.1 <none>
2025-03-17 16:55:50 status unpacked gir1.2-glib-2.0:amd64 1.64.1-1~ubuntu20.04.1
2025-03-17 16:55:50 status half-configured gir1.2-glib-2.0:amd64 1.64.1-1~ubuntu20.04.1
2025-03-17 16:55:50 status installed gir1.2-glib-2.0:amd64 1.64.1-1~ubuntu20.04.1
2025-03-17 16:55:50 configure libssh-4:amd64 0.9.3-2ubuntu2.5 <none>
2025-03-17 16:55:50 status unpacked libssh-4:amd64 0.9.3-2ubuntu2.5
2025-03-17 16:55:50 status half-configured libssh-4:amd64 0.9.3-2ubuntu2.5
2025-03-17 16:55:50 status installed libssh-4:amd64 0.9.3-2ubuntu2.5
2025-03-17 16:55:50 configure x11proto-xext-dev:all 2019.2-1ubuntu1 <none>
2025-03-17 16:55:50 status unpacked x11proto-xext-dev:all 2019.2-1ubuntu1
2025-03-17 16:55:50 status half-configured x11proto-xext-dev:all 2019.2-1ubuntu1
2025-03-17 16:55:50 status installed x11proto-xext-dev:all 2019.2-1ubuntu1
2025-03-17 16:55:50 configure jq:amd64 1.6-1ubuntu0.20.04.1 <none>
2025-03-17 16:55:50 status unpacked jq:amd64 1.6-1ubuntu0.20.04.1
2025-03-17 16:55:50 status half-configured jq:amd64 1.6-1ubuntu0.20.04.1
2025-03-17 16:55:50 status installed jq:amd64 1.6-1ubuntu0.20.04.1
2025-03-17 16:55:50 configure tcl:amd64 8.6.9+1 <none>
2025-03-17 16:55:50 status unpacked tcl:amd64 8.6.9+1
2025-03-17 16:55:50 status half-configured tcl:amd64 8.6.9+1
2025-03-17 16:55:50 status installed tcl:amd64 8.6.9+1
2025-03-17 16:55:50 configure gpgconf:amd64 2.2.19-3ubuntu2.2 <none>
2025-03-17 16:55:50 status unpacked gpgconf:amd64 2.2.19-3ubuntu2.2
2025-03-17 16:55:50 status half-configured gpgconf:amd64 2.2.19-3ubuntu2.2
2025-03-17 16:55:50 status installed gpgconf:amd64 2.2.19-3ubuntu2.2
2025-03-17 16:55:50 configure cpp-9:amd64 9.4.0-1ubuntu1~20.04.2 <none>
2025-03-17 16:55:50 status unpacked cpp-9:amd64 9.4.0-1ubuntu1~20.04.2
2025-03-17 16:55:50 status half-configured cpp-9:amd64 9.4.0-1ubuntu1~20.04.2
2025-03-17 16:55:50 status installed cpp-9:amd64 9.4.0-1ubuntu1~20.04.2
2025-03-17 16:55:50 configure libperl5.30:amd64 5.30.0-9ubuntu0.5 <none>
2025-03-17 16:55:50 status unpacked libperl5.30:amd64 5.30.0-9ubuntu0.5
2025-03-17 16:55:50 status half-configured libperl5.30:amd64 5.30.0-9ubuntu0.5
2025-03-17 16:55:50 status installed libperl5.30:amd64 5.30.0-9ubuntu0.5
2025-03-17 16:55:50 configure libpolkit-agent-1-0:amd64 0.105-26ubuntu1.3 <none>
2025-03-17 16:55:50 status unpacked libpolkit-agent-1-0:amd64 0.105-26ubuntu1.3
2025-03-17 16:55:50 status half-configured libpolkit-agent-1-0:amd64 0.105-26ubuntu1.3
2025-03-17 16:55:50 status installed libpolkit-agent-1-0:amd64 0.105-26ubuntu1.3
2025-03-17 16:55:50 configure libc6-dev:amd64 2.31-0ubuntu9.17 <none>
2025-03-17 16:55:50 status unpacked libc6-dev:amd64 2.31-0ubuntu9.17
2025-03-17 16:55:50 status half-configured libc6-dev:amd64 2.31-0ubuntu9.17
2025-03-17 16:55:50 status installed libc6-dev:amd64 2.31-0ubuntu9.17
2025-03-17 16:55:50 configure libx11-6:amd64 2:1.6.9-2ubuntu1.6 <none>
2025-03-17 16:55:50 status unpacked libx11-6:amd64 2:1.6.9-2ubuntu1.6
2025-03-17 16:55:50 status half-configured libx11-6:amd64 2:1.6.9-2ubuntu1.6
2025-03-17 16:55:50 status installed libx11-6:amd64 2:1.6.9-2ubuntu1.6
2025-03-17 16:55:50 configure python-pip-whl:all 20.0.2-5ubuntu1.11 <none>
2025-03-17 16:55:50 status unpacked python-pip-whl:all 20.0.2-5ubuntu1.11
2025-03-17 16:55:50 status half-configured python-pip-whl:all 20.0.2-5ubuntu1.11
2025-03-17 16:55:50 status installed python-pip-whl:all 20.0.2-5ubuntu1.11
2025-03-17 16:55:50 configure libtiff5:amd64 4.1.0+git191117-2ubuntu0.20.04.14 <none>
2025-03-17 16:55:50 status unpacked libtiff5:amd64 4.1.0+git191117-2ubuntu0.20.04.14
2025-03-17 16:55:50 status half-configured libtiff5:amd64 4.1.0+git191117-2ubuntu0.20.04.14
2025-03-17 16:55:50 status installed libtiff5:amd64 4.1.0+git191117-2ubuntu0.20.04.14
2025-03-17 16:55:50 configure libfontconfig1:amd64 2.13.1-2ubuntu3 <none>
2025-03-17 16:55:50 status unpacked libfontconfig1:amd64 2.13.1-2ubuntu3
2025-03-17 16:55:50 status half-configured libfontconfig1:amd64 2.13.1-2ubuntu3
2025-03-17 16:55:50 status installed libfontconfig1:amd64 2.13.1-2ubuntu3
2025-03-17 16:55:50 configure liblttng-ust0:amd64 2.11.0-1 <none>
2025-03-17 16:55:50 status unpacked liblttng-ust0:amd64 2.11.0-1
2025-03-17 16:55:50 status half-configured liblttng-ust0:amd64 2.11.0-1
2025-03-17 16:55:50 status installed liblttng-ust0:amd64 2.11.0-1
2025-03-17 16:55:50 configure libpython3.8-stdlib:amd64 3.8.10-0ubuntu1~20.04.16 <none>
2025-03-17 16:55:50 status unpacked libpython3.8-stdlib:amd64 3.8.10-0ubuntu1~20.04.16
2025-03-17 16:55:50 status half-configured libpython3.8-stdlib:amd64 3.8.10-0ubuntu1~20.04.16
2025-03-17 16:55:50 status installed libpython3.8-stdlib:amd64 3.8.10-0ubuntu1~20.04.16
2025-03-17 16:55:50 configure python3.8:amd64 3.8.10-0ubuntu1~20.04.16 <none>
2025-03-17 16:55:50 status unpacked python3.8:amd64 3.8.10-0ubuntu1~20.04.16
2025-03-17 16:55:50 status half-configured python3.8:amd64 3.8.10-0ubuntu1~20.04.16
2025-03-17 16:55:50 status installed python3.8:amd64 3.8.10-0ubuntu1~20.04.16
2025-03-17 16:55:50 configure x11proto-scrnsaver-dev:all 2019.2-1ubuntu1 <none>
2025-03-17 16:55:50 status unpacked x11proto-scrnsaver-dev:all 2019.2-1ubuntu1
2025-03-17 16:55:50 status half-configured x11proto-scrnsaver-dev:all 2019.2-1ubuntu1
2025-03-17 16:55:50 status installed x11proto-scrnsaver-dev:all 2019.2-1ubuntu1
2025-03-17 16:55:50 configure libsm6:amd64 2:1.2.3-1 <none>
2025-03-17 16:55:50 status unpacked libsm6:amd64 2:1.2.3-1
2025-03-17 16:55:50 status half-configured libsm6:amd64 2:1.2.3-1
2025-03-17 16:55:50 status installed libsm6:amd64 2:1.2.3-1
2025-03-17 16:55:50 configure libxml2:amd64 2.9.10+dfsg-5ubuntu0.20.04.9 <none>
2025-03-17 16:55:50 status unpacked libxml2:amd64 2.9.10+dfsg-5ubuntu0.20.04.9
2025-03-17 16:55:50 status half-configured libxml2:amd64 2.9.10+dfsg-5ubuntu0.20.04.9
2025-03-17 16:55:50 status installed libxml2:amd64 2.9.10+dfsg-5ubuntu0.20.04.9
2025-03-17 16:55:50 configure policykit-1:amd64 0.105-26ubuntu1.3 <none>
2025-03-17 16:55:50 status unpacked policykit-1:amd64 0.105-26ubuntu1.3
2025-03-17 16:55:50 status half-configured policykit-1:amd64 0.105-26ubuntu1.3
2025-03-17 16:55:50 status installed policykit-1:amd64 0.105-26ubuntu1.3
2025-03-17 16:55:50 configure sqlite3:amd64 3.31.1-4ubuntu0.6 <none>
2025-03-17 16:55:50 status unpacked sqlite3:amd64 3.31.1-4ubuntu0.6
2025-03-17 16:55:50 status half-configured sqlite3:amd64 3.31.1-4ubuntu0.6
2025-03-17 16:55:50 status installed sqlite3:amd64 3.31.1-4ubuntu0.6
2025-03-17 16:55:50 configure gpg:amd64 2.2.19-3ubuntu2.2 <none>
2025-03-17 16:55:50 status unpacked gpg:amd64 2.2.19-3ubuntu2.2
2025-03-17 16:55:50 status half-configured gpg:amd64 2.2.19-3ubuntu2.2
2025-03-17 16:55:50 status installed gpg:amd64 2.2.19-3ubuntu2.2
2025-03-17 16:55:50 configure rsync:amd64 3.1.3-8ubuntu0.9 <none>
2025-03-17 16:55:50 status unpacked rsync:amd64 3.1.3-8ubuntu0.9
2025-03-17 16:55:50 status half-configured rsync:amd64 3.1.3-8ubuntu0.9
2025-03-17 16:55:50 status installed rsync:amd64 3.1.3-8ubuntu0.9
2025-03-17 16:55:50 configure libpython3-stdlib:amd64 3.8.2-0ubuntu2 <none>
2025-03-17 16:55:50 status unpacked libpython3-stdlib:amd64 3.8.2-0ubuntu2
2025-03-17 16:55:50 status half-configured libpython3-stdlib:amd64 3.8.2-0ubuntu2
2025-03-17 16:55:50 status installed libpython3-stdlib:amd64 3.8.2-0ubuntu2
2025-03-17 16:55:50 configure binutils-x86-64-linux-gnu:amd64 2.34-6ubuntu1.10 <none>
2025-03-17 16:55:50 status unpacked binutils-x86-64-linux-gnu:amd64 2.34-6ubuntu1.10
2025-03-17 16:55:50 status half-configured binutils-x86-64-linux-gnu:amd64 2.34-6ubuntu1.10
2025-03-17 16:55:50 status installed binutils-x86-64-linux-gnu:amd64 2.34-6ubuntu1.10
2025-03-17 16:55:50 configure libxcb1-dev:amd64 1.14-2 <none>
2025-03-17 16:55:50 status unpacked libxcb1-dev:amd64 1.14-2
2025-03-17 16:55:50 status half-configured libxcb1-dev:amd64 1.14-2
2025-03-17 16:55:50 status installed libxcb1-dev:amd64 1.14-2
2025-03-17 16:55:50 configure libxrender1:amd64 1:0.9.10-1 <none>
2025-03-17 16:55:50 status unpacked libxrender1:amd64 1:0.9.10-1
2025-03-17 16:55:50 status half-configured libxrender1:amd64 1:0.9.10-1
2025-03-17 16:55:50 status installed libxrender1:amd64 1:0.9.10-1
2025-03-17 16:55:50 configure libsm-dev:amd64 2:1.2.3-1 <none>
2025-03-17 16:55:50 status unpacked libsm-dev:amd64 2:1.2.3-1
2025-03-17 16:55:50 status half-configured libsm-dev:amd64 2:1.2.3-1
2025-03-17 16:55:50 status installed libsm-dev:amd64 2:1.2.3-1
2025-03-17 16:55:50 configure libhx509-5-heimdal:amd64 7.7.0+dfsg-1ubuntu1.4 <none>
2025-03-17 16:55:50 status unpacked libhx509-5-heimdal:amd64 7.7.0+dfsg-1ubuntu1.4
2025-03-17 16:55:50 status half-configured libhx509-5-heimdal:amd64 7.7.0+dfsg-1ubuntu1.4
2025-03-17 16:55:50 status installed libhx509-5-heimdal:amd64 7.7.0+dfsg-1ubuntu1.4
2025-03-17 16:55:50 configure libx11-dev:amd64 2:1.6.9-2ubuntu1.6 <none>
2025-03-17 16:55:50 status unpacked libx11-dev:amd64 2:1.6.9-2ubuntu1.6
2025-03-17 16:55:50 status half-configured libx11-dev:amd64 2:1.6.9-2ubuntu1.6
2025-03-17 16:55:50 status installed libx11-dev:amd64 2:1.6.9-2ubuntu1.6
2025-03-17 16:55:50 configure libxext6:amd64 2:1.3.4-0ubuntu1 <none>
2025-03-17 16:55:50 status unpacked libxext6:amd64 2:1.3.4-0ubuntu1
2025-03-17 16:55:50 status half-configured libxext6:amd64 2:1.3.4-0ubuntu1
2025-03-17 16:55:50 status installed libxext6:amd64 2:1.3.4-0ubuntu1
2025-03-17 16:55:50 configure dconf-service:amd64 0.36.0-1 <none>
2025-03-17 16:55:50 status unpacked dconf-service:amd64 0.36.0-1
2025-03-17 16:55:50 status half-configured dconf-service:amd64 0.36.0-1
2025-03-17 16:55:50 status installed dconf-service:amd64 0.36.0-1
2025-03-17 16:55:50 configure python3:amd64 3.8.2-0ubuntu2 <none>
2025-03-17 16:55:50 status unpacked python3:amd64 3.8.2-0ubuntu2
2025-03-17 16:55:50 status half-configured python3:amd64 3.8.2-0ubuntu2
2025-03-17 16:55:50 status installed python3:amd64 3.8.2-0ubuntu2
2025-03-17 16:55:50 configure binutils:amd64 2.34-6ubuntu1.10 <none>
2025-03-17 16:55:50 status unpacked binutils:amd64 2.34-6ubuntu1.10
2025-03-17 16:55:50 status half-configured binutils:amd64 2.34-6ubuntu1.10
2025-03-17 16:55:50 status installed binutils:amd64 2.34-6ubuntu1.10
2025-03-17 16:55:50 configure python3-wheel:all 0.34.2-1ubuntu0.1 <none>
2025-03-17 16:55:50 status unpacked python3-wheel:all 0.34.2-1ubuntu0.1
2025-03-17 16:55:50 status half-configured python3-wheel:all 0.34.2-1ubuntu0.1
2025-03-17 16:55:51 status installed python3-wheel:all 0.34.2-1ubuntu0.1
2025-03-17 16:55:51 configure libcairo2:amd64 1.16.0-4ubuntu1 <none>
2025-03-17 16:55:51 status unpacked libcairo2:amd64 1.16.0-4ubuntu1
2025-03-17 16:55:51 status half-configured libcairo2:amd64 1.16.0-4ubuntu1
2025-03-17 16:55:51 status installed libcairo2:amd64 1.16.0-4ubuntu1
2025-03-17 16:55:51 configure python3-six:all 1.14.0-2 <none>
2025-03-17 16:55:51 status unpacked python3-six:all 1.14.0-2
2025-03-17 16:55:51 status half-configured python3-six:all 1.14.0-2
2025-03-17 16:55:51 status installed python3-six:all 1.14.0-2
2025-03-17 16:55:51 configure libgcc-9-dev:amd64 9.4.0-1ubuntu1~20.04.2 <none>
2025-03-17 16:55:51 status unpacked libgcc-9-dev:amd64 9.4.0-1ubuntu1~20.04.2
2025-03-17 16:55:51 status half-configured libgcc-9-dev:amd64 9.4.0-1ubuntu1~20.04.2
2025-03-17 16:55:51 status installed libgcc-9-dev:amd64 9.4.0-1ubuntu1~20.04.2
2025-03-17 16:55:51 configure gir1.2-packagekitglib-1.0:amd64 1.1.13-2ubuntu1.1 <none>
2025-03-17 16:55:51 status unpacked gir1.2-packagekitglib-1.0:amd64 1.1.13-2ubuntu1.1
2025-03-17 16:55:51 status half-configured gir1.2-packagekitglib-1.0:amd64 1.1.13-2ubuntu1.1
2025-03-17 16:55:51 status installed gir1.2-packagekitglib-1.0:amd64 1.1.13-2ubuntu1.1
2025-03-17 16:55:51 configure perl:amd64 5.30.0-9ubuntu0.5 <none>
2025-03-17 16:55:51 status unpacked perl:amd64 5.30.0-9ubuntu0.5
2025-03-17 16:55:51 status half-configured perl:amd64 5.30.0-9ubuntu0.5
2025-03-17 16:55:51 status installed perl:amd64 5.30.0-9ubuntu0.5
2025-03-17 16:55:51 configure libexpat1-dev:amd64 2.2.9-1ubuntu0.8 <none>
2025-03-17 16:55:51 status unpacked libexpat1-dev:amd64 2.2.9-1ubuntu0.8
2025-03-17 16:55:51 status half-configured libexpat1-dev:amd64 2.2.9-1ubuntu0.8
2025-03-17 16:55:51 status installed libexpat1-dev:amd64 2.2.9-1ubuntu0.8
2025-03-17 16:55:51 configure libsqlite3-dev:amd64 3.31.1-4ubuntu0.6 <none>
2025-03-17 16:55:51 status unpacked libsqlite3-dev:amd64 3.31.1-4ubuntu0.6
2025-03-17 16:55:51 status half-configured libsqlite3-dev:amd64 3.31.1-4ubuntu0.6
2025-03-17 16:55:51 status installed libsqlite3-dev:amd64 3.31.1-4ubuntu0.6
2025-03-17 16:55:51 configure python3-certifi:all 2019.11.28-1 <none>
2025-03-17 16:55:51 status unpacked python3-certifi:all 2019.11.28-1
2025-03-17 16:55:51 status half-configured python3-certifi:all 2019.11.28-1
2025-03-17 16:55:51 status installed python3-certifi:all 2019.11.28-1
2025-03-17 16:55:51 configure uuid-dev:amd64 2.34-0.1ubuntu9.6 <none>
2025-03-17 16:55:51 status unpacked uuid-dev:amd64 2.34-0.1ubuntu9.6
2025-03-17 16:55:51 status half-configured uuid-dev:amd64 2.34-0.1ubuntu9.6
2025-03-17 16:55:51 status installed uuid-dev:amd64 2.34-0.1ubuntu9.6
2025-03-17 16:55:51 configure python3-gi:amd64 3.36.0-1 <none>
2025-03-17 16:55:51 status unpacked python3-gi:amd64 3.36.0-1
2025-03-17 16:55:51 status half-configured python3-gi:amd64 3.36.0-1
2025-03-17 16:55:51 status installed python3-gi:amd64 3.36.0-1
2025-03-17 16:55:51 configure python3-idna:all 2.8-1ubuntu0.1 <none>
2025-03-17 16:55:51 status unpacked python3-idna:all 2.8-1ubuntu0.1
2025-03-17 16:55:51 status half-configured python3-idna:all 2.8-1ubuntu0.1
2025-03-17 16:55:51 status installed python3-idna:all 2.8-1ubuntu0.1
2025-03-17 16:55:51 configure libcroco3:amd64 0.6.13-1ubuntu0.1 <none>
2025-03-17 16:55:51 status unpacked libcroco3:amd64 0.6.13-1ubuntu0.1
2025-03-17 16:55:51 status half-configured libcroco3:amd64 0.6.13-1ubuntu0.1
2025-03-17 16:55:51 status installed libcroco3:amd64 0.6.13-1ubuntu0.1
2025-03-17 16:55:51 configure libxt6:amd64 1:1.1.5-1 <none>
2025-03-17 16:55:51 status unpacked libxt6:amd64 1:1.1.5-1
2025-03-17 16:55:51 status half-configured libxt6:amd64 1:1.1.5-1
2025-03-17 16:55:51 status installed libxt6:amd64 1:1.1.5-1
2025-03-17 16:55:51 configure libdpkg-perl:all 1.19.7ubuntu3.2 <none>
2025-03-17 16:55:51 status unpacked libdpkg-perl:all 1.19.7ubuntu3.2
2025-03-17 16:55:51 status half-configured libdpkg-perl:all 1.19.7ubuntu3.2
2025-03-17 16:55:51 status installed libdpkg-perl:all 1.19.7ubuntu3.2
2025-03-17 16:55:51 configure libtime-duration-perl:all 1.21-1 <none>
2025-03-17 16:55:51 status unpacked libtime-duration-perl:all 1.21-1
2025-03-17 16:55:51 status half-configured libtime-duration-perl:all 1.21-1
2025-03-17 16:55:51 status installed libtime-duration-perl:all 1.21-1
2025-03-17 16:55:51 configure autoconf:all 2.69-11.1 <none>
2025-03-17 16:55:51 status unpacked autoconf:all 2.69-11.1
2025-03-17 16:55:51 status half-configured autoconf:all 2.69-11.1
2025-03-17 16:55:51 status installed autoconf:all 2.69-11.1
2025-03-17 16:55:51 configure python3-urllib3:all 1.25.8-2ubuntu0.4 <none>
2025-03-17 16:55:51 status unpacked python3-urllib3:all 1.25.8-2ubuntu0.4
2025-03-17 16:55:51 status half-configured python3-urllib3:all 1.25.8-2ubuntu0.4
2025-03-17 16:55:51 status installed python3-urllib3:all 1.25.8-2ubuntu0.4
2025-03-17 16:55:51 configure libtimedate-perl:all 2.3200-1 <none>
2025-03-17 16:55:51 status unpacked libtimedate-perl:all 2.3200-1
2025-03-17 16:55:51 status half-configured libtimedate-perl:all 2.3200-1
2025-03-17 16:55:51 status installed libtimedate-perl:all 2.3200-1
2025-03-17 16:55:51 configure libxext-dev:amd64 2:1.3.4-0ubuntu1 <none>
2025-03-17 16:55:51 status unpacked libxext-dev:amd64 2:1.3.4-0ubuntu1
2025-03-17 16:55:51 status half-configured libxext-dev:amd64 2:1.3.4-0ubuntu1
2025-03-17 16:55:51 status installed libxext-dev:amd64 2:1.3.4-0ubuntu1
2025-03-17 16:55:51 configure zlib1g-dev:amd64 1:1.2.11.dfsg-2ubuntu1.5 <none>
2025-03-17 16:55:51 status unpacked zlib1g-dev:amd64 1:1.2.11.dfsg-2ubuntu1.5
2025-03-17 16:55:51 status half-configured zlib1g-dev:amd64 1:1.2.11.dfsg-2ubuntu1.5
2025-03-17 16:55:51 status installed zlib1g-dev:amd64 1:1.2.11.dfsg-2ubuntu1.5
2025-03-17 16:55:51 configure cpp:amd64 4:9.3.0-1ubuntu2 <none>
2025-03-17 16:55:51 status unpacked cpp:amd64 4:9.3.0-1ubuntu2
2025-03-17 16:55:51 status half-configured cpp:amd64 4:9.3.0-1ubuntu2
2025-03-17 16:55:51 status installed cpp:amd64 4:9.3.0-1ubuntu2
2025-03-17 16:55:51 configure libxss1:amd64 1:1.2.3-1 <none>
2025-03-17 16:55:51 status unpacked libxss1:amd64 1:1.2.3-1
2025-03-17 16:55:51 status half-configured libxss1:amd64 1:1.2.3-1
2025-03-17 16:55:51 status installed libxss1:amd64 1:1.2.3-1
2025-03-17 16:55:51 configure lsb-release:all 11.1.0ubuntu2 <none>
2025-03-17 16:55:51 status unpacked lsb-release:all 11.1.0ubuntu2
2025-03-17 16:55:51 status half-configured lsb-release:all 11.1.0ubuntu2
2025-03-17 16:55:51 status installed lsb-release:all 11.1.0ubuntu2
2025-03-17 16:55:51 configure python3-lib2to3:all 3.8.10-0ubuntu1~20.04 <none>
2025-03-17 16:55:51 status unpacked python3-lib2to3:all 3.8.10-0ubuntu1~20.04
2025-03-17 16:55:51 status half-configured python3-lib2to3:all 3.8.10-0ubuntu1~20.04
2025-03-17 16:55:51 status installed python3-lib2to3:all 3.8.10-0ubuntu1~20.04
2025-03-17 16:55:51 configure libxrender-dev:amd64 1:0.9.10-1 <none>
2025-03-17 16:55:51 status unpacked libxrender-dev:amd64 1:0.9.10-1
2025-03-17 16:55:51 status half-configured libxrender-dev:amd64 1:0.9.10-1
2025-03-17 16:55:51 status installed libxrender-dev:amd64 1:0.9.10-1
2025-03-17 16:55:51 configure libmysqlclient-dev:amd64 8.0.41-0ubuntu0.20.04.1 <none>
2025-03-17 16:55:51 status unpacked libmysqlclient-dev:amd64 8.0.41-0ubuntu0.20.04.1
2025-03-17 16:55:51 status half-configured libmysqlclient-dev:amd64 8.0.41-0ubuntu0.20.04.1
2025-03-17 16:55:51 status installed libmysqlclient-dev:amd64 8.0.41-0ubuntu0.20.04.1
2025-03-17 16:55:51 configure libkrb5-26-heimdal:amd64 7.7.0+dfsg-1ubuntu1.4 <none>
2025-03-17 16:55:51 status unpacked libkrb5-26-heimdal:amd64 7.7.0+dfsg-1ubuntu1.4
2025-03-17 16:55:51 status half-configured libkrb5-26-heimdal:amd64 7.7.0+dfsg-1ubuntu1.4
2025-03-17 16:55:51 status installed libkrb5-26-heimdal:amd64 7.7.0+dfsg-1ubuntu1.4
2025-03-17 16:55:51 configure python3-pkg-resources:all 45.2.0-1ubuntu0.2 <none>
2025-03-17 16:55:51 status unpacked python3-pkg-resources:all 45.2.0-1ubuntu0.2
2025-03-17 16:55:51 status half-configured python3-pkg-resources:all 45.2.0-1ubuntu0.2
2025-03-17 16:55:51 status installed python3-pkg-resources:all 45.2.0-1ubuntu0.2
2025-03-17 16:55:51 configure automake:all 1:1.16.1-4ubuntu6 <none>
2025-03-17 16:55:51 status unpacked automake:all 1:1.16.1-4ubuntu6
2025-03-17 16:55:51 status half-configured automake:all 1:1.16.1-4ubuntu6
2025-03-17 16:55:51 status installed automake:all 1:1.16.1-4ubuntu6
2025-03-17 16:55:51 configure default-libmysqlclient-dev:amd64 1.0.5ubuntu2 <none>
2025-03-17 16:55:51 status unpacked default-libmysqlclient-dev:amd64 1.0.5ubuntu2
2025-03-17 16:55:51 status half-configured default-libmysqlclient-dev:amd64 1.0.5ubuntu2
2025-03-17 16:55:51 status installed default-libmysqlclient-dev:amd64 1.0.5ubuntu2
2025-03-17 16:55:51 configure python3-distutils:all 3.8.10-0ubuntu1~20.04 <none>
2025-03-17 16:55:51 status unpacked python3-distutils:all 3.8.10-0ubuntu1~20.04
2025-03-17 16:55:51 status half-configured python3-distutils:all 3.8.10-0ubuntu1~20.04
2025-03-17 16:55:52 status installed python3-distutils:all 3.8.10-0ubuntu1~20.04
2025-03-17 16:55:52 configure gcc-9:amd64 9.4.0-1ubuntu1~20.04.2 <none>
2025-03-17 16:55:52 status unpacked gcc-9:amd64 9.4.0-1ubuntu1~20.04.2
2025-03-17 16:55:52 status half-configured gcc-9:amd64 9.4.0-1ubuntu1~20.04.2
2025-03-17 16:55:52 status installed gcc-9:amd64 9.4.0-1ubuntu1~20.04.2
2025-03-17 16:55:52 configure python3-dbus:amd64 1.2.16-1build1 <none>
2025-03-17 16:55:52 status unpacked python3-dbus:amd64 1.2.16-1build1
2025-03-17 16:55:52 status half-configured python3-dbus:amd64 1.2.16-1build1
2025-03-17 16:55:52 status installed python3-dbus:amd64 1.2.16-1build1
2025-03-17 16:55:52 configure libxft2:amd64 2.3.3-0ubuntu1 <none>
2025-03-17 16:55:52 status unpacked libxft2:amd64 2.3.3-0ubuntu1
2025-03-17 16:55:52 status half-configured libxft2:amd64 2.3.3-0ubuntu1
2025-03-17 16:55:52 status installed libxft2:amd64 2.3.3-0ubuntu1
2025-03-17 16:55:52 configure gettext:amd64 0.19.8.1-10build1 <none>
2025-03-17 16:55:52 status unpacked gettext:amd64 0.19.8.1-10build1
2025-03-17 16:55:52 status half-configured gettext:amd64 0.19.8.1-10build1
2025-03-17 16:55:52 status installed gettext:amd64 0.19.8.1-10build1
2025-03-17 16:55:52 configure python3-setuptools:all 45.2.0-1ubuntu0.2 <none>
2025-03-17 16:55:52 status unpacked python3-setuptools:all 45.2.0-1ubuntu0.2
2025-03-17 16:55:52 status half-configured python3-setuptools:all 45.2.0-1ubuntu0.2
2025-03-17 16:55:52 status installed python3-setuptools:all 45.2.0-1ubuntu0.2
2025-03-17 16:55:52 configure libstdc++-9-dev:amd64 9.4.0-1ubuntu1~20.04.2 <none>
2025-03-17 16:55:52 status unpacked libstdc++-9-dev:amd64 9.4.0-1ubuntu1~20.04.2
2025-03-17 16:55:52 status half-configured libstdc++-9-dev:amd64 9.4.0-1ubuntu1~20.04.2
2025-03-17 16:55:52 status installed libstdc++-9-dev:amd64 9.4.0-1ubuntu1~20.04.2
2025-03-17 16:55:52 configure dconf-gsettings-backend:amd64 0.36.0-1 <none>
2025-03-17 16:55:52 status unpacked dconf-gsettings-backend:amd64 0.36.0-1
2025-03-17 16:55:52 status half-configured dconf-gsettings-backend:amd64 0.36.0-1
2025-03-17 16:55:52 status installed dconf-gsettings-backend:amd64 0.36.0-1
2025-03-17 16:55:52 configure libio-pty-perl:amd64 1:1.12-1 <none>
2025-03-17 16:55:52 status unpacked libio-pty-perl:amd64 1:1.12-1
2025-03-17 16:55:52 status half-configured libio-pty-perl:amd64 1:1.12-1
2025-03-17 16:55:52 status installed libio-pty-perl:amd64 1:1.12-1
2025-03-17 16:55:52 configure python3-apt:amd64 2.0.1ubuntu0.20.04.1 <none>
2025-03-17 16:55:52 status unpacked python3-apt:amd64 2.0.1ubuntu0.20.04.1
2025-03-17 16:55:52 status half-configured python3-apt:amd64 2.0.1ubuntu0.20.04.1
2025-03-17 16:55:52 status installed python3-apt:amd64 2.0.1ubuntu0.20.04.1
2025-03-17 16:55:52 configure libtk8.6:amd64 8.6.10-1 <none>
2025-03-17 16:55:52 status unpacked libtk8.6:amd64 8.6.10-1
2025-03-17 16:55:52 status half-configured libtk8.6:amd64 8.6.10-1
2025-03-17 16:55:52 status installed libtk8.6:amd64 8.6.10-1
2025-03-17 16:55:52 configure libpng-dev:amd64 1.6.37-2 <none>
2025-03-17 16:55:52 status unpacked libpng-dev:amd64 1.6.37-2
2025-03-17 16:55:52 status half-configured libpng-dev:amd64 1.6.37-2
2025-03-17 16:55:52 status installed libpng-dev:amd64 1.6.37-2
2025-03-17 16:55:52 configure libgdiplus:amd64 6.0.4+dfsg-2 <none>
2025-03-17 16:55:52 status unpacked libgdiplus:amd64 6.0.4+dfsg-2
2025-03-17 16:55:52 status half-configured libgdiplus:amd64 6.0.4+dfsg-2
2025-03-17 16:55:52 status installed libgdiplus:amd64 6.0.4+dfsg-2
2025-03-17 16:55:52 configure libxss-dev:amd64 1:1.2.3-1 <none>
2025-03-17 16:55:52 status unpacked libxss-dev:amd64 1:1.2.3-1
2025-03-17 16:55:52 status half-configured libxss-dev:amd64 1:1.2.3-1
2025-03-17 16:55:52 status installed libxss-dev:amd64 1:1.2.3-1
2025-03-17 16:55:52 configure libheimntlm0-heimdal:amd64 7.7.0+dfsg-1ubuntu1.4 <none>
2025-03-17 16:55:52 status unpacked libheimntlm0-heimdal:amd64 7.7.0+dfsg-1ubuntu1.4
2025-03-17 16:55:52 status half-configured libheimntlm0-heimdal:amd64 7.7.0+dfsg-1ubuntu1.4
2025-03-17 16:55:52 status installed libheimntlm0-heimdal:amd64 7.7.0+dfsg-1ubuntu1.4
2025-03-17 16:55:52 configure gcc:amd64 4:9.3.0-1ubuntu2 <none>
2025-03-17 16:55:52 status unpacked gcc:amd64 4:9.3.0-1ubuntu2
2025-03-17 16:55:52 status half-configured gcc:amd64 4:9.3.0-1ubuntu2
2025-03-17 16:55:52 status installed gcc:amd64 4:9.3.0-1ubuntu2
2025-03-17 16:55:52 configure dpkg-dev:all 1.19.7ubuntu3.2 <none>
2025-03-17 16:55:52 status unpacked dpkg-dev:all 1.19.7ubuntu3.2
2025-03-17 16:55:52 status half-configured dpkg-dev:all 1.19.7ubuntu3.2
2025-03-17 16:55:52 status installed dpkg-dev:all 1.19.7ubuntu3.2
2025-03-17 16:55:52 configure libfreetype-dev:amd64 2.10.1-2ubuntu0.4 <none>
2025-03-17 16:55:52 status unpacked libfreetype-dev:amd64 2.10.1-2ubuntu0.4
2025-03-17 16:55:52 status half-configured libfreetype-dev:amd64 2.10.1-2ubuntu0.4
2025-03-17 16:55:52 status installed libfreetype-dev:amd64 2.10.1-2ubuntu0.4
2025-03-17 16:55:52 configure libltdl-dev:amd64 2.4.6-14 <none>
2025-03-17 16:55:52 status unpacked libltdl-dev:amd64 2.4.6-14
2025-03-17 16:55:52 status half-configured libltdl-dev:amd64 2.4.6-14
2025-03-17 16:55:52 status installed libltdl-dev:amd64 2.4.6-14
2025-03-17 16:55:52 configure python3-chardet:all 3.0.4-4build1 <none>
2025-03-17 16:55:52 status unpacked python3-chardet:all 3.0.4-4build1
2025-03-17 16:55:52 status half-configured python3-chardet:all 3.0.4-4build1
2025-03-17 16:55:52 status installed python3-chardet:all 3.0.4-4build1
2025-03-17 16:55:52 configure libgssapi3-heimdal:amd64 7.7.0+dfsg-1ubuntu1.4 <none>
2025-03-17 16:55:52 status unpacked libgssapi3-heimdal:amd64 7.7.0+dfsg-1ubuntu1.4
2025-03-17 16:55:52 status half-configured libgssapi3-heimdal:amd64 7.7.0+dfsg-1ubuntu1.4
2025-03-17 16:55:52 status installed libgssapi3-heimdal:amd64 7.7.0+dfsg-1ubuntu1.4
2025-03-17 16:55:52 configure python3-software-properties:all 0.99.9.12 <none>
2025-03-17 16:55:52 status unpacked python3-software-properties:all 0.99.9.12
2025-03-17 16:55:52 status half-configured python3-software-properties:all 0.99.9.12
2025-03-17 16:55:52 status installed python3-software-properties:all 0.99.9.12
2025-03-17 16:55:52 configure libxt-dev:amd64 1:1.1.5-1 <none>
2025-03-17 16:55:52 status unpacked libxt-dev:amd64 1:1.1.5-1
2025-03-17 16:55:52 status half-configured libxt-dev:amd64 1:1.1.5-1
2025-03-17 16:55:52 status installed libxt-dev:amd64 1:1.1.5-1
2025-03-17 16:55:52 configure python3-requests:all 2.22.0-2ubuntu1.1 <none>
2025-03-17 16:55:52 status unpacked python3-requests:all 2.22.0-2ubuntu1.1
2025-03-17 16:55:52 status half-configured python3-requests:all 2.22.0-2ubuntu1.1
2025-03-17 16:55:52 status installed python3-requests:all 2.22.0-2ubuntu1.1
2025-03-17 16:55:52 configure pkg-config:amd64 0.29.1-0ubuntu4 <none>
2025-03-17 16:55:52 status unpacked pkg-config:amd64 0.29.1-0ubuntu4
2025-03-17 16:55:52 status half-configured pkg-config:amd64 0.29.1-0ubuntu4
2025-03-17 16:55:52 status installed pkg-config:amd64 0.29.1-0ubuntu4
2025-03-17 16:55:52 configure libipc-run-perl:all 20180523.0-2 <none>
2025-03-17 16:55:52 status unpacked libipc-run-perl:all 20180523.0-2
2025-03-17 16:55:52 status half-configured libipc-run-perl:all 20180523.0-2
2025-03-17 16:55:52 status installed libipc-run-perl:all 20180523.0-2
2025-03-17 16:55:52 configure python3-pip:all 20.0.2-5ubuntu1.11 <none>
2025-03-17 16:55:52 status unpacked python3-pip:all 20.0.2-5ubuntu1.11
2025-03-17 16:55:52 status half-configured python3-pip:all 20.0.2-5ubuntu1.11
2025-03-17 16:55:53 status installed python3-pip:all 20.0.2-5ubuntu1.11
2025-03-17 16:55:53 configure g++-9:amd64 9.4.0-1ubuntu1~20.04.2 <none>
2025-03-17 16:55:53 status unpacked g++-9:amd64 9.4.0-1ubuntu1~20.04.2
2025-03-17 16:55:53 status half-configured g++-9:amd64 9.4.0-1ubuntu1~20.04.2
2025-03-17 16:55:53 status installed g++-9:amd64 9.4.0-1ubuntu1~20.04.2
2025-03-17 16:55:53 configure g++:amd64 4:9.3.0-1ubuntu2 <none>
2025-03-17 16:55:53 status unpacked g++:amd64 4:9.3.0-1ubuntu2
2025-03-17 16:55:53 status half-configured g++:amd64 4:9.3.0-1ubuntu2
2025-03-17 16:55:53 status installed g++:amd64 4:9.3.0-1ubuntu2
2025-03-17 16:55:53 configure build-essential:amd64 12.8ubuntu1.1 <none>
2025-03-17 16:55:53 status unpacked build-essential:amd64 12.8ubuntu1.1
2025-03-17 16:55:53 status half-configured build-essential:amd64 12.8ubuntu1.1
2025-03-17 16:55:53 status installed build-essential:amd64 12.8ubuntu1.1
2025-03-17 16:55:53 configure gsettings-desktop-schemas:all 3.36.0-1ubuntu1 <none>
2025-03-17 16:55:53 status unpacked gsettings-desktop-schemas:all 3.36.0-1ubuntu1
2025-03-17 16:55:53 status half-configured gsettings-desktop-schemas:all 3.36.0-1ubuntu1
2025-03-17 16:55:53 status installed gsettings-desktop-schemas:all 3.36.0-1ubuntu1
2025-03-17 16:55:53 configure tk8.6:amd64 8.6.10-1 <none>
2025-03-17 16:55:53 status unpacked tk8.6:amd64 8.6.10-1
2025-03-17 16:55:53 status half-configured tk8.6:amd64 8.6.10-1
2025-03-17 16:55:53 status installed tk8.6:amd64 8.6.10-1
2025-03-17 16:55:53 configure moreutils:amd64 0.63-1 <none>
2025-03-17 16:55:53 status unpacked moreutils:amd64 0.63-1
2025-03-17 16:55:53 status half-configured moreutils:amd64 0.63-1
2025-03-17 16:55:53 status installed moreutils:amd64 0.63-1
2025-03-17 16:55:53 configure tcl8.6-dev:amd64 8.6.10+dfsg-1 <none>
2025-03-17 16:55:53 status unpacked tcl8.6-dev:amd64 8.6.10+dfsg-1
2025-03-17 16:55:53 status half-configured tcl8.6-dev:amd64 8.6.10+dfsg-1
2025-03-17 16:55:53 status installed tcl8.6-dev:amd64 8.6.10+dfsg-1
2025-03-17 16:55:53 configure libldap-2.4-2:amd64 2.4.49+dfsg-2ubuntu1.10 <none>
2025-03-17 16:55:53 status unpacked libldap-2.4-2:amd64 2.4.49+dfsg-2ubuntu1.10
2025-03-17 16:55:53 status half-configured libldap-2.4-2:amd64 2.4.49+dfsg-2ubuntu1.10
2025-03-17 16:55:53 status installed libldap-2.4-2:amd64 2.4.49+dfsg-2ubuntu1.10
2025-03-17 16:55:53 configure libfreetype6-dev:amd64 2.10.1-2ubuntu0.4 <none>
2025-03-17 16:55:53 status unpacked libfreetype6-dev:amd64 2.10.1-2ubuntu0.4
2025-03-17 16:55:53 status half-configured libfreetype6-dev:amd64 2.10.1-2ubuntu0.4
2025-03-17 16:55:53 status installed libfreetype6-dev:amd64 2.10.1-2ubuntu0.4
2025-03-17 16:55:53 configure python3-requests-unixsocket:all 0.2.0-2 <none>
2025-03-17 16:55:53 status unpacked python3-requests-unixsocket:all 0.2.0-2
2025-03-17 16:55:53 status half-configured python3-requests-unixsocket:all 0.2.0-2
2025-03-17 16:55:53 status installed python3-requests-unixsocket:all 0.2.0-2
2025-03-17 16:55:53 configure tcl-dev:amd64 8.6.9+1 <none>
2025-03-17 16:55:53 status unpacked tcl-dev:amd64 8.6.9+1
2025-03-17 16:55:53 status half-configured tcl-dev:amd64 8.6.9+1
2025-03-17 16:55:53 status installed tcl-dev:amd64 8.6.9+1
2025-03-17 16:55:53 configure libcurl4:amd64 7.68.0-1ubuntu2.25 <none>
2025-03-17 16:55:53 status unpacked libcurl4:amd64 7.68.0-1ubuntu2.25
2025-03-17 16:55:53 status half-configured libcurl4:amd64 7.68.0-1ubuntu2.25
2025-03-17 16:55:53 status installed libcurl4:amd64 7.68.0-1ubuntu2.25
2025-03-17 16:55:53 configure curl:amd64 7.68.0-1ubuntu2.25 <none>
2025-03-17 16:55:53 status unpacked curl:amd64 7.68.0-1ubuntu2.25
2025-03-17 16:55:53 status half-configured curl:amd64 7.68.0-1ubuntu2.25
2025-03-17 16:55:53 status installed curl:amd64 7.68.0-1ubuntu2.25
2025-03-17 16:55:53 configure glib-networking:amd64 2.64.2-1ubuntu0.1 <none>
2025-03-17 16:55:53 status unpacked glib-networking:amd64 2.64.2-1ubuntu0.1
2025-03-17 16:55:53 status half-configured glib-networking:amd64 2.64.2-1ubuntu0.1
2025-03-17 16:55:53 status installed glib-networking:amd64 2.64.2-1ubuntu0.1
2025-03-17 16:55:53 configure tk:amd64 8.6.9+1 <none>
2025-03-17 16:55:53 status unpacked tk:amd64 8.6.9+1
2025-03-17 16:55:53 status half-configured tk:amd64 8.6.9+1
2025-03-17 16:55:53 status installed tk:amd64 8.6.9+1
2025-03-17 16:55:53 configure libfontconfig1-dev:amd64 2.13.1-2ubuntu3 <none>
2025-03-17 16:55:53 status unpacked libfontconfig1-dev:amd64 2.13.1-2ubuntu3
2025-03-17 16:55:53 status half-configured libfontconfig1-dev:amd64 2.13.1-2ubuntu3
2025-03-17 16:55:53 status installed libfontconfig1-dev:amd64 2.13.1-2ubuntu3
2025-03-17 16:55:53 configure libsoup2.4-1:amd64 2.70.0-1ubuntu0.1 <none>
2025-03-17 16:55:53 status unpacked libsoup2.4-1:amd64 2.70.0-1ubuntu0.1
2025-03-17 16:55:53 status half-configured libsoup2.4-1:amd64 2.70.0-1ubuntu0.1
2025-03-17 16:55:53 status installed libsoup2.4-1:amd64 2.70.0-1ubuntu0.1
2025-03-17 16:55:53 configure libpq5:amd64 12.22-0ubuntu0.20.04.2 <none>
2025-03-17 16:55:53 status unpacked libpq5:amd64 12.22-0ubuntu0.20.04.2
2025-03-17 16:55:53 status half-configured libpq5:amd64 12.22-0ubuntu0.20.04.2
2025-03-17 16:55:53 status installed libpq5:amd64 12.22-0ubuntu0.20.04.2
2025-03-17 16:55:53 configure libpq-dev:amd64 12.22-0ubuntu0.20.04.2 <none>
2025-03-17 16:55:53 status unpacked libpq-dev:amd64 12.22-0ubuntu0.20.04.2
2025-03-17 16:55:53 status half-configured libpq-dev:amd64 12.22-0ubuntu0.20.04.2
2025-03-17 16:55:53 status installed libpq-dev:amd64 12.22-0ubuntu0.20.04.2
2025-03-17 16:55:53 configure libappstream4:amd64 0.12.10-2 <none>
2025-03-17 16:55:53 status unpacked libappstream4:amd64 0.12.10-2
2025-03-17 16:55:53 status half-configured libappstream4:amd64 0.12.10-2
2025-03-17 16:55:53 status installed libappstream4:amd64 0.12.10-2
2025-03-17 16:55:53 configure packagekit:amd64 1.1.13-2ubuntu1.1 <none>
2025-03-17 16:55:53 status unpacked packagekit:amd64 1.1.13-2ubuntu1.1
2025-03-17 16:55:53 status triggers-pending dbus:amd64 1.12.16-2ubuntu2.3
2025-03-17 16:55:53 status half-configured packagekit:amd64 1.1.13-2ubuntu1.1
2025-03-17 16:55:53 status installed packagekit:amd64 1.1.13-2ubuntu1.1
2025-03-17 16:55:53 configure libxft-dev:amd64 2.3.3-0ubuntu1 <none>
2025-03-17 16:55:53 status unpacked libxft-dev:amd64 2.3.3-0ubuntu1
2025-03-17 16:55:53 status half-configured libxft-dev:amd64 2.3.3-0ubuntu1
2025-03-17 16:55:53 status installed libxft-dev:amd64 2.3.3-0ubuntu1
2025-03-17 16:55:53 configure software-properties-common:all 0.99.9.12 <none>
2025-03-17 16:55:53 status unpacked software-properties-common:all 0.99.9.12
2025-03-17 16:55:53 status half-configured software-properties-common:all 0.99.9.12
2025-03-17 16:55:53 status installed software-properties-common:all 0.99.9.12
2025-03-17 16:55:53 configure tk8.6-dev:amd64 8.6.10-1 <none>
2025-03-17 16:55:53 status unpacked tk8.6-dev:amd64 8.6.10-1
2025-03-17 16:55:53 status half-configured tk8.6-dev:amd64 8.6.10-1
2025-03-17 16:55:53 status installed tk8.6-dev:amd64 8.6.10-1
2025-03-17 16:55:53 configure tk-dev:amd64 8.6.9+1 <none>
2025-03-17 16:55:53 status unpacked tk-dev:amd64 8.6.9+1
2025-03-17 16:55:53 status half-configured tk-dev:amd64 8.6.9+1
2025-03-17 16:55:53 status installed tk-dev:amd64 8.6.9+1
2025-03-17 16:55:53 configure odbcinst1debian2:amd64 2.3.6-0.1ubuntu0.1 <none>
2025-03-17 16:55:53 status unpacked odbcinst1debian2:amd64 2.3.6-0.1ubuntu0.1
2025-03-17 16:55:53 status half-configured odbcinst1debian2:amd64 2.3.6-0.1ubuntu0.1
2025-03-17 16:55:53 status installed odbcinst1debian2:amd64 2.3.6-0.1ubuntu0.1
2025-03-17 16:55:53 configure unixodbc-dev:amd64 2.3.6-0.1ubuntu0.1 <none>
2025-03-17 16:55:53 status unpacked unixodbc-dev:amd64 2.3.6-0.1ubuntu0.1
2025-03-17 16:55:53 status half-configured unixodbc-dev:amd64 2.3.6-0.1ubuntu0.1
2025-03-17 16:55:53 status installed unixodbc-dev:amd64 2.3.6-0.1ubuntu0.1
2025-03-17 16:55:53 configure odbcinst:amd64 2.3.6-0.1ubuntu0.1 <none>
2025-03-17 16:55:53 status unpacked odbcinst:amd64 2.3.6-0.1ubuntu0.1
2025-03-17 16:55:53 status half-configured odbcinst:amd64 2.3.6-0.1ubuntu0.1
2025-03-17 16:55:53 status installed odbcinst:amd64 2.3.6-0.1ubuntu0.1
2025-03-17 16:55:53 trigproc libc-bin:amd64 2.31-0ubuntu9.17 <none>
2025-03-17 16:55:53 status half-configured libc-bin:amd64 2.31-0ubuntu9.17
2025-03-17 16:55:53 status installed libc-bin:amd64 2.31-0ubuntu9.17
2025-03-17 16:55:53 trigproc systemd:amd64 245.4-4ubuntu3.24 <none>
2025-03-17 16:55:53 status half-configured systemd:amd64 245.4-4ubuntu3.24
2025-03-17 16:55:53 status installed systemd:amd64 245.4-4ubuntu3.24
2025-03-17 16:55:53 trigproc ca-certificates:all 20240203~20.04.1 <none>
2025-03-17 16:55:53 status half-configured ca-certificates:all 20240203~20.04.1
2025-03-17 16:55:54 status installed ca-certificates:all 20240203~20.04.1
2025-03-17 16:55:54 trigproc dbus:amd64 1.12.16-2ubuntu2.3 <none>
2025-03-17 16:55:54 status half-configured dbus:amd64 1.12.16-2ubuntu2.3
2025-03-17 16:55:54 status installed dbus:amd64 1.12.16-2ubuntu2.3
2025-03-17 16:56:08 startup archives unpack
2025-03-17 16:56:08 install python3-yaml:amd64 <none> 5.3.1-1ubuntu0.1
2025-03-17 16:56:08 status half-installed python3-yaml:amd64 5.3.1-1ubuntu0.1
2025-03-17 16:56:08 status unpacked python3-yaml:amd64 5.3.1-1ubuntu0.1
2025-03-17 16:56:08 install libedit2:amd64 <none> 3.1-20191231-1
2025-03-17 16:56:08 status triggers-pending libc-bin:amd64 2.31-0ubuntu9.17
2025-03-17 16:56:08 status half-installed libedit2:amd64 3.1-20191231-1
2025-03-17 16:56:08 status unpacked libedit2:amd64 3.1-20191231-1
2025-03-17 16:56:08 install libpipeline1:amd64 <none> 1.5.2-2build1
2025-03-17 16:56:08 status half-installed libpipeline1:amd64 1.5.2-2build1
2025-03-17 16:56:08 status unpacked libpipeline1:amd64 1.5.2-2build1
2025-03-17 16:56:08 install libuv1:amd64 <none> 1.34.2-1ubuntu1.5
2025-03-17 16:56:08 status half-installed libuv1:amd64 1.34.2-1ubuntu1.5
2025-03-17 16:56:08 status unpacked libuv1:amd64 1.34.2-1ubuntu1.5
2025-03-17 16:56:08 install binfmt-support:amd64 <none> 2.2.0-2
2025-03-17 16:56:08 status half-installed binfmt-support:amd64 2.2.0-2
2025-03-17 16:56:08 status triggers-pending systemd:amd64 245.4-4ubuntu3.24
2025-03-17 16:56:08 status unpacked binfmt-support:amd64 2.2.0-2
2025-03-17 16:56:08 install libllvm10:amd64 <none> 1:10.0.0-4ubuntu1
2025-03-17 16:56:08 status half-installed libllvm10:amd64 1:10.0.0-4ubuntu1
2025-03-17 16:56:09 status unpacked libllvm10:amd64 1:10.0.0-4ubuntu1
2025-03-17 16:56:09 install libclang-cpp10:amd64 <none> 1:10.0.0-4ubuntu1
2025-03-17 16:56:09 status half-installed libclang-cpp10:amd64 1:10.0.0-4ubuntu1
2025-03-17 16:56:10 status unpacked libclang-cpp10:amd64 1:10.0.0-4ubuntu1
2025-03-17 16:56:10 install libgc1c2:amd64 <none> 1:7.6.4-0.4ubuntu1
2025-03-17 16:56:10 status half-installed libgc1c2:amd64 1:7.6.4-0.4ubuntu1
2025-03-17 16:56:10 status unpacked libgc1c2:amd64 1:7.6.4-0.4ubuntu1
2025-03-17 16:56:10 install libobjc4:amd64 <none> 10.5.0-1ubuntu1~20.04
2025-03-17 16:56:10 status half-installed libobjc4:amd64 10.5.0-1ubuntu1~20.04
2025-03-17 16:56:10 status unpacked libobjc4:amd64 10.5.0-1ubuntu1~20.04
2025-03-17 16:56:10 install libobjc-9-dev:amd64 <none> 9.4.0-1ubuntu1~20.04.2
2025-03-17 16:56:10 status half-installed libobjc-9-dev:amd64 9.4.0-1ubuntu1~20.04.2
2025-03-17 16:56:10 status unpacked libobjc-9-dev:amd64 9.4.0-1ubuntu1~20.04.2
2025-03-17 16:56:10 install libc6-i386:amd64 <none> 2.31-0ubuntu9.17
2025-03-17 16:56:10 status half-installed libc6-i386:amd64 2.31-0ubuntu9.17
2025-03-17 16:56:10 status unpacked libc6-i386:amd64 2.31-0ubuntu9.17
2025-03-17 16:56:10 install lib32gcc-s1:amd64 <none> 10.5.0-1ubuntu1~20.04
2025-03-17 16:56:10 status half-installed lib32gcc-s1:amd64 10.5.0-1ubuntu1~20.04
2025-03-17 16:56:10 status unpacked lib32gcc-s1:amd64 10.5.0-1ubuntu1~20.04
2025-03-17 16:56:10 install lib32stdc++6:amd64 <none> 10.5.0-1ubuntu1~20.04
2025-03-17 16:56:10 status half-installed lib32stdc++6:amd64 10.5.0-1ubuntu1~20.04
2025-03-17 16:56:10 status unpacked lib32stdc++6:amd64 10.5.0-1ubuntu1~20.04
2025-03-17 16:56:10 install libclang-common-10-dev:amd64 <none> 1:10.0.0-4ubuntu1
2025-03-17 16:56:10 status half-installed libclang-common-10-dev:amd64 1:10.0.0-4ubuntu1
2025-03-17 16:56:10 status unpacked libclang-common-10-dev:amd64 1:10.0.0-4ubuntu1
2025-03-17 16:56:10 install libclang1-10:amd64 <none> 1:10.0.0-4ubuntu1
2025-03-17 16:56:10 status half-installed libclang1-10:amd64 1:10.0.0-4ubuntu1
2025-03-17 16:56:11 status unpacked libclang1-10:amd64 1:10.0.0-4ubuntu1
2025-03-17 16:56:11 install clang-10:amd64 <none> 1:10.0.0-4ubuntu1
2025-03-17 16:56:11 status half-installed clang-10:amd64 1:10.0.0-4ubuntu1
2025-03-17 16:56:11 status unpacked clang-10:amd64 1:10.0.0-4ubuntu1
2025-03-17 16:56:11 install clang:amd64 <none> 1:10.0-50~exp1
2025-03-17 16:56:11 status half-installed clang:amd64 1:10.0-50~exp1
2025-03-17 16:56:11 status unpacked clang:amd64 1:10.0-50~exp1
2025-03-17 16:56:11 install cmake-data:all <none> 3.16.3-1ubuntu1.20.04.1
2025-03-17 16:56:11 status half-installed cmake-data:all 3.16.3-1ubuntu1.20.04.1
2025-03-17 16:56:11 status unpacked cmake-data:all 3.16.3-1ubuntu1.20.04.1
2025-03-17 16:56:11 install libarchive13:amd64 <none> 3.4.0-2ubuntu1.4
2025-03-17 16:56:11 status half-installed libarchive13:amd64 3.4.0-2ubuntu1.4
2025-03-17 16:56:11 status unpacked libarchive13:amd64 3.4.0-2ubuntu1.4
2025-03-17 16:56:11 install libjsoncpp1:amd64 <none> 1.7.4-3.1ubuntu2
2025-03-17 16:56:11 status half-installed libjsoncpp1:amd64 1.7.4-3.1ubuntu2
2025-03-17 16:56:11 status unpacked libjsoncpp1:amd64 1.7.4-3.1ubuntu2
2025-03-17 16:56:11 install librhash0:amd64 <none> 1.3.9-1
2025-03-17 16:56:11 status half-installed librhash0:amd64 1.3.9-1
2025-03-17 16:56:11 status unpacked librhash0:amd64 1.3.9-1
2025-03-17 16:56:11 install cmake:amd64 <none> 3.16.3-1ubuntu1.20.04.1
2025-03-17 16:56:11 status half-installed cmake:amd64 3.16.3-1ubuntu1.20.04.1
2025-03-17 16:56:12 status unpacked cmake:amd64 3.16.3-1ubuntu1.20.04.1
2025-03-17 16:56:12 install libtinyxml2-6a:amd64 <none> 7.0.0+dfsg-1build1
2025-03-17 16:56:12 status half-installed libtinyxml2-6a:amd64 7.0.0+dfsg-1build1
2025-03-17 16:56:12 status unpacked libtinyxml2-6a:amd64 7.0.0+dfsg-1build1
2025-03-17 16:56:12 install python3-pygments:all <none> 2.3.1+dfsg-1ubuntu2.2
2025-03-17 16:56:12 status half-installed python3-pygments:all 2.3.1+dfsg-1ubuntu2.2
2025-03-17 16:56:12 status unpacked python3-pygments:all 2.3.1+dfsg-1ubuntu2.2
2025-03-17 16:56:12 install cppcheck:amd64 <none> 1.90-4build1
2025-03-17 16:56:12 status half-installed cppcheck:amd64 1.90-4build1
2025-03-17 16:56:12 status unpacked cppcheck:amd64 1.90-4build1
2025-03-17 16:56:12 install libdw1:amd64 <none> 0.176-1.1ubuntu0.1
2025-03-17 16:56:12 status half-installed libdw1:amd64 0.176-1.1ubuntu0.1
2025-03-17 16:56:12 status unpacked libdw1:amd64 0.176-1.1ubuntu0.1
2025-03-17 16:56:12 install libbabeltrace1:amd64 <none> 1.5.8-1build1
2025-03-17 16:56:12 status half-installed libbabeltrace1:amd64 1.5.8-1build1
2025-03-17 16:56:12 status unpacked libbabeltrace1:amd64 1.5.8-1build1
2025-03-17 16:56:12 install libpython3.8:amd64 <none> 3.8.10-0ubuntu1~20.04.16
2025-03-17 16:56:12 status half-installed libpython3.8:amd64 3.8.10-0ubuntu1~20.04.16
2025-03-17 16:56:12 status unpacked libpython3.8:amd64 3.8.10-0ubuntu1~20.04.16
2025-03-17 16:56:12 install gdb:amd64 <none> 9.2-0ubuntu1~20.04.2
2025-03-17 16:56:12 status half-installed gdb:amd64 9.2-0ubuntu1~20.04.2
2025-03-17 16:56:12 status unpacked gdb:amd64 9.2-0ubuntu1~20.04.2
2025-03-17 16:56:12 install gdbserver:amd64 <none> 9.2-0ubuntu1~20.04.2
2025-03-17 16:56:12 status half-installed gdbserver:amd64 9.2-0ubuntu1~20.04.2
2025-03-17 16:56:12 status unpacked gdbserver:amd64 9.2-0ubuntu1~20.04.2
2025-03-17 16:56:12 install liblldb-10:amd64 <none> 1:10.0.0-4ubuntu1
2025-03-17 16:56:12 status half-installed liblldb-10:amd64 1:10.0.0-4ubuntu1
2025-03-17 16:56:13 status unpacked liblldb-10:amd64 1:10.0.0-4ubuntu1
2025-03-17 16:56:13 install libncurses-dev:amd64 <none> 6.2-0ubuntu2.1
2025-03-17 16:56:13 status half-installed libncurses-dev:amd64 6.2-0ubuntu2.1
2025-03-17 16:56:13 status unpacked libncurses-dev:amd64 6.2-0ubuntu2.1
2025-03-17 16:56:13 install libomp5-10:amd64 <none> 1:10.0.0-4ubuntu1
2025-03-17 16:56:13 status half-installed libomp5-10:amd64 1:10.0.0-4ubuntu1
2025-03-17 16:56:13 status unpacked libomp5-10:amd64 1:10.0.0-4ubuntu1
2025-03-17 16:56:13 install libomp-10-dev:amd64 <none> 1:10.0.0-4ubuntu1
2025-03-17 16:56:13 status half-installed libomp-10-dev:amd64 1:10.0.0-4ubuntu1
2025-03-17 16:56:13 status unpacked libomp-10-dev:amd64 1:10.0.0-4ubuntu1
2025-03-17 16:56:13 install libpython3.8-dev:amd64 <none> 3.8.10-0ubuntu1~20.04.16
2025-03-17 16:56:13 status half-installed libpython3.8-dev:amd64 3.8.10-0ubuntu1~20.04.16
2025-03-17 16:56:13 status unpacked libpython3.8-dev:amd64 3.8.10-0ubuntu1~20.04.16
2025-03-17 16:56:13 install libpython3-dev:amd64 <none> 3.8.2-0ubuntu2
2025-03-17 16:56:13 status half-installed libpython3-dev:amd64 3.8.2-0ubuntu2
2025-03-17 16:56:13 status unpacked libpython3-dev:amd64 3.8.2-0ubuntu2
2025-03-17 16:56:13 install libtinfo-dev:amd64 <none> 6.2-0ubuntu2.1
2025-03-17 16:56:13 status half-installed libtinfo-dev:amd64 6.2-0ubuntu2.1
2025-03-17 16:56:13 status unpacked libtinfo-dev:amd64 6.2-0ubuntu2.1
2025-03-17 16:56:13 install libffi-dev:amd64 <none> 3.3-4
2025-03-17 16:56:13 status half-installed libffi-dev:amd64 3.3-4
2025-03-17 16:56:13 status unpacked libffi-dev:amd64 3.3-4
2025-03-17 16:56:13 install llvm-10-runtime:amd64 <none> 1:10.0.0-4ubuntu1
2025-03-17 16:56:13 status half-installed llvm-10-runtime:amd64 1:10.0.0-4ubuntu1
2025-03-17 16:56:13 status unpacked llvm-10-runtime:amd64 1:10.0.0-4ubuntu1
2025-03-17 16:56:13 install libpfm4:amd64 <none> 4.10.1+git20-g7700f49-2
2025-03-17 16:56:13 status half-installed libpfm4:amd64 4.10.1+git20-g7700f49-2
2025-03-17 16:56:13 status unpacked libpfm4:amd64 4.10.1+git20-g7700f49-2
2025-03-17 16:56:13 install llvm-10:amd64 <none> 1:10.0.0-4ubuntu1
2025-03-17 16:56:13 status half-installed llvm-10:amd64 1:10.0.0-4ubuntu1
2025-03-17 16:56:13 status unpacked llvm-10:amd64 1:10.0.0-4ubuntu1
2025-03-17 16:56:13 install llvm-10-tools:amd64 <none> 1:10.0.0-4ubuntu1
2025-03-17 16:56:13 status half-installed llvm-10-tools:amd64 1:10.0.0-4ubuntu1
2025-03-17 16:56:13 status unpacked llvm-10-tools:amd64 1:10.0.0-4ubuntu1
2025-03-17 16:56:13 install libz3-4:amd64 <none> 4.8.7-4build1
2025-03-17 16:56:13 status half-installed libz3-4:amd64 4.8.7-4build1
2025-03-17 16:56:14 status unpacked libz3-4:amd64 4.8.7-4build1
2025-03-17 16:56:14 install libz3-dev:amd64 <none> 4.8.7-4build1
2025-03-17 16:56:14 status half-installed libz3-dev:amd64 4.8.7-4build1
2025-03-17 16:56:14 status unpacked libz3-dev:amd64 4.8.7-4build1
2025-03-17 16:56:14 install llvm-10-dev:amd64 <none> 1:10.0.0-4ubuntu1
2025-03-17 16:56:14 status half-installed llvm-10-dev:amd64 1:10.0.0-4ubuntu1
2025-03-17 16:56:16 status unpacked llvm-10-dev:amd64 1:10.0.0-4ubuntu1
2025-03-17 16:56:16 install python3-lldb-10:amd64 <none> 1:10.0.0-4ubuntu1
2025-03-17 16:56:16 status half-installed python3-lldb-10:amd64 1:10.0.0-4ubuntu1
2025-03-17 16:56:16 status unpacked python3-lldb-10:amd64 1:10.0.0-4ubuntu1
2025-03-17 16:56:16 install lldb-10:amd64 <none> 1:10.0.0-4ubuntu1
2025-03-17 16:56:16 status half-installed lldb-10:amd64 1:10.0.0-4ubuntu1
2025-03-17 16:56:16 status unpacked lldb-10:amd64 1:10.0.0-4ubuntu1
2025-03-17 16:56:16 install lldb:amd64 <none> 1:10.0-50~exp1
2025-03-17 16:56:16 status half-installed lldb:amd64 1:10.0-50~exp1
2025-03-17 16:56:16 status unpacked lldb:amd64 1:10.0-50~exp1
2025-03-17 16:56:16 install llvm-runtime:amd64 <none> 1:10.0-50~exp1
2025-03-17 16:56:16 status half-installed llvm-runtime:amd64 1:10.0-50~exp1
2025-03-17 16:56:16 status unpacked llvm-runtime:amd64 1:10.0-50~exp1
2025-03-17 16:56:16 install llvm:amd64 <none> 1:10.0-50~exp1
2025-03-17 16:56:16 status half-installed llvm:amd64 1:10.0-50~exp1
2025-03-17 16:56:16 status unpacked llvm:amd64 1:10.0-50~exp1
2025-03-17 16:56:16 install python3.8-dev:amd64 <none> 3.8.10-0ubuntu1~20.04.16
2025-03-17 16:56:16 status half-installed python3.8-dev:amd64 3.8.10-0ubuntu1~20.04.16
2025-03-17 16:56:16 status unpacked python3.8-dev:amd64 3.8.10-0ubuntu1~20.04.16
2025-03-17 16:56:16 install python3-dev:amd64 <none> 3.8.2-0ubuntu2
2025-03-17 16:56:16 status half-installed python3-dev:amd64 3.8.2-0ubuntu2
2025-03-17 16:56:16 status unpacked python3-dev:amd64 3.8.2-0ubuntu2
2025-03-17 16:56:16 install libc6-dbg:amd64 <none> 2.31-0ubuntu9.17
2025-03-17 16:56:16 status half-installed libc6-dbg:amd64 2.31-0ubuntu9.17
2025-03-17 16:56:17 status unpacked libc6-dbg:amd64 2.31-0ubuntu9.17
2025-03-17 16:56:17 install valgrind:amd64 <none> 1:3.15.0-1ubuntu9.1
2025-03-17 16:56:17 status half-installed valgrind:amd64 1:3.15.0-1ubuntu9.1
2025-03-17 16:56:18 status unpacked valgrind:amd64 1:3.15.0-1ubuntu9.1
2025-03-17 16:56:18 startup packages configure
2025-03-17 16:56:18 configure libpipeline1:amd64 1.5.2-2build1 <none>
2025-03-17 16:56:18 status unpacked libpipeline1:amd64 1.5.2-2build1
2025-03-17 16:56:18 status half-configured libpipeline1:amd64 1.5.2-2build1
2025-03-17 16:56:18 status installed libpipeline1:amd64 1.5.2-2build1
2025-03-17 16:56:18 configure libdw1:amd64 0.176-1.1ubuntu0.1 <none>
2025-03-17 16:56:18 status unpacked libdw1:amd64 0.176-1.1ubuntu0.1
2025-03-17 16:56:18 status half-configured libdw1:amd64 0.176-1.1ubuntu0.1
2025-03-17 16:56:18 status installed libdw1:amd64 0.176-1.1ubuntu0.1
2025-03-17 16:56:18 configure libncurses-dev:amd64 6.2-0ubuntu2.1 <none>
2025-03-17 16:56:18 status unpacked libncurses-dev:amd64 6.2-0ubuntu2.1
2025-03-17 16:56:18 status half-configured libncurses-dev:amd64 6.2-0ubuntu2.1
2025-03-17 16:56:18 status installed libncurses-dev:amd64 6.2-0ubuntu2.1
2025-03-17 16:56:18 configure libarchive13:amd64 3.4.0-2ubuntu1.4 <none>
2025-03-17 16:56:18 status unpacked libarchive13:amd64 3.4.0-2ubuntu1.4
2025-03-17 16:56:18 status half-configured libarchive13:amd64 3.4.0-2ubuntu1.4
2025-03-17 16:56:18 status installed libarchive13:amd64 3.4.0-2ubuntu1.4
2025-03-17 16:56:18 configure libgc1c2:amd64 1:7.6.4-0.4ubuntu1 <none>
2025-03-17 16:56:18 status unpacked libgc1c2:amd64 1:7.6.4-0.4ubuntu1
2025-03-17 16:56:18 status half-configured libgc1c2:amd64 1:7.6.4-0.4ubuntu1
2025-03-17 16:56:18 status installed libgc1c2:amd64 1:7.6.4-0.4ubuntu1
2025-03-17 16:56:18 configure libedit2:amd64 3.1-20191231-1 <none>
2025-03-17 16:56:18 status unpacked libedit2:amd64 3.1-20191231-1
2025-03-17 16:56:18 status half-configured libedit2:amd64 3.1-20191231-1
2025-03-17 16:56:18 status installed libedit2:amd64 3.1-20191231-1
2025-03-17 16:56:18 configure python3-yaml:amd64 5.3.1-1ubuntu0.1 <none>
2025-03-17 16:56:18 status unpacked python3-yaml:amd64 5.3.1-1ubuntu0.1
2025-03-17 16:56:18 status half-configured python3-yaml:amd64 5.3.1-1ubuntu0.1
2025-03-17 16:56:18 status installed python3-yaml:amd64 5.3.1-1ubuntu0.1
2025-03-17 16:56:18 configure libtinyxml2-6a:amd64 7.0.0+dfsg-1build1 <none>
2025-03-17 16:56:18 status unpacked libtinyxml2-6a:amd64 7.0.0+dfsg-1build1
2025-03-17 16:56:18 status half-configured libtinyxml2-6a:amd64 7.0.0+dfsg-1build1
2025-03-17 16:56:18 status installed libtinyxml2-6a:amd64 7.0.0+dfsg-1build1
2025-03-17 16:56:18 configure libobjc4:amd64 10.5.0-1ubuntu1~20.04 <none>
2025-03-17 16:56:18 status unpacked libobjc4:amd64 10.5.0-1ubuntu1~20.04
2025-03-17 16:56:18 status half-configured libobjc4:amd64 10.5.0-1ubuntu1~20.04
2025-03-17 16:56:18 status installed libobjc4:amd64 10.5.0-1ubuntu1~20.04
2025-03-17 16:56:18 configure libffi-dev:amd64 3.3-4 <none>
2025-03-17 16:56:18 status unpacked libffi-dev:amd64 3.3-4
2025-03-17 16:56:18 status half-configured libffi-dev:amd64 3.3-4
2025-03-17 16:56:18 status installed libffi-dev:amd64 3.3-4
2025-03-17 16:56:18 configure libc6-dbg:amd64 2.31-0ubuntu9.17 <none>
2025-03-17 16:56:18 status unpacked libc6-dbg:amd64 2.31-0ubuntu9.17
2025-03-17 16:56:18 status half-configured libc6-dbg:amd64 2.31-0ubuntu9.17
2025-03-17 16:56:18 status installed libc6-dbg:amd64 2.31-0ubuntu9.17
2025-03-17 16:56:18 configure libllvm10:amd64 1:10.0.0-4ubuntu1 <none>
2025-03-17 16:56:18 status unpacked libllvm10:amd64 1:10.0.0-4ubuntu1
2025-03-17 16:56:18 status half-configured libllvm10:amd64 1:10.0.0-4ubuntu1
2025-03-17 16:56:18 status installed libllvm10:amd64 1:10.0.0-4ubuntu1
2025-03-17 16:56:18 configure python3-pygments:all 2.3.1+dfsg-1ubuntu2.2 <none>
2025-03-17 16:56:18 status unpacked python3-pygments:all 2.3.1+dfsg-1ubuntu2.2
2025-03-17 16:56:18 status half-configured python3-pygments:all 2.3.1+dfsg-1ubuntu2.2
2025-03-17 16:56:19 status installed python3-pygments:all 2.3.1+dfsg-1ubuntu2.2
2025-03-17 16:56:19 configure libz3-4:amd64 4.8.7-4build1 <none>
2025-03-17 16:56:19 status unpacked libz3-4:amd64 4.8.7-4build1
2025-03-17 16:56:19 status half-configured libz3-4:amd64 4.8.7-4build1
2025-03-17 16:56:19 status installed libz3-4:amd64 4.8.7-4build1
2025-03-17 16:56:19 configure libuv1:amd64 1.34.2-1ubuntu1.5 <none>
2025-03-17 16:56:19 status unpacked libuv1:amd64 1.34.2-1ubuntu1.5
2025-03-17 16:56:19 status half-configured libuv1:amd64 1.34.2-1ubuntu1.5
2025-03-17 16:56:19 status installed libuv1:amd64 1.34.2-1ubuntu1.5
2025-03-17 16:56:19 configure libpfm4:amd64 4.10.1+git20-g7700f49-2 <none>
2025-03-17 16:56:19 status unpacked libpfm4:amd64 4.10.1+git20-g7700f49-2
2025-03-17 16:56:19 status half-configured libpfm4:amd64 4.10.1+git20-g7700f49-2
2025-03-17 16:56:19 status installed libpfm4:amd64 4.10.1+git20-g7700f49-2
2025-03-17 16:56:19 configure libclang1-10:amd64 1:10.0.0-4ubuntu1 <none>
2025-03-17 16:56:19 status unpacked libclang1-10:amd64 1:10.0.0-4ubuntu1
2025-03-17 16:56:19 status half-configured libclang1-10:amd64 1:10.0.0-4ubuntu1
2025-03-17 16:56:19 status installed libclang1-10:amd64 1:10.0.0-4ubuntu1
2025-03-17 16:56:19 configure libpython3.8:amd64 3.8.10-0ubuntu1~20.04.16 <none>
2025-03-17 16:56:19 status unpacked libpython3.8:amd64 3.8.10-0ubuntu1~20.04.16
2025-03-17 16:56:19 status half-configured libpython3.8:amd64 3.8.10-0ubuntu1~20.04.16
2025-03-17 16:56:19 status installed libpython3.8:amd64 3.8.10-0ubuntu1~20.04.16
2025-03-17 16:56:19 configure binfmt-support:amd64 2.2.0-2 <none>
2025-03-17 16:56:19 status unpacked binfmt-support:amd64 2.2.0-2
2025-03-17 16:56:19 status half-configured binfmt-support:amd64 2.2.0-2
2025-03-17 16:56:19 status installed binfmt-support:amd64 2.2.0-2
2025-03-17 16:56:19 configure libobjc-9-dev:amd64 9.4.0-1ubuntu1~20.04.2 <none>
2025-03-17 16:56:19 status unpacked libobjc-9-dev:amd64 9.4.0-1ubuntu1~20.04.2
2025-03-17 16:56:19 status half-configured libobjc-9-dev:amd64 9.4.0-1ubuntu1~20.04.2
2025-03-17 16:56:19 status installed libobjc-9-dev:amd64 9.4.0-1ubuntu1~20.04.2
2025-03-17 16:56:19 configure libbabeltrace1:amd64 1.5.8-1build1 <none>
2025-03-17 16:56:19 status unpacked libbabeltrace1:amd64 1.5.8-1build1
2025-03-17 16:56:19 status half-configured libbabeltrace1:amd64 1.5.8-1build1
2025-03-17 16:56:19 status installed libbabeltrace1:amd64 1.5.8-1build1
2025-03-17 16:56:19 configure cppcheck:amd64 1.90-4build1 <none>
2025-03-17 16:56:19 status unpacked cppcheck:amd64 1.90-4build1
2025-03-17 16:56:19 status half-configured cppcheck:amd64 1.90-4build1
2025-03-17 16:56:19 status installed cppcheck:amd64 1.90-4build1
2025-03-17 16:56:19 configure libomp5-10:amd64 1:10.0.0-4ubuntu1 <none>
2025-03-17 16:56:19 status unpacked libomp5-10:amd64 1:10.0.0-4ubuntu1
2025-03-17 16:56:19 status half-configured libomp5-10:amd64 1:10.0.0-4ubuntu1
2025-03-17 16:56:19 status installed libomp5-10:amd64 1:10.0.0-4ubuntu1
2025-03-17 16:56:19 configure librhash0:amd64 1.3.9-1 <none>
2025-03-17 16:56:19 status unpacked librhash0:amd64 1.3.9-1
2025-03-17 16:56:19 status half-configured librhash0:amd64 1.3.9-1
2025-03-17 16:56:19 status installed librhash0:amd64 1.3.9-1
2025-03-17 16:56:19 configure gdbserver:amd64 9.2-0ubuntu1~20.04.2 <none>
2025-03-17 16:56:19 status unpacked gdbserver:amd64 9.2-0ubuntu1~20.04.2
2025-03-17 16:56:19 status half-configured gdbserver:amd64 9.2-0ubuntu1~20.04.2
2025-03-17 16:56:19 status installed gdbserver:amd64 9.2-0ubuntu1~20.04.2
2025-03-17 16:56:19 configure libc6-i386:amd64 2.31-0ubuntu9.17 <none>
2025-03-17 16:56:19 status unpacked libc6-i386:amd64 2.31-0ubuntu9.17
2025-03-17 16:56:19 status half-configured libc6-i386:amd64 2.31-0ubuntu9.17
2025-03-17 16:56:19 status installed libc6-i386:amd64 2.31-0ubuntu9.17
2025-03-17 16:56:19 configure cmake-data:all 3.16.3-1ubuntu1.20.04.1 <none>
2025-03-17 16:56:19 status unpacked cmake-data:all 3.16.3-1ubuntu1.20.04.1
2025-03-17 16:56:19 status half-configured cmake-data:all 3.16.3-1ubuntu1.20.04.1
2025-03-17 16:56:19 status installed cmake-data:all 3.16.3-1ubuntu1.20.04.1
2025-03-17 16:56:19 configure valgrind:amd64 1:3.15.0-1ubuntu9.1 <none>
2025-03-17 16:56:19 status unpacked valgrind:amd64 1:3.15.0-1ubuntu9.1
2025-03-17 16:56:19 status half-configured valgrind:amd64 1:3.15.0-1ubuntu9.1
2025-03-17 16:56:19 status installed valgrind:amd64 1:3.15.0-1ubuntu9.1
2025-03-17 16:56:19 configure libjsoncpp1:amd64 1.7.4-3.1ubuntu2 <none>
2025-03-17 16:56:19 status unpacked libjsoncpp1:amd64 1.7.4-3.1ubuntu2
2025-03-17 16:56:19 status half-configured libjsoncpp1:amd64 1.7.4-3.1ubuntu2
2025-03-17 16:56:19 status installed libjsoncpp1:amd64 1.7.4-3.1ubuntu2
2025-03-17 16:56:19 configure libtinfo-dev:amd64 6.2-0ubuntu2.1 <none>
2025-03-17 16:56:19 status unpacked libtinfo-dev:amd64 6.2-0ubuntu2.1
2025-03-17 16:56:19 status half-configured libtinfo-dev:amd64 6.2-0ubuntu2.1
2025-03-17 16:56:19 status installed libtinfo-dev:amd64 6.2-0ubuntu2.1
2025-03-17 16:56:19 configure libz3-dev:amd64 4.8.7-4build1 <none>
2025-03-17 16:56:19 status unpacked libz3-dev:amd64 4.8.7-4build1
2025-03-17 16:56:19 status half-configured libz3-dev:amd64 4.8.7-4build1
2025-03-17 16:56:19 status installed libz3-dev:amd64 4.8.7-4build1
2025-03-17 16:56:19 configure llvm-10-tools:amd64 1:10.0.0-4ubuntu1 <none>
2025-03-17 16:56:19 status unpacked llvm-10-tools:amd64 1:10.0.0-4ubuntu1
2025-03-17 16:56:19 status half-configured llvm-10-tools:amd64 1:10.0.0-4ubuntu1
2025-03-17 16:56:19 status installed llvm-10-tools:amd64 1:10.0.0-4ubuntu1
2025-03-17 16:56:19 configure libomp-10-dev:amd64 1:10.0.0-4ubuntu1 <none>
2025-03-17 16:56:19 status unpacked libomp-10-dev:amd64 1:10.0.0-4ubuntu1
2025-03-17 16:56:19 status half-configured libomp-10-dev:amd64 1:10.0.0-4ubuntu1
2025-03-17 16:56:19 status installed libomp-10-dev:amd64 1:10.0.0-4ubuntu1
2025-03-17 16:56:19 configure libclang-cpp10:amd64 1:10.0.0-4ubuntu1 <none>
2025-03-17 16:56:19 status unpacked libclang-cpp10:amd64 1:10.0.0-4ubuntu1
2025-03-17 16:56:19 status half-configured libclang-cpp10:amd64 1:10.0.0-4ubuntu1
2025-03-17 16:56:19 status installed libclang-cpp10:amd64 1:10.0.0-4ubuntu1
2025-03-17 16:56:19 configure llvm-10-runtime:amd64 1:10.0.0-4ubuntu1 <none>
2025-03-17 16:56:19 status unpacked llvm-10-runtime:amd64 1:10.0.0-4ubuntu1
2025-03-17 16:56:19 status half-configured llvm-10-runtime:amd64 1:10.0.0-4ubuntu1
2025-03-17 16:56:19 status installed llvm-10-runtime:amd64 1:10.0.0-4ubuntu1
2025-03-17 16:56:19 configure gdb:amd64 9.2-0ubuntu1~20.04.2 <none>
2025-03-17 16:56:19 status unpacked gdb:amd64 9.2-0ubuntu1~20.04.2
2025-03-17 16:56:19 status half-configured gdb:amd64 9.2-0ubuntu1~20.04.2
2025-03-17 16:56:19 status installed gdb:amd64 9.2-0ubuntu1~20.04.2
2025-03-17 16:56:19 configure libpython3.8-dev:amd64 3.8.10-0ubuntu1~20.04.16 <none>
2025-03-17 16:56:19 status unpacked libpython3.8-dev:amd64 3.8.10-0ubuntu1~20.04.16
2025-03-17 16:56:19 status half-configured libpython3.8-dev:amd64 3.8.10-0ubuntu1~20.04.16
2025-03-17 16:56:19 status installed libpython3.8-dev:amd64 3.8.10-0ubuntu1~20.04.16
2025-03-17 16:56:19 configure lib32gcc-s1:amd64 10.5.0-1ubuntu1~20.04 <none>
2025-03-17 16:56:19 status unpacked lib32gcc-s1:amd64 10.5.0-1ubuntu1~20.04
2025-03-17 16:56:19 status half-configured lib32gcc-s1:amd64 10.5.0-1ubuntu1~20.04
2025-03-17 16:56:19 status installed lib32gcc-s1:amd64 10.5.0-1ubuntu1~20.04
2025-03-17 16:56:19 configure lib32stdc++6:amd64 10.5.0-1ubuntu1~20.04 <none>
2025-03-17 16:56:19 status unpacked lib32stdc++6:amd64 10.5.0-1ubuntu1~20.04
2025-03-17 16:56:19 status half-configured lib32stdc++6:amd64 10.5.0-1ubuntu1~20.04
2025-03-17 16:56:19 status installed lib32stdc++6:amd64 10.5.0-1ubuntu1~20.04
2025-03-17 16:56:19 configure llvm-runtime:amd64 1:10.0-50~exp1 <none>
2025-03-17 16:56:19 status unpacked llvm-runtime:amd64 1:10.0-50~exp1
2025-03-17 16:56:19 status half-configured llvm-runtime:amd64 1:10.0-50~exp1
2025-03-17 16:56:19 status installed llvm-runtime:amd64 1:10.0-50~exp1
2025-03-17 16:56:19 configure liblldb-10:amd64 1:10.0.0-4ubuntu1 <none>
2025-03-17 16:56:19 status unpacked liblldb-10:amd64 1:10.0.0-4ubuntu1
2025-03-17 16:56:19 status half-configured liblldb-10:amd64 1:10.0.0-4ubuntu1
2025-03-17 16:56:19 status installed liblldb-10:amd64 1:10.0.0-4ubuntu1
2025-03-17 16:56:19 configure python3.8-dev:amd64 3.8.10-0ubuntu1~20.04.16 <none>
2025-03-17 16:56:19 status unpacked python3.8-dev:amd64 3.8.10-0ubuntu1~20.04.16
2025-03-17 16:56:19 status half-configured python3.8-dev:amd64 3.8.10-0ubuntu1~20.04.16
2025-03-17 16:56:19 status installed python3.8-dev:amd64 3.8.10-0ubuntu1~20.04.16
2025-03-17 16:56:19 configure cmake:amd64 3.16.3-1ubuntu1.20.04.1 <none>
2025-03-17 16:56:19 status unpacked cmake:amd64 3.16.3-1ubuntu1.20.04.1
2025-03-17 16:56:19 status half-configured cmake:amd64 3.16.3-1ubuntu1.20.04.1
2025-03-17 16:56:19 status installed cmake:amd64 3.16.3-1ubuntu1.20.04.1
2025-03-17 16:56:19 configure libpython3-dev:amd64 3.8.2-0ubuntu2 <none>
2025-03-17 16:56:19 status unpacked libpython3-dev:amd64 3.8.2-0ubuntu2
2025-03-17 16:56:19 status half-configured libpython3-dev:amd64 3.8.2-0ubuntu2
2025-03-17 16:56:19 status installed libpython3-dev:amd64 3.8.2-0ubuntu2
2025-03-17 16:56:19 configure libclang-common-10-dev:amd64 1:10.0.0-4ubuntu1 <none>
2025-03-17 16:56:19 status unpacked libclang-common-10-dev:amd64 1:10.0.0-4ubuntu1
2025-03-17 16:56:19 status half-configured libclang-common-10-dev:amd64 1:10.0.0-4ubuntu1
2025-03-17 16:56:19 status installed libclang-common-10-dev:amd64 1:10.0.0-4ubuntu1
2025-03-17 16:56:19 configure llvm-10:amd64 1:10.0.0-4ubuntu1 <none>
2025-03-17 16:56:19 status unpacked llvm-10:amd64 1:10.0.0-4ubuntu1
2025-03-17 16:56:19 status half-configured llvm-10:amd64 1:10.0.0-4ubuntu1
2025-03-17 16:56:19 status installed llvm-10:amd64 1:10.0.0-4ubuntu1
2025-03-17 16:56:19 configure python3-lldb-10:amd64 1:10.0.0-4ubuntu1 <none>
2025-03-17 16:56:19 status unpacked python3-lldb-10:amd64 1:10.0.0-4ubuntu1
2025-03-17 16:56:19 status half-configured python3-lldb-10:amd64 1:10.0.0-4ubuntu1
2025-03-17 16:56:19 status installed python3-lldb-10:amd64 1:10.0.0-4ubuntu1
2025-03-17 16:56:19 configure llvm-10-dev:amd64 1:10.0.0-4ubuntu1 <none>
2025-03-17 16:56:19 status unpacked llvm-10-dev:amd64 1:10.0.0-4ubuntu1
2025-03-17 16:56:19 status half-configured llvm-10-dev:amd64 1:10.0.0-4ubuntu1
2025-03-17 16:56:19 status installed llvm-10-dev:amd64 1:10.0.0-4ubuntu1
2025-03-17 16:56:19 configure python3-dev:amd64 3.8.2-0ubuntu2 <none>
2025-03-17 16:56:19 status unpacked python3-dev:amd64 3.8.2-0ubuntu2
2025-03-17 16:56:19 status half-configured python3-dev:amd64 3.8.2-0ubuntu2
2025-03-17 16:56:19 status installed python3-dev:amd64 3.8.2-0ubuntu2
2025-03-17 16:56:19 configure llvm:amd64 1:10.0-50~exp1 <none>
2025-03-17 16:56:19 status unpacked llvm:amd64 1:10.0-50~exp1
2025-03-17 16:56:19 status half-configured llvm:amd64 1:10.0-50~exp1
2025-03-17 16:56:19 status installed llvm:amd64 1:10.0-50~exp1
2025-03-17 16:56:19 configure clang-10:amd64 1:10.0.0-4ubuntu1 <none>
2025-03-17 16:56:19 status unpacked clang-10:amd64 1:10.0.0-4ubuntu1
2025-03-17 16:56:19 status half-configured clang-10:amd64 1:10.0.0-4ubuntu1
2025-03-17 16:56:19 status installed clang-10:amd64 1:10.0.0-4ubuntu1
2025-03-17 16:56:19 configure lldb-10:amd64 1:10.0.0-4ubuntu1 <none>
2025-03-17 16:56:19 status unpacked lldb-10:amd64 1:10.0.0-4ubuntu1
2025-03-17 16:56:19 status half-configured lldb-10:amd64 1:10.0.0-4ubuntu1
2025-03-17 16:56:19 status installed lldb-10:amd64 1:10.0.0-4ubuntu1
2025-03-17 16:56:19 configure clang:amd64 1:10.0-50~exp1 <none>
2025-03-17 16:56:19 status unpacked clang:amd64 1:10.0-50~exp1
2025-03-17 16:56:19 status half-configured clang:amd64 1:10.0-50~exp1
2025-03-17 16:56:19 status installed clang:amd64 1:10.0-50~exp1
2025-03-17 16:56:19 configure lldb:amd64 1:10.0-50~exp1 <none>
2025-03-17 16:56:19 status unpacked lldb:amd64 1:10.0-50~exp1
2025-03-17 16:56:19 status half-configured lldb:amd64 1:10.0-50~exp1
2025-03-17 16:56:19 status installed lldb:amd64 1:10.0-50~exp1
2025-03-17 16:56:19 trigproc systemd:amd64 245.4-4ubuntu3.24 <none>
2025-03-17 16:56:19 status half-configured systemd:amd64 245.4-4ubuntu3.24
2025-03-17 16:56:19 status installed systemd:amd64 245.4-4ubuntu3.24
2025-03-17 16:56:19 trigproc libc-bin:amd64 2.31-0ubuntu9.17 <none>
2025-03-17 16:56:19 status half-configured libc-bin:amd64 2.31-0ubuntu9.17
2025-03-17 16:56:19 status installed libc-bin:amd64 2.31-0ubuntu9.17
2025-03-17 16:56:22 startup archives unpack
2025-03-17 16:56:22 install xxd:amd64 <none> 2:8.1.2269-1ubuntu5.31
2025-03-17 16:56:22 status half-installed xxd:amd64 2:8.1.2269-1ubuntu5.31
2025-03-17 16:56:22 status unpacked xxd:amd64 2:8.1.2269-1ubuntu5.31
2025-03-17 16:56:22 install vim-common:all <none> 2:8.1.2269-1ubuntu5.31
2025-03-17 16:56:22 status half-installed vim-common:all 2:8.1.2269-1ubuntu5.31
2025-03-17 16:56:22 status triggers-pending mime-support:all 3.64ubuntu1
2025-03-17 16:56:22 status unpacked vim-common:all 2:8.1.2269-1ubuntu5.31
2025-03-17 16:56:22 install alsa-topology-conf:all <none> 1.2.2-1
2025-03-17 16:56:22 status half-installed alsa-topology-conf:all 1.2.2-1
2025-03-17 16:56:22 status unpacked alsa-topology-conf:all 1.2.2-1
2025-03-17 16:56:22 install alsa-ucm-conf:all <none> 1.2.2-1ubuntu0.13
2025-03-17 16:56:22 status half-installed alsa-ucm-conf:all 1.2.2-1ubuntu0.13
2025-03-17 16:56:22 status unpacked alsa-ucm-conf:all 1.2.2-1ubuntu0.13
2025-03-17 16:56:22 install libsecret-common:all <none> 0.20.4-0ubuntu1
2025-03-17 16:56:22 status half-installed libsecret-common:all 0.20.4-0ubuntu1
2025-03-17 16:56:22 status unpacked libsecret-common:all 0.20.4-0ubuntu1
2025-03-17 16:56:22 install libsecret-1-0:amd64 <none> 0.20.4-0ubuntu1
2025-03-17 16:56:22 status triggers-pending libc-bin:amd64 2.31-0ubuntu9.17
2025-03-17 16:56:22 status half-installed libsecret-1-0:amd64 0.20.4-0ubuntu1
2025-03-17 16:56:22 status unpacked libsecret-1-0:amd64 0.20.4-0ubuntu1
2025-03-17 16:56:22 install gir1.2-secret-1:amd64 <none> 0.20.4-0ubuntu1
2025-03-17 16:56:22 status half-installed gir1.2-secret-1:amd64 0.20.4-0ubuntu1
2025-03-17 16:56:22 status unpacked gir1.2-secret-1:amd64 0.20.4-0ubuntu1
2025-03-17 16:56:22 install libasound2-data:all <none> 1.2.2-2.1ubuntu2.5
2025-03-17 16:56:22 status half-installed libasound2-data:all 1.2.2-2.1ubuntu2.5
2025-03-17 16:56:22 status unpacked libasound2-data:all 1.2.2-2.1ubuntu2.5
2025-03-17 16:56:22 install libasound2:amd64 <none> 1.2.2-2.1ubuntu2.5
2025-03-17 16:56:22 status half-installed libasound2:amd64 1.2.2-2.1ubuntu2.5
2025-03-17 16:56:22 status unpacked libasound2:amd64 1.2.2-2.1ubuntu2.5
2025-03-17 16:56:22 install libtdb1:amd64 <none> 1.4.5-0ubuntu0.20.04.1
2025-03-17 16:56:22 status half-installed libtdb1:amd64 1.4.5-0ubuntu0.20.04.1
2025-03-17 16:56:22 status unpacked libtdb1:amd64 1.4.5-0ubuntu0.20.04.1
2025-03-17 16:56:22 install libogg0:amd64 <none> 1.3.4-0ubuntu1
2025-03-17 16:56:22 status half-installed libogg0:amd64 1.3.4-0ubuntu1
2025-03-17 16:56:22 status unpacked libogg0:amd64 1.3.4-0ubuntu1
2025-03-17 16:56:22 install libvorbis0a:amd64 <none> 1.3.6-2ubuntu1
2025-03-17 16:56:22 status half-installed libvorbis0a:amd64 1.3.6-2ubuntu1
2025-03-17 16:56:22 status unpacked libvorbis0a:amd64 1.3.6-2ubuntu1
2025-03-17 16:56:22 install libvorbisfile3:amd64 <none> 1.3.6-2ubuntu1
2025-03-17 16:56:22 status half-installed libvorbisfile3:amd64 1.3.6-2ubuntu1
2025-03-17 16:56:22 status unpacked libvorbisfile3:amd64 1.3.6-2ubuntu1
2025-03-17 16:56:22 install sound-theme-freedesktop:all <none> 0.8-2ubuntu1
2025-03-17 16:56:22 status half-installed sound-theme-freedesktop:all 0.8-2ubuntu1
2025-03-17 16:56:22 status unpacked sound-theme-freedesktop:all 0.8-2ubuntu1
2025-03-17 16:56:22 install libcanberra0:amd64 <none> 0.30-7ubuntu1
2025-03-17 16:56:22 status half-installed libcanberra0:amd64 0.30-7ubuntu1
2025-03-17 16:56:22 status unpacked libcanberra0:amd64 0.30-7ubuntu1
2025-03-17 16:56:22 install libglib2.0-dev-bin:amd64 <none> 2.64.6-1~ubuntu20.04.8
2025-03-17 16:56:22 status half-installed libglib2.0-dev-bin:amd64 2.64.6-1~ubuntu20.04.8
2025-03-17 16:56:22 status unpacked libglib2.0-dev-bin:amd64 2.64.6-1~ubuntu20.04.8
2025-03-17 16:56:22 install libblkid-dev:amd64 <none> 2.34-0.1ubuntu9.6
2025-03-17 16:56:22 status half-installed libblkid-dev:amd64 2.34-0.1ubuntu9.6
2025-03-17 16:56:22 status unpacked libblkid-dev:amd64 2.34-0.1ubuntu9.6
2025-03-17 16:56:22 install libmount-dev:amd64 <none> 2.34-0.1ubuntu9.6
2025-03-17 16:56:22 status half-installed libmount-dev:amd64 2.34-0.1ubuntu9.6
2025-03-17 16:56:22 status unpacked libmount-dev:amd64 2.34-0.1ubuntu9.6
2025-03-17 16:56:22 install libpcre16-3:amd64 <none> 2:8.39-12ubuntu0.1
2025-03-17 16:56:22 status half-installed libpcre16-3:amd64 2:8.39-12ubuntu0.1
2025-03-17 16:56:22 status unpacked libpcre16-3:amd64 2:8.39-12ubuntu0.1
2025-03-17 16:56:22 install libpcre32-3:amd64 <none> 2:8.39-12ubuntu0.1
2025-03-17 16:56:22 status half-installed libpcre32-3:amd64 2:8.39-12ubuntu0.1
2025-03-17 16:56:23 status unpacked libpcre32-3:amd64 2:8.39-12ubuntu0.1
2025-03-17 16:56:23 install libpcrecpp0v5:amd64 <none> 2:8.39-12ubuntu0.1
2025-03-17 16:56:23 status half-installed libpcrecpp0v5:amd64 2:8.39-12ubuntu0.1
2025-03-17 16:56:23 status unpacked libpcrecpp0v5:amd64 2:8.39-12ubuntu0.1
2025-03-17 16:56:23 install libpcre3-dev:amd64 <none> 2:8.39-12ubuntu0.1
2025-03-17 16:56:23 status half-installed libpcre3-dev:amd64 2:8.39-12ubuntu0.1
2025-03-17 16:56:23 status unpacked libpcre3-dev:amd64 2:8.39-12ubuntu0.1
2025-03-17 16:56:23 install libsepol1-dev:amd64 <none> 3.0-1ubuntu0.1
2025-03-17 16:56:23 status half-installed libsepol1-dev:amd64 3.0-1ubuntu0.1
2025-03-17 16:56:23 status unpacked libsepol1-dev:amd64 3.0-1ubuntu0.1
2025-03-17 16:56:23 install libpcre2-16-0:amd64 <none> 10.34-7ubuntu0.1
2025-03-17 16:56:23 status half-installed libpcre2-16-0:amd64 10.34-7ubuntu0.1
2025-03-17 16:56:23 status unpacked libpcre2-16-0:amd64 10.34-7ubuntu0.1
2025-03-17 16:56:23 install libpcre2-32-0:amd64 <none> 10.34-7ubuntu0.1
2025-03-17 16:56:23 status half-installed libpcre2-32-0:amd64 10.34-7ubuntu0.1
2025-03-17 16:56:23 status unpacked libpcre2-32-0:amd64 10.34-7ubuntu0.1
2025-03-17 16:56:23 install libpcre2-posix2:amd64 <none> 10.34-7ubuntu0.1
2025-03-17 16:56:23 status half-installed libpcre2-posix2:amd64 10.34-7ubuntu0.1
2025-03-17 16:56:23 status unpacked libpcre2-posix2:amd64 10.34-7ubuntu0.1
2025-03-17 16:56:23 install libpcre2-dev:amd64 <none> 10.34-7ubuntu0.1
2025-03-17 16:56:23 status half-installed libpcre2-dev:amd64 10.34-7ubuntu0.1
2025-03-17 16:56:23 status unpacked libpcre2-dev:amd64 10.34-7ubuntu0.1
2025-03-17 16:56:23 install libselinux1-dev:amd64 <none> 3.0-1build2
2025-03-17 16:56:23 status half-installed libselinux1-dev:amd64 3.0-1build2
2025-03-17 16:56:23 status unpacked libselinux1-dev:amd64 3.0-1build2
2025-03-17 16:56:23 install libglib2.0-dev:amd64 <none> 2.64.6-1~ubuntu20.04.8
2025-03-17 16:56:23 status half-installed libglib2.0-dev:amd64 2.64.6-1~ubuntu20.04.8
2025-03-17 16:56:23 status triggers-pending libglib2.0-0:amd64 2.64.6-1~ubuntu20.04.8
2025-03-17 16:56:23 status unpacked libglib2.0-dev:amd64 2.64.6-1~ubuntu20.04.8
2025-03-17 16:56:23 install libgpm2:amd64 <none> 1.20.7-5
2025-03-17 16:56:23 status half-installed libgpm2:amd64 1.20.7-5
2025-03-17 16:56:23 status unpacked libgpm2:amd64 1.20.7-5
2025-03-17 16:56:23 install libsecret-1-dev:amd64 <none> 0.20.4-0ubuntu1
2025-03-17 16:56:23 status half-installed libsecret-1-dev:amd64 0.20.4-0ubuntu1
2025-03-17 16:56:23 status unpacked libsecret-1-dev:amd64 0.20.4-0ubuntu1
2025-03-17 16:56:23 install vim-runtime:all <none> 2:8.1.2269-1ubuntu5.31
2025-03-17 16:56:23 status half-installed vim-runtime:all 2:8.1.2269-1ubuntu5.31
2025-03-17 16:56:24 status unpacked vim-runtime:all 2:8.1.2269-1ubuntu5.31
2025-03-17 16:56:24 install vim:amd64 <none> 2:8.1.2269-1ubuntu5.31
2025-03-17 16:56:24 status half-installed vim:amd64 2:8.1.2269-1ubuntu5.31
2025-03-17 16:56:24 status unpacked vim:amd64 2:8.1.2269-1ubuntu5.31
2025-03-17 16:56:24 install vim-doc:all <none> 2:8.1.2269-1ubuntu5.31
2025-03-17 16:56:24 status half-installed vim-doc:all 2:8.1.2269-1ubuntu5.31
2025-03-17 16:56:24 status unpacked vim-doc:all 2:8.1.2269-1ubuntu5.31
2025-03-17 16:56:24 install xtail:amd64 <none> 2.1-6
2025-03-17 16:56:24 status half-installed xtail:amd64 2.1-6
2025-03-17 16:56:24 status unpacked xtail:amd64 2.1-6
2025-03-17 16:56:24 startup packages configure
2025-03-17 16:56:24 configure libpcrecpp0v5:amd64 2:8.39-12ubuntu0.1 <none>
2025-03-17 16:56:24 status unpacked libpcrecpp0v5:amd64 2:8.39-12ubuntu0.1
2025-03-17 16:56:24 status half-configured libpcrecpp0v5:amd64 2:8.39-12ubuntu0.1
2025-03-17 16:56:24 status installed libpcrecpp0v5:amd64 2:8.39-12ubuntu0.1
2025-03-17 16:56:24 configure libglib2.0-dev-bin:amd64 2.64.6-1~ubuntu20.04.8 <none>
2025-03-17 16:56:24 status unpacked libglib2.0-dev-bin:amd64 2.64.6-1~ubuntu20.04.8
2025-03-17 16:56:24 status half-configured libglib2.0-dev-bin:amd64 2.64.6-1~ubuntu20.04.8
2025-03-17 16:56:24 status installed libglib2.0-dev-bin:amd64 2.64.6-1~ubuntu20.04.8
2025-03-17 16:56:24 configure libblkid-dev:amd64 2.34-0.1ubuntu9.6 <none>
2025-03-17 16:56:24 status unpacked libblkid-dev:amd64 2.34-0.1ubuntu9.6
2025-03-17 16:56:24 status half-configured libblkid-dev:amd64 2.34-0.1ubuntu9.6
2025-03-17 16:56:24 status installed libblkid-dev:amd64 2.34-0.1ubuntu9.6
2025-03-17 16:56:24 configure libgpm2:amd64 1.20.7-5 <none>
2025-03-17 16:56:24 status unpacked libgpm2:amd64 1.20.7-5
2025-03-17 16:56:24 status half-configured libgpm2:amd64 1.20.7-5
2025-03-17 16:56:24 status installed libgpm2:amd64 1.20.7-5
2025-03-17 16:56:24 configure libogg0:amd64 1.3.4-0ubuntu1 <none>
2025-03-17 16:56:24 status unpacked libogg0:amd64 1.3.4-0ubuntu1
2025-03-17 16:56:24 status half-configured libogg0:amd64 1.3.4-0ubuntu1
2025-03-17 16:56:24 status installed libogg0:amd64 1.3.4-0ubuntu1
2025-03-17 16:56:24 configure libpcre16-3:amd64 2:8.39-12ubuntu0.1 <none>
2025-03-17 16:56:24 status unpacked libpcre16-3:amd64 2:8.39-12ubuntu0.1
2025-03-17 16:56:24 status half-configured libpcre16-3:amd64 2:8.39-12ubuntu0.1
2025-03-17 16:56:24 status installed libpcre16-3:amd64 2:8.39-12ubuntu0.1
2025-03-17 16:56:24 configure alsa-ucm-conf:all 1.2.2-1ubuntu0.13 <none>
2025-03-17 16:56:24 status unpacked alsa-ucm-conf:all 1.2.2-1ubuntu0.13
2025-03-17 16:56:24 status half-configured alsa-ucm-conf:all 1.2.2-1ubuntu0.13
2025-03-17 16:56:24 status installed alsa-ucm-conf:all 1.2.2-1ubuntu0.13
2025-03-17 16:56:24 configure libtdb1:amd64 1.4.5-0ubuntu0.20.04.1 <none>
2025-03-17 16:56:24 status unpacked libtdb1:amd64 1.4.5-0ubuntu0.20.04.1
2025-03-17 16:56:24 status half-configured libtdb1:amd64 1.4.5-0ubuntu0.20.04.1
2025-03-17 16:56:24 status installed libtdb1:amd64 1.4.5-0ubuntu0.20.04.1
2025-03-17 16:56:24 configure libsepol1-dev:amd64 3.0-1ubuntu0.1 <none>
2025-03-17 16:56:24 status unpacked libsepol1-dev:amd64 3.0-1ubuntu0.1
2025-03-17 16:56:24 status half-configured libsepol1-dev:amd64 3.0-1ubuntu0.1
2025-03-17 16:56:24 status installed libsepol1-dev:amd64 3.0-1ubuntu0.1
2025-03-17 16:56:24 configure vim-doc:all 2:8.1.2269-1ubuntu5.31 <none>
2025-03-17 16:56:24 status unpacked vim-doc:all 2:8.1.2269-1ubuntu5.31
2025-03-17 16:56:24 status half-configured vim-doc:all 2:8.1.2269-1ubuntu5.31
2025-03-17 16:56:24 status installed vim-doc:all 2:8.1.2269-1ubuntu5.31
2025-03-17 16:56:24 configure libpcre2-16-0:amd64 10.34-7ubuntu0.1 <none>
2025-03-17 16:56:24 status unpacked libpcre2-16-0:amd64 10.34-7ubuntu0.1
2025-03-17 16:56:24 status half-configured libpcre2-16-0:amd64 10.34-7ubuntu0.1
2025-03-17 16:56:24 status installed libpcre2-16-0:amd64 10.34-7ubuntu0.1
2025-03-17 16:56:24 configure xxd:amd64 2:8.1.2269-1ubuntu5.31 <none>
2025-03-17 16:56:24 status unpacked xxd:amd64 2:8.1.2269-1ubuntu5.31
2025-03-17 16:56:24 status half-configured xxd:amd64 2:8.1.2269-1ubuntu5.31
2025-03-17 16:56:24 status installed xxd:amd64 2:8.1.2269-1ubuntu5.31
2025-03-17 16:56:24 configure libasound2-data:all 1.2.2-2.1ubuntu2.5 <none>
2025-03-17 16:56:24 status unpacked libasound2-data:all 1.2.2-2.1ubuntu2.5
2025-03-17 16:56:24 status half-configured libasound2-data:all 1.2.2-2.1ubuntu2.5
2025-03-17 16:56:24 status installed libasound2-data:all 1.2.2-2.1ubuntu2.5
2025-03-17 16:56:24 configure libpcre2-32-0:amd64 10.34-7ubuntu0.1 <none>
2025-03-17 16:56:24 status unpacked libpcre2-32-0:amd64 10.34-7ubuntu0.1
2025-03-17 16:56:24 status half-configured libpcre2-32-0:amd64 10.34-7ubuntu0.1
2025-03-17 16:56:24 status installed libpcre2-32-0:amd64 10.34-7ubuntu0.1
2025-03-17 16:56:24 configure vim-common:all 2:8.1.2269-1ubuntu5.31 <none>
2025-03-17 16:56:24 status unpacked vim-common:all 2:8.1.2269-1ubuntu5.31
2025-03-17 16:56:24 status half-configured vim-common:all 2:8.1.2269-1ubuntu5.31
2025-03-17 16:56:24 status installed vim-common:all 2:8.1.2269-1ubuntu5.31
2025-03-17 16:56:24 configure libpcre32-3:amd64 2:8.39-12ubuntu0.1 <none>
2025-03-17 16:56:24 status unpacked libpcre32-3:amd64 2:8.39-12ubuntu0.1
2025-03-17 16:56:24 status half-configured libpcre32-3:amd64 2:8.39-12ubuntu0.1
2025-03-17 16:56:24 status installed libpcre32-3:amd64 2:8.39-12ubuntu0.1
2025-03-17 16:56:24 configure libvorbis0a:amd64 1.3.6-2ubuntu1 <none>
2025-03-17 16:56:24 status unpacked libvorbis0a:amd64 1.3.6-2ubuntu1
2025-03-17 16:56:24 status half-configured libvorbis0a:amd64 1.3.6-2ubuntu1
2025-03-17 16:56:24 status installed libvorbis0a:amd64 1.3.6-2ubuntu1
2025-03-17 16:56:24 configure libpcre2-posix2:amd64 10.34-7ubuntu0.1 <none>
2025-03-17 16:56:24 status unpacked libpcre2-posix2:amd64 10.34-7ubuntu0.1
2025-03-17 16:56:24 status half-configured libpcre2-posix2:amd64 10.34-7ubuntu0.1
2025-03-17 16:56:24 status installed libpcre2-posix2:amd64 10.34-7ubuntu0.1
2025-03-17 16:56:24 configure alsa-topology-conf:all 1.2.2-1 <none>
2025-03-17 16:56:24 status unpacked alsa-topology-conf:all 1.2.2-1
2025-03-17 16:56:24 status half-configured alsa-topology-conf:all 1.2.2-1
2025-03-17 16:56:24 status installed alsa-topology-conf:all 1.2.2-1
2025-03-17 16:56:24 configure xtail:amd64 2.1-6 <none>
2025-03-17 16:56:24 status unpacked xtail:amd64 2.1-6
2025-03-17 16:56:24 status half-configured xtail:amd64 2.1-6
2025-03-17 16:56:24 status installed xtail:amd64 2.1-6
2025-03-17 16:56:24 configure sound-theme-freedesktop:all 0.8-2ubuntu1 <none>
2025-03-17 16:56:24 status unpacked sound-theme-freedesktop:all 0.8-2ubuntu1
2025-03-17 16:56:24 status half-configured sound-theme-freedesktop:all 0.8-2ubuntu1
2025-03-17 16:56:24 status installed sound-theme-freedesktop:all 0.8-2ubuntu1
2025-03-17 16:56:24 configure libasound2:amd64 1.2.2-2.1ubuntu2.5 <none>
2025-03-17 16:56:24 status unpacked libasound2:amd64 1.2.2-2.1ubuntu2.5
2025-03-17 16:56:24 status half-configured libasound2:amd64 1.2.2-2.1ubuntu2.5
2025-03-17 16:56:24 status installed libasound2:amd64 1.2.2-2.1ubuntu2.5
2025-03-17 16:56:24 configure vim-runtime:all 2:8.1.2269-1ubuntu5.31 <none>
2025-03-17 16:56:24 status unpacked vim-runtime:all 2:8.1.2269-1ubuntu5.31
2025-03-17 16:56:24 status half-configured vim-runtime:all 2:8.1.2269-1ubuntu5.31
2025-03-17 16:56:24 status installed vim-runtime:all 2:8.1.2269-1ubuntu5.31
2025-03-17 16:56:24 configure libmount-dev:amd64 2.34-0.1ubuntu9.6 <none>
2025-03-17 16:56:24 status unpacked libmount-dev:amd64 2.34-0.1ubuntu9.6
2025-03-17 16:56:24 status half-configured libmount-dev:amd64 2.34-0.1ubuntu9.6
2025-03-17 16:56:24 status installed libmount-dev:amd64 2.34-0.1ubuntu9.6
2025-03-17 16:56:24 configure libsecret-common:all 0.20.4-0ubuntu1 <none>
2025-03-17 16:56:24 status unpacked libsecret-common:all 0.20.4-0ubuntu1
2025-03-17 16:56:24 status half-configured libsecret-common:all 0.20.4-0ubuntu1
2025-03-17 16:56:24 status installed libsecret-common:all 0.20.4-0ubuntu1
2025-03-17 16:56:24 configure libpcre2-dev:amd64 10.34-7ubuntu0.1 <none>
2025-03-17 16:56:24 status unpacked libpcre2-dev:amd64 10.34-7ubuntu0.1
2025-03-17 16:56:24 status half-configured libpcre2-dev:amd64 10.34-7ubuntu0.1
2025-03-17 16:56:24 status installed libpcre2-dev:amd64 10.34-7ubuntu0.1
2025-03-17 16:56:24 configure libselinux1-dev:amd64 3.0-1build2 <none>
2025-03-17 16:56:24 status unpacked libselinux1-dev:amd64 3.0-1build2
2025-03-17 16:56:24 status half-configured libselinux1-dev:amd64 3.0-1build2
2025-03-17 16:56:24 status installed libselinux1-dev:amd64 3.0-1build2
2025-03-17 16:56:24 configure libpcre3-dev:amd64 2:8.39-12ubuntu0.1 <none>
2025-03-17 16:56:24 status unpacked libpcre3-dev:amd64 2:8.39-12ubuntu0.1
2025-03-17 16:56:24 status half-configured libpcre3-dev:amd64 2:8.39-12ubuntu0.1
2025-03-17 16:56:24 status installed libpcre3-dev:amd64 2:8.39-12ubuntu0.1
2025-03-17 16:56:24 configure libvorbisfile3:amd64 1.3.6-2ubuntu1 <none>
2025-03-17 16:56:24 status unpacked libvorbisfile3:amd64 1.3.6-2ubuntu1
2025-03-17 16:56:24 status half-configured libvorbisfile3:amd64 1.3.6-2ubuntu1
2025-03-17 16:56:24 status installed libvorbisfile3:amd64 1.3.6-2ubuntu1
2025-03-17 16:56:24 configure libsecret-1-0:amd64 0.20.4-0ubuntu1 <none>
2025-03-17 16:56:24 status unpacked libsecret-1-0:amd64 0.20.4-0ubuntu1
2025-03-17 16:56:24 status half-configured libsecret-1-0:amd64 0.20.4-0ubuntu1
2025-03-17 16:56:24 status installed libsecret-1-0:amd64 0.20.4-0ubuntu1
2025-03-17 16:56:24 configure gir1.2-secret-1:amd64 0.20.4-0ubuntu1 <none>
2025-03-17 16:56:24 status unpacked gir1.2-secret-1:amd64 0.20.4-0ubuntu1
2025-03-17 16:56:24 status half-configured gir1.2-secret-1:amd64 0.20.4-0ubuntu1
2025-03-17 16:56:24 status installed gir1.2-secret-1:amd64 0.20.4-0ubuntu1
2025-03-17 16:56:24 configure libglib2.0-dev:amd64 2.64.6-1~ubuntu20.04.8 <none>
2025-03-17 16:56:24 status unpacked libglib2.0-dev:amd64 2.64.6-1~ubuntu20.04.8
2025-03-17 16:56:24 status half-configured libglib2.0-dev:amd64 2.64.6-1~ubuntu20.04.8
2025-03-17 16:56:24 status triggers-awaited libglib2.0-dev:amd64 2.64.6-1~ubuntu20.04.8
2025-03-17 16:56:24 configure libcanberra0:amd64 0.30-7ubuntu1 <none>
2025-03-17 16:56:24 status unpacked libcanberra0:amd64 0.30-7ubuntu1
2025-03-17 16:56:24 status half-configured libcanberra0:amd64 0.30-7ubuntu1
2025-03-17 16:56:24 status installed libcanberra0:amd64 0.30-7ubuntu1
2025-03-17 16:56:24 configure vim:amd64 2:8.1.2269-1ubuntu5.31 <none>
2025-03-17 16:56:24 status unpacked vim:amd64 2:8.1.2269-1ubuntu5.31
2025-03-17 16:56:24 status half-configured vim:amd64 2:8.1.2269-1ubuntu5.31
2025-03-17 16:56:24 status installed vim:amd64 2:8.1.2269-1ubuntu5.31
2025-03-17 16:56:24 trigproc mime-support:all 3.64ubuntu1 <none>
2025-03-17 16:56:24 status half-configured mime-support:all 3.64ubuntu1
2025-03-17 16:56:24 status installed mime-support:all 3.64ubuntu1
2025-03-17 16:56:24 trigproc libglib2.0-0:amd64 2.64.6-1~ubuntu20.04.8 <none>
2025-03-17 16:56:24 status half-configured libglib2.0-0:amd64 2.64.6-1~ubuntu20.04.8
2025-03-17 16:56:24 status installed libglib2.0-dev:amd64 2.64.6-1~ubuntu20.04.8
2025-03-17 16:56:24 status installed libglib2.0-0:amd64 2.64.6-1~ubuntu20.04.8
2025-03-17 16:56:24 trigproc libc-bin:amd64 2.31-0ubuntu9.17 <none>
2025-03-17 16:56:24 status half-configured libc-bin:amd64 2.31-0ubuntu9.17
2025-03-17 16:56:24 status installed libc-bin:amd64 2.31-0ubuntu9.17
2025-03-17 16:56:24 configure libsecret-1-dev:amd64 0.20.4-0ubuntu1 <none>
2025-03-17 16:56:24 status unpacked libsecret-1-dev:amd64 0.20.4-0ubuntu1
2025-03-17 16:56:24 status half-configured libsecret-1-dev:amd64 0.20.4-0ubuntu1
2025-03-17 16:56:24 status installed libsecret-1-dev:amd64 0.20.4-0ubuntu1
2025-03-17 16:56:28 startup archives unpack
2025-03-17 16:56:28 install libfribidi0:amd64 <none> 1.0.8-2ubuntu0.1
2025-03-17 16:56:28 status triggers-pending libc-bin:amd64 2.31-0ubuntu9.17
2025-03-17 16:56:28 status half-installed libfribidi0:amd64 1.0.8-2ubuntu0.1
2025-03-17 16:56:28 status unpacked libfribidi0:amd64 1.0.8-2ubuntu0.1
2025-03-17 16:56:28 install shared-mime-info:amd64 <none> 1.15-1
2025-03-17 16:56:28 status half-installed shared-mime-info:amd64 1.15-1
2025-03-17 16:56:28 status unpacked shared-mime-info:amd64 1.15-1
2025-03-17 16:56:28 install xkb-data:all <none> 2.29-2
2025-03-17 16:56:28 status half-installed xkb-data:all 2.29-2
2025-03-17 16:56:28 status unpacked xkb-data:all 2.29-2
2025-03-17 16:56:28 install libdrm-common:all <none> 2.4.107-8ubuntu1~20.04.2
2025-03-17 16:56:28 status half-installed libdrm-common:all 2.4.107-8ubuntu1~20.04.2
2025-03-17 16:56:28 status unpacked libdrm-common:all 2.4.107-8ubuntu1~20.04.2
2025-03-17 16:56:28 install libdrm2:amd64 <none> 2.4.107-8ubuntu1~20.04.2
2025-03-17 16:56:28 status half-installed libdrm2:amd64 2.4.107-8ubuntu1~20.04.2
2025-03-17 16:56:28 status unpacked libdrm2:amd64 2.4.107-8ubuntu1~20.04.2
2025-03-17 16:56:28 install hicolor-icon-theme:all <none> 0.17-2
2025-03-17 16:56:28 status half-installed hicolor-icon-theme:all 0.17-2
2025-03-17 16:56:28 status unpacked hicolor-icon-theme:all 0.17-2
2025-03-17 16:56:28 install libgdk-pixbuf2.0-common:all <none> 2.40.0+dfsg-3ubuntu0.5
2025-03-17 16:56:28 status half-installed libgdk-pixbuf2.0-common:all 2.40.0+dfsg-3ubuntu0.5
2025-03-17 16:56:28 status unpacked libgdk-pixbuf2.0-common:all 2.40.0+dfsg-3ubuntu0.5
2025-03-17 16:56:28 install libgdk-pixbuf2.0-0:amd64 <none> 2.40.0+dfsg-3ubuntu0.5
2025-03-17 16:56:28 status half-installed libgdk-pixbuf2.0-0:amd64 2.40.0+dfsg-3ubuntu0.5
2025-03-17 16:56:28 status unpacked libgdk-pixbuf2.0-0:amd64 2.40.0+dfsg-3ubuntu0.5
2025-03-17 16:56:28 install gtk-update-icon-cache:amd64 <none> 3.24.20-0ubuntu1.2
2025-03-17 16:56:28 status half-installed gtk-update-icon-cache:amd64 3.24.20-0ubuntu1.2
2025-03-17 16:56:28 status unpacked gtk-update-icon-cache:amd64 3.24.20-0ubuntu1.2
2025-03-17 16:56:28 install libcairo-gobject2:amd64 <none> 1.16.0-4ubuntu1
2025-03-17 16:56:28 status half-installed libcairo-gobject2:amd64 1.16.0-4ubuntu1
2025-03-17 16:56:28 status unpacked libcairo-gobject2:amd64 1.16.0-4ubuntu1
2025-03-17 16:56:28 install fontconfig:amd64 <none> 2.13.1-2ubuntu3
2025-03-17 16:56:28 status half-installed fontconfig:amd64 2.13.1-2ubuntu3
2025-03-17 16:56:28 status unpacked fontconfig:amd64 2.13.1-2ubuntu3
2025-03-17 16:56:28 install libgraphite2-3:amd64 <none> 1.3.13-11build1
2025-03-17 16:56:28 status half-installed libgraphite2-3:amd64 1.3.13-11build1
2025-03-17 16:56:28 status unpacked libgraphite2-3:amd64 1.3.13-11build1
2025-03-17 16:56:28 install libharfbuzz0b:amd64 <none> 2.6.4-1ubuntu4.3
2025-03-17 16:56:28 status half-installed libharfbuzz0b:amd64 2.6.4-1ubuntu4.3
2025-03-17 16:56:28 status unpacked libharfbuzz0b:amd64 2.6.4-1ubuntu4.3
2025-03-17 16:56:28 install libthai-data:all <none> 0.1.28-3
2025-03-17 16:56:28 status half-installed libthai-data:all 0.1.28-3
2025-03-17 16:56:28 status unpacked libthai-data:all 0.1.28-3
2025-03-17 16:56:28 install libdatrie1:amd64 <none> 0.2.12-3
2025-03-17 16:56:28 status half-installed libdatrie1:amd64 0.2.12-3
2025-03-17 16:56:28 status unpacked libdatrie1:amd64 0.2.12-3
2025-03-17 16:56:28 install libthai0:amd64 <none> 0.1.28-3
2025-03-17 16:56:28 status half-installed libthai0:amd64 0.1.28-3
2025-03-17 16:56:28 status unpacked libthai0:amd64 0.1.28-3
2025-03-17 16:56:28 install libpango-1.0-0:amd64 <none> 1.44.7-2ubuntu4
2025-03-17 16:56:28 status half-installed libpango-1.0-0:amd64 1.44.7-2ubuntu4
2025-03-17 16:56:28 status unpacked libpango-1.0-0:amd64 1.44.7-2ubuntu4
2025-03-17 16:56:28 install libpangoft2-1.0-0:amd64 <none> 1.44.7-2ubuntu4
2025-03-17 16:56:28 status half-installed libpangoft2-1.0-0:amd64 1.44.7-2ubuntu4
2025-03-17 16:56:28 status unpacked libpangoft2-1.0-0:amd64 1.44.7-2ubuntu4
2025-03-17 16:56:28 install libpangocairo-1.0-0:amd64 <none> 1.44.7-2ubuntu4
2025-03-17 16:56:28 status half-installed libpangocairo-1.0-0:amd64 1.44.7-2ubuntu4
2025-03-17 16:56:28 status unpacked libpangocairo-1.0-0:amd64 1.44.7-2ubuntu4
2025-03-17 16:56:28 install librsvg2-2:amd64 <none> 2.48.9-1ubuntu0.20.04.4
2025-03-17 16:56:28 status half-installed librsvg2-2:amd64 2.48.9-1ubuntu0.20.04.4
2025-03-17 16:56:28 status unpacked librsvg2-2:amd64 2.48.9-1ubuntu0.20.04.4
2025-03-17 16:56:28 install librsvg2-common:amd64 <none> 2.48.9-1ubuntu0.20.04.4
2025-03-17 16:56:28 status half-installed librsvg2-common:amd64 2.48.9-1ubuntu0.20.04.4
2025-03-17 16:56:28 status unpacked librsvg2-common:amd64 2.48.9-1ubuntu0.20.04.4
2025-03-17 16:56:28 install humanity-icon-theme:all <none> 0.6.15
2025-03-17 16:56:28 status half-installed humanity-icon-theme:all 0.6.15
2025-03-17 16:56:29 status unpacked humanity-icon-theme:all 0.6.15
2025-03-17 16:56:29 install ubuntu-mono:all <none> 19.04-0ubuntu3
2025-03-17 16:56:29 status half-installed ubuntu-mono:all 19.04-0ubuntu3
2025-03-17 16:56:30 status unpacked ubuntu-mono:all 19.04-0ubuntu3
2025-03-17 16:56:30 install adwaita-icon-theme:all <none> 3.36.1-2ubuntu0.20.04.2
2025-03-17 16:56:30 status half-installed adwaita-icon-theme:all 3.36.1-2ubuntu0.20.04.2
2025-03-17 16:56:30 status unpacked adwaita-icon-theme:all 3.36.1-2ubuntu0.20.04.2
2025-03-17 16:56:30 install libatk1.0-data:all <none> 2.35.1-1ubuntu2
2025-03-17 16:56:30 status half-installed libatk1.0-data:all 2.35.1-1ubuntu2
2025-03-17 16:56:30 status unpacked libatk1.0-data:all 2.35.1-1ubuntu2
2025-03-17 16:56:30 install libatk1.0-0:amd64 <none> 2.35.1-1ubuntu2
2025-03-17 16:56:30 status half-installed libatk1.0-0:amd64 2.35.1-1ubuntu2
2025-03-17 16:56:30 status unpacked libatk1.0-0:amd64 2.35.1-1ubuntu2
2025-03-17 16:56:30 install libatspi2.0-0:amd64 <none> 2.36.0-2
2025-03-17 16:56:30 status half-installed libatspi2.0-0:amd64 2.36.0-2
2025-03-17 16:56:30 status unpacked libatspi2.0-0:amd64 2.36.0-2
2025-03-17 16:56:30 install libatk-bridge2.0-0:amd64 <none> 2.34.2-0ubuntu2~20.04.1
2025-03-17 16:56:30 status half-installed libatk-bridge2.0-0:amd64 2.34.2-0ubuntu2~20.04.1
2025-03-17 16:56:30 status unpacked libatk-bridge2.0-0:amd64 2.34.2-0ubuntu2~20.04.1
2025-03-17 16:56:30 install libavahi-common-data:amd64 <none> 0.7-4ubuntu7.3
2025-03-17 16:56:30 status half-installed libavahi-common-data:amd64 0.7-4ubuntu7.3
2025-03-17 16:56:30 status unpacked libavahi-common-data:amd64 0.7-4ubuntu7.3
2025-03-17 16:56:30 install libavahi-common3:amd64 <none> 0.7-4ubuntu7.3
2025-03-17 16:56:30 status half-installed libavahi-common3:amd64 0.7-4ubuntu7.3
2025-03-17 16:56:30 status unpacked libavahi-common3:amd64 0.7-4ubuntu7.3
2025-03-17 16:56:30 install libavahi-client3:amd64 <none> 0.7-4ubuntu7.3
2025-03-17 16:56:30 status half-installed libavahi-client3:amd64 0.7-4ubuntu7.3
2025-03-17 16:56:30 status unpacked libavahi-client3:amd64 0.7-4ubuntu7.3
2025-03-17 16:56:30 install liblcms2-2:amd64 <none> 2.9-4
2025-03-17 16:56:30 status half-installed liblcms2-2:amd64 2.9-4
2025-03-17 16:56:30 status unpacked liblcms2-2:amd64 2.9-4
2025-03-17 16:56:30 install libcolord2:amd64 <none> 1.4.4-2
2025-03-17 16:56:30 status half-installed libcolord2:amd64 1.4.4-2
2025-03-17 16:56:30 status unpacked libcolord2:amd64 1.4.4-2
2025-03-17 16:56:30 install libcups2:amd64 <none> 2.3.1-9ubuntu1.9
2025-03-17 16:56:30 status half-installed libcups2:amd64 2.3.1-9ubuntu1.9
2025-03-17 16:56:30 status unpacked libcups2:amd64 2.3.1-9ubuntu1.9
2025-03-17 16:56:30 install libepoxy0:amd64 <none> 1.5.4-1
2025-03-17 16:56:30 status half-installed libepoxy0:amd64 1.5.4-1
2025-03-17 16:56:30 status unpacked libepoxy0:amd64 1.5.4-1
2025-03-17 16:56:30 install libwayland-server0:amd64 <none> 1.18.0-1ubuntu0.1
2025-03-17 16:56:30 status half-installed libwayland-server0:amd64 1.18.0-1ubuntu0.1
2025-03-17 16:56:31 status unpacked libwayland-server0:amd64 1.18.0-1ubuntu0.1
2025-03-17 16:56:31 install libgbm1:amd64 <none> 21.2.6-0ubuntu0.1~20.04.2
2025-03-17 16:56:31 status half-installed libgbm1:amd64 21.2.6-0ubuntu0.1~20.04.2
2025-03-17 16:56:31 status unpacked libgbm1:amd64 21.2.6-0ubuntu0.1~20.04.2
2025-03-17 16:56:31 install libjson-glib-1.0-common:all <none> 1.4.4-2ubuntu2
2025-03-17 16:56:31 status half-installed libjson-glib-1.0-common:all 1.4.4-2ubuntu2
2025-03-17 16:56:31 status unpacked libjson-glib-1.0-common:all 1.4.4-2ubuntu2
2025-03-17 16:56:31 install libjson-glib-1.0-0:amd64 <none> 1.4.4-2ubuntu2
2025-03-17 16:56:31 status half-installed libjson-glib-1.0-0:amd64 1.4.4-2ubuntu2
2025-03-17 16:56:31 status unpacked libjson-glib-1.0-0:amd64 1.4.4-2ubuntu2
2025-03-17 16:56:31 install libsoup-gnome2.4-1:amd64 <none> 2.70.0-1ubuntu0.1
2025-03-17 16:56:31 status half-installed libsoup-gnome2.4-1:amd64 2.70.0-1ubuntu0.1
2025-03-17 16:56:31 status unpacked libsoup-gnome2.4-1:amd64 2.70.0-1ubuntu0.1
2025-03-17 16:56:31 install librest-0.7-0:amd64 <none> 0.8.1-1
2025-03-17 16:56:31 status half-installed librest-0.7-0:amd64 0.8.1-1
2025-03-17 16:56:31 status unpacked librest-0.7-0:amd64 0.8.1-1
2025-03-17 16:56:31 install libwayland-client0:amd64 <none> 1.18.0-1ubuntu0.1
2025-03-17 16:56:31 status half-installed libwayland-client0:amd64 1.18.0-1ubuntu0.1
2025-03-17 16:56:31 status unpacked libwayland-client0:amd64 1.18.0-1ubuntu0.1
2025-03-17 16:56:31 install libwayland-cursor0:amd64 <none> 1.18.0-1ubuntu0.1
2025-03-17 16:56:31 status half-installed libwayland-cursor0:amd64 1.18.0-1ubuntu0.1
2025-03-17 16:56:31 status unpacked libwayland-cursor0:amd64 1.18.0-1ubuntu0.1
2025-03-17 16:56:31 install libwayland-egl1:amd64 <none> 1.18.0-1ubuntu0.1
2025-03-17 16:56:31 status half-installed libwayland-egl1:amd64 1.18.0-1ubuntu0.1
2025-03-17 16:56:31 status unpacked libwayland-egl1:amd64 1.18.0-1ubuntu0.1
2025-03-17 16:56:31 install libxcomposite1:amd64 <none> 1:0.4.5-1
2025-03-17 16:56:31 status half-installed libxcomposite1:amd64 1:0.4.5-1
2025-03-17 16:56:31 status unpacked libxcomposite1:amd64 1:0.4.5-1
2025-03-17 16:56:31 install libxfixes3:amd64 <none> 1:5.0.3-2
2025-03-17 16:56:31 status half-installed libxfixes3:amd64 1:5.0.3-2
2025-03-17 16:56:31 status unpacked libxfixes3:amd64 1:5.0.3-2
2025-03-17 16:56:31 install libxcursor1:amd64 <none> 1:1.2.0-2
2025-03-17 16:56:31 status half-installed libxcursor1:amd64 1:1.2.0-2
2025-03-17 16:56:31 status unpacked libxcursor1:amd64 1:1.2.0-2
2025-03-17 16:56:31 install libxdamage1:amd64 <none> 1:1.1.5-2
2025-03-17 16:56:31 status half-installed libxdamage1:amd64 1:1.1.5-2
2025-03-17 16:56:31 status unpacked libxdamage1:amd64 1:1.1.5-2
2025-03-17 16:56:31 install libxi6:amd64 <none> 2:1.7.10-0ubuntu1
2025-03-17 16:56:31 status half-installed libxi6:amd64 2:1.7.10-0ubuntu1
2025-03-17 16:56:31 status unpacked libxi6:amd64 2:1.7.10-0ubuntu1
2025-03-17 16:56:31 install libxinerama1:amd64 <none> 2:1.1.4-2
2025-03-17 16:56:31 status half-installed libxinerama1:amd64 2:1.1.4-2
2025-03-17 16:56:31 status unpacked libxinerama1:amd64 2:1.1.4-2
2025-03-17 16:56:31 install libxkbcommon0:amd64 <none> 0.10.0-1
2025-03-17 16:56:31 status half-installed libxkbcommon0:amd64 0.10.0-1
2025-03-17 16:56:31 status unpacked libxkbcommon0:amd64 0.10.0-1
2025-03-17 16:56:31 install libxrandr2:amd64 <none> 2:1.5.2-0ubuntu1
2025-03-17 16:56:31 status half-installed libxrandr2:amd64 2:1.5.2-0ubuntu1
2025-03-17 16:56:31 status unpacked libxrandr2:amd64 2:1.5.2-0ubuntu1
2025-03-17 16:56:31 install libgtk-3-common:all <none> 3.24.20-0ubuntu1.2
2025-03-17 16:56:31 status half-installed libgtk-3-common:all 3.24.20-0ubuntu1.2
2025-03-17 16:56:31 status triggers-pending libglib2.0-0:amd64 2.64.6-1~ubuntu20.04.8
2025-03-17 16:56:31 status unpacked libgtk-3-common:all 3.24.20-0ubuntu1.2
2025-03-17 16:56:31 install libgtk-3-0:amd64 <none> 3.24.20-0ubuntu1.2
2025-03-17 16:56:31 status half-installed libgtk-3-0:amd64 3.24.20-0ubuntu1.2
2025-03-17 16:56:31 status unpacked libgtk-3-0:amd64 3.24.20-0ubuntu1.2
2025-03-17 16:56:31 install libnspr4:amd64 <none> 2:4.35-0ubuntu0.20.04.1
2025-03-17 16:56:31 status half-installed libnspr4:amd64 2:4.35-0ubuntu0.20.04.1
2025-03-17 16:56:31 status unpacked libnspr4:amd64 2:4.35-0ubuntu0.20.04.1
2025-03-17 16:56:31 install libnss3:amd64 <none> 2:3.98-0ubuntu0.20.04.2
2025-03-17 16:56:31 status half-installed libnss3:amd64 2:3.98-0ubuntu0.20.04.2
2025-03-17 16:56:31 status unpacked libnss3:amd64 2:3.98-0ubuntu0.20.04.2
2025-03-17 16:56:31 install libx11-xcb1:amd64 <none> 2:1.6.9-2ubuntu1.6
2025-03-17 16:56:31 status half-installed libx11-xcb1:amd64 2:1.6.9-2ubuntu1.6
2025-03-17 16:56:31 status unpacked libx11-xcb1:amd64 2:1.6.9-2ubuntu1.6
2025-03-17 16:56:31 startup packages configure
2025-03-17 16:56:31 configure libgraphite2-3:amd64 1.3.13-11build1 <none>
2025-03-17 16:56:31 status unpacked libgraphite2-3:amd64 1.3.13-11build1
2025-03-17 16:56:31 status half-configured libgraphite2-3:amd64 1.3.13-11build1
2025-03-17 16:56:31 status installed libgraphite2-3:amd64 1.3.13-11build1
2025-03-17 16:56:31 configure liblcms2-2:amd64 2.9-4 <none>
2025-03-17 16:56:31 status unpacked liblcms2-2:amd64 2.9-4
2025-03-17 16:56:31 status half-configured liblcms2-2:amd64 2.9-4
2025-03-17 16:56:31 status installed liblcms2-2:amd64 2.9-4
2025-03-17 16:56:31 configure libwayland-server0:amd64 1.18.0-1ubuntu0.1 <none>
2025-03-17 16:56:31 status unpacked libwayland-server0:amd64 1.18.0-1ubuntu0.1
2025-03-17 16:56:31 status half-configured libwayland-server0:amd64 1.18.0-1ubuntu0.1
2025-03-17 16:56:31 status installed libwayland-server0:amd64 1.18.0-1ubuntu0.1
2025-03-17 16:56:31 configure libx11-xcb1:amd64 2:1.6.9-2ubuntu1.6 <none>
2025-03-17 16:56:31 status unpacked libx11-xcb1:amd64 2:1.6.9-2ubuntu1.6
2025-03-17 16:56:31 status half-configured libx11-xcb1:amd64 2:1.6.9-2ubuntu1.6
2025-03-17 16:56:31 status installed libx11-xcb1:amd64 2:1.6.9-2ubuntu1.6
2025-03-17 16:56:31 configure fontconfig:amd64 2.13.1-2ubuntu3 <none>
2025-03-17 16:56:31 status unpacked fontconfig:amd64 2.13.1-2ubuntu3
2025-03-17 16:56:31 status half-configured fontconfig:amd64 2.13.1-2ubuntu3
2025-03-17 16:56:33 status installed fontconfig:amd64 2.13.1-2ubuntu3
2025-03-17 16:56:33 configure libxdamage1:amd64 1:1.1.5-2 <none>
2025-03-17 16:56:33 status unpacked libxdamage1:amd64 1:1.1.5-2
2025-03-17 16:56:33 status half-configured libxdamage1:amd64 1:1.1.5-2
2025-03-17 16:56:33 status installed libxdamage1:amd64 1:1.1.5-2
2025-03-17 16:56:33 configure hicolor-icon-theme:all 0.17-2 <none>
2025-03-17 16:56:33 status unpacked hicolor-icon-theme:all 0.17-2
2025-03-17 16:56:33 status half-configured hicolor-icon-theme:all 0.17-2
2025-03-17 16:56:33 status installed hicolor-icon-theme:all 0.17-2
2025-03-17 16:56:33 configure libxi6:amd64 2:1.7.10-0ubuntu1 <none>
2025-03-17 16:56:33 status unpacked libxi6:amd64 2:1.7.10-0ubuntu1
2025-03-17 16:56:33 status half-configured libxi6:amd64 2:1.7.10-0ubuntu1
2025-03-17 16:56:33 status installed libxi6:amd64 2:1.7.10-0ubuntu1
2025-03-17 16:56:33 configure libdatrie1:amd64 0.2.12-3 <none>
2025-03-17 16:56:33 status unpacked libdatrie1:amd64 0.2.12-3
2025-03-17 16:56:33 status half-configured libdatrie1:amd64 0.2.12-3
2025-03-17 16:56:33 status installed libdatrie1:amd64 0.2.12-3
2025-03-17 16:56:33 configure libgdk-pixbuf2.0-common:all 2.40.0+dfsg-3ubuntu0.5 <none>
2025-03-17 16:56:33 status unpacked libgdk-pixbuf2.0-common:all 2.40.0+dfsg-3ubuntu0.5
2025-03-17 16:56:33 status half-configured libgdk-pixbuf2.0-common:all 2.40.0+dfsg-3ubuntu0.5
2025-03-17 16:56:33 status installed libgdk-pixbuf2.0-common:all 2.40.0+dfsg-3ubuntu0.5
2025-03-17 16:56:33 configure xkb-data:all 2.29-2 <none>
2025-03-17 16:56:33 status unpacked xkb-data:all 2.29-2
2025-03-17 16:56:33 status half-configured xkb-data:all 2.29-2
2025-03-17 16:56:33 status installed xkb-data:all 2.29-2
2025-03-17 16:56:33 configure libatspi2.0-0:amd64 2.36.0-2 <none>
2025-03-17 16:56:33 status unpacked libatspi2.0-0:amd64 2.36.0-2
2025-03-17 16:56:33 status half-configured libatspi2.0-0:amd64 2.36.0-2
2025-03-17 16:56:33 status installed libatspi2.0-0:amd64 2.36.0-2
2025-03-17 16:56:33 configure libcolord2:amd64 1.4.4-2 <none>
2025-03-17 16:56:33 status unpacked libcolord2:amd64 1.4.4-2
2025-03-17 16:56:33 status half-configured libcolord2:amd64 1.4.4-2
2025-03-17 16:56:33 status installed libcolord2:amd64 1.4.4-2
2025-03-17 16:56:33 configure libepoxy0:amd64 1.5.4-1 <none>
2025-03-17 16:56:33 status unpacked libepoxy0:amd64 1.5.4-1
2025-03-17 16:56:33 status half-configured libepoxy0:amd64 1.5.4-1
2025-03-17 16:56:33 status installed libepoxy0:amd64 1.5.4-1
2025-03-17 16:56:33 configure libnspr4:amd64 2:4.35-0ubuntu0.20.04.1 <none>
2025-03-17 16:56:33 status unpacked libnspr4:amd64 2:4.35-0ubuntu0.20.04.1
2025-03-17 16:56:33 status half-configured libnspr4:amd64 2:4.35-0ubuntu0.20.04.1
2025-03-17 16:56:33 status installed libnspr4:amd64 2:4.35-0ubuntu0.20.04.1
2025-03-17 16:56:33 configure libxfixes3:amd64 1:5.0.3-2 <none>
2025-03-17 16:56:33 status unpacked libxfixes3:amd64 1:5.0.3-2
2025-03-17 16:56:33 status half-configured libxfixes3:amd64 1:5.0.3-2
2025-03-17 16:56:33 status installed libxfixes3:amd64 1:5.0.3-2
2025-03-17 16:56:33 configure libavahi-common-data:amd64 0.7-4ubuntu7.3 <none>
2025-03-17 16:56:33 status unpacked libavahi-common-data:amd64 0.7-4ubuntu7.3
2025-03-17 16:56:33 status half-configured libavahi-common-data:amd64 0.7-4ubuntu7.3
2025-03-17 16:56:33 status installed libavahi-common-data:amd64 0.7-4ubuntu7.3
2025-03-17 16:56:33 configure libfribidi0:amd64 1.0.8-2ubuntu0.1 <none>
2025-03-17 16:56:33 status unpacked libfribidi0:amd64 1.0.8-2ubuntu0.1
2025-03-17 16:56:33 status half-configured libfribidi0:amd64 1.0.8-2ubuntu0.1
2025-03-17 16:56:33 status installed libfribidi0:amd64 1.0.8-2ubuntu0.1
2025-03-17 16:56:33 configure shared-mime-info:amd64 1.15-1 <none>
2025-03-17 16:56:33 status unpacked shared-mime-info:amd64 1.15-1
2025-03-17 16:56:33 status half-configured shared-mime-info:amd64 1.15-1
2025-03-17 16:56:34 status installed shared-mime-info:amd64 1.15-1
2025-03-17 16:56:34 configure libxinerama1:amd64 2:1.1.4-2 <none>
2025-03-17 16:56:34 status unpacked libxinerama1:amd64 2:1.1.4-2
2025-03-17 16:56:34 status half-configured libxinerama1:amd64 2:1.1.4-2
2025-03-17 16:56:34 status installed libxinerama1:amd64 2:1.1.4-2
2025-03-17 16:56:34 configure libxrandr2:amd64 2:1.5.2-0ubuntu1 <none>
2025-03-17 16:56:34 status unpacked libxrandr2:amd64 2:1.5.2-0ubuntu1
2025-03-17 16:56:34 status half-configured libxrandr2:amd64 2:1.5.2-0ubuntu1
2025-03-17 16:56:34 status installed libxrandr2:amd64 2:1.5.2-0ubuntu1
2025-03-17 16:56:34 configure libatk1.0-data:all 2.35.1-1ubuntu2 <none>
2025-03-17 16:56:34 status unpacked libatk1.0-data:all 2.35.1-1ubuntu2
2025-03-17 16:56:34 status half-configured libatk1.0-data:all 2.35.1-1ubuntu2
2025-03-17 16:56:34 status installed libatk1.0-data:all 2.35.1-1ubuntu2
2025-03-17 16:56:34 configure libharfbuzz0b:amd64 2.6.4-1ubuntu4.3 <none>
2025-03-17 16:56:34 status unpacked libharfbuzz0b:amd64 2.6.4-1ubuntu4.3
2025-03-17 16:56:34 status half-configured libharfbuzz0b:amd64 2.6.4-1ubuntu4.3
2025-03-17 16:56:34 status installed libharfbuzz0b:amd64 2.6.4-1ubuntu4.3
2025-03-17 16:56:34 configure libthai-data:all 0.1.28-3 <none>
2025-03-17 16:56:34 status unpacked libthai-data:all 0.1.28-3
2025-03-17 16:56:34 status half-configured libthai-data:all 0.1.28-3
2025-03-17 16:56:34 status installed libthai-data:all 0.1.28-3
2025-03-17 16:56:34 configure libjson-glib-1.0-common:all 1.4.4-2ubuntu2 <none>
2025-03-17 16:56:34 status unpacked libjson-glib-1.0-common:all 1.4.4-2ubuntu2
2025-03-17 16:56:34 status half-configured libjson-glib-1.0-common:all 1.4.4-2ubuntu2
2025-03-17 16:56:34 status installed libjson-glib-1.0-common:all 1.4.4-2ubuntu2
2025-03-17 16:56:34 configure libcairo-gobject2:amd64 1.16.0-4ubuntu1 <none>
2025-03-17 16:56:34 status unpacked libcairo-gobject2:amd64 1.16.0-4ubuntu1
2025-03-17 16:56:34 status half-configured libcairo-gobject2:amd64 1.16.0-4ubuntu1
2025-03-17 16:56:34 status installed libcairo-gobject2:amd64 1.16.0-4ubuntu1
2025-03-17 16:56:34 configure libatk1.0-0:amd64 2.35.1-1ubuntu2 <none>
2025-03-17 16:56:34 status unpacked libatk1.0-0:amd64 2.35.1-1ubuntu2
2025-03-17 16:56:34 status half-configured libatk1.0-0:amd64 2.35.1-1ubuntu2
2025-03-17 16:56:34 status installed libatk1.0-0:amd64 2.35.1-1ubuntu2
2025-03-17 16:56:34 configure libwayland-egl1:amd64 1.18.0-1ubuntu0.1 <none>
2025-03-17 16:56:34 status unpacked libwayland-egl1:amd64 1.18.0-1ubuntu0.1
2025-03-17 16:56:34 status half-configured libwayland-egl1:amd64 1.18.0-1ubuntu0.1
2025-03-17 16:56:34 status installed libwayland-egl1:amd64 1.18.0-1ubuntu0.1
2025-03-17 16:56:34 configure libsoup-gnome2.4-1:amd64 2.70.0-1ubuntu0.1 <none>
2025-03-17 16:56:34 status unpacked libsoup-gnome2.4-1:amd64 2.70.0-1ubuntu0.1
2025-03-17 16:56:34 status half-configured libsoup-gnome2.4-1:amd64 2.70.0-1ubuntu0.1
2025-03-17 16:56:34 status installed libsoup-gnome2.4-1:amd64 2.70.0-1ubuntu0.1
2025-03-17 16:56:34 configure libdrm-common:all 2.4.107-8ubuntu1~20.04.2 <none>
2025-03-17 16:56:34 status unpacked libdrm-common:all 2.4.107-8ubuntu1~20.04.2
2025-03-17 16:56:34 status half-configured libdrm-common:all 2.4.107-8ubuntu1~20.04.2
2025-03-17 16:56:34 status installed libdrm-common:all 2.4.107-8ubuntu1~20.04.2
2025-03-17 16:56:34 configure libxcomposite1:amd64 1:0.4.5-1 <none>
2025-03-17 16:56:34 status unpacked libxcomposite1:amd64 1:0.4.5-1
2025-03-17 16:56:34 status half-configured libxcomposite1:amd64 1:0.4.5-1
2025-03-17 16:56:34 status installed libxcomposite1:amd64 1:0.4.5-1
2025-03-17 16:56:34 configure libgtk-3-common:all 3.24.20-0ubuntu1.2 <none>
2025-03-17 16:56:34 status unpacked libgtk-3-common:all 3.24.20-0ubuntu1.2
2025-03-17 16:56:34 status half-configured libgtk-3-common:all 3.24.20-0ubuntu1.2
2025-03-17 16:56:34 status triggers-awaited libgtk-3-common:all 3.24.20-0ubuntu1.2
2025-03-17 16:56:34 configure libxkbcommon0:amd64 0.10.0-1 <none>
2025-03-17 16:56:34 status unpacked libxkbcommon0:amd64 0.10.0-1
2025-03-17 16:56:34 status half-configured libxkbcommon0:amd64 0.10.0-1
2025-03-17 16:56:34 status installed libxkbcommon0:amd64 0.10.0-1
2025-03-17 16:56:34 configure libwayland-client0:amd64 1.18.0-1ubuntu0.1 <none>
2025-03-17 16:56:34 status unpacked libwayland-client0:amd64 1.18.0-1ubuntu0.1
2025-03-17 16:56:34 status half-configured libwayland-client0:amd64 1.18.0-1ubuntu0.1
2025-03-17 16:56:34 status installed libwayland-client0:amd64 1.18.0-1ubuntu0.1
2025-03-17 16:56:34 configure librest-0.7-0:amd64 0.8.1-1 <none>
2025-03-17 16:56:34 status unpacked librest-0.7-0:amd64 0.8.1-1
2025-03-17 16:56:34 status half-configured librest-0.7-0:amd64 0.8.1-1
2025-03-17 16:56:34 status installed librest-0.7-0:amd64 0.8.1-1
2025-03-17 16:56:34 configure libxcursor1:amd64 1:1.2.0-2 <none>
2025-03-17 16:56:34 status unpacked libxcursor1:amd64 1:1.2.0-2
2025-03-17 16:56:34 status half-configured libxcursor1:amd64 1:1.2.0-2
2025-03-17 16:56:34 status installed libxcursor1:amd64 1:1.2.0-2
2025-03-17 16:56:34 configure libavahi-common3:amd64 0.7-4ubuntu7.3 <none>
2025-03-17 16:56:34 status unpacked libavahi-common3:amd64 0.7-4ubuntu7.3
2025-03-17 16:56:34 status half-configured libavahi-common3:amd64 0.7-4ubuntu7.3
2025-03-17 16:56:34 status installed libavahi-common3:amd64 0.7-4ubuntu7.3
2025-03-17 16:56:34 configure libnss3:amd64 2:3.98-0ubuntu0.20.04.2 <none>
2025-03-17 16:56:34 status unpacked libnss3:amd64 2:3.98-0ubuntu0.20.04.2
2025-03-17 16:56:34 status half-configured libnss3:amd64 2:3.98-0ubuntu0.20.04.2
2025-03-17 16:56:34 status installed libnss3:amd64 2:3.98-0ubuntu0.20.04.2
2025-03-17 16:56:34 configure libjson-glib-1.0-0:amd64 1.4.4-2ubuntu2 <none>
2025-03-17 16:56:34 status unpacked libjson-glib-1.0-0:amd64 1.4.4-2ubuntu2
2025-03-17 16:56:34 status half-configured libjson-glib-1.0-0:amd64 1.4.4-2ubuntu2
2025-03-17 16:56:34 status installed libjson-glib-1.0-0:amd64 1.4.4-2ubuntu2
2025-03-17 16:56:34 configure libatk-bridge2.0-0:amd64 2.34.2-0ubuntu2~20.04.1 <none>
2025-03-17 16:56:34 status unpacked libatk-bridge2.0-0:amd64 2.34.2-0ubuntu2~20.04.1
2025-03-17 16:56:34 status half-configured libatk-bridge2.0-0:amd64 2.34.2-0ubuntu2~20.04.1
2025-03-17 16:56:34 status installed libatk-bridge2.0-0:amd64 2.34.2-0ubuntu2~20.04.1
2025-03-17 16:56:34 configure libthai0:amd64 0.1.28-3 <none>
2025-03-17 16:56:34 status unpacked libthai0:amd64 0.1.28-3
2025-03-17 16:56:34 status half-configured libthai0:amd64 0.1.28-3
2025-03-17 16:56:34 status installed libthai0:amd64 0.1.28-3
2025-03-17 16:56:34 configure libgdk-pixbuf2.0-0:amd64 2.40.0+dfsg-3ubuntu0.5 <none>
2025-03-17 16:56:34 status unpacked libgdk-pixbuf2.0-0:amd64 2.40.0+dfsg-3ubuntu0.5
2025-03-17 16:56:34 status half-configured libgdk-pixbuf2.0-0:amd64 2.40.0+dfsg-3ubuntu0.5
2025-03-17 16:56:34 status installed libgdk-pixbuf2.0-0:amd64 2.40.0+dfsg-3ubuntu0.5
2025-03-17 16:56:34 configure libdrm2:amd64 2.4.107-8ubuntu1~20.04.2 <none>
2025-03-17 16:56:34 status unpacked libdrm2:amd64 2.4.107-8ubuntu1~20.04.2
2025-03-17 16:56:34 status half-configured libdrm2:amd64 2.4.107-8ubuntu1~20.04.2
2025-03-17 16:56:34 status installed libdrm2:amd64 2.4.107-8ubuntu1~20.04.2
2025-03-17 16:56:34 configure libwayland-cursor0:amd64 1.18.0-1ubuntu0.1 <none>
2025-03-17 16:56:34 status unpacked libwayland-cursor0:amd64 1.18.0-1ubuntu0.1
2025-03-17 16:56:34 status half-configured libwayland-cursor0:amd64 1.18.0-1ubuntu0.1
2025-03-17 16:56:34 status installed libwayland-cursor0:amd64 1.18.0-1ubuntu0.1
2025-03-17 16:56:34 configure libavahi-client3:amd64 0.7-4ubuntu7.3 <none>
2025-03-17 16:56:34 status unpacked libavahi-client3:amd64 0.7-4ubuntu7.3
2025-03-17 16:56:34 status half-configured libavahi-client3:amd64 0.7-4ubuntu7.3
2025-03-17 16:56:34 status installed libavahi-client3:amd64 0.7-4ubuntu7.3
2025-03-17 16:56:34 configure gtk-update-icon-cache:amd64 3.24.20-0ubuntu1.2 <none>
2025-03-17 16:56:34 status unpacked gtk-update-icon-cache:amd64 3.24.20-0ubuntu1.2
2025-03-17 16:56:34 status half-configured gtk-update-icon-cache:amd64 3.24.20-0ubuntu1.2
2025-03-17 16:56:34 status installed gtk-update-icon-cache:amd64 3.24.20-0ubuntu1.2
2025-03-17 16:56:34 configure libgbm1:amd64 21.2.6-0ubuntu0.1~20.04.2 <none>
2025-03-17 16:56:34 status unpacked libgbm1:amd64 21.2.6-0ubuntu0.1~20.04.2
2025-03-17 16:56:34 status half-configured libgbm1:amd64 21.2.6-0ubuntu0.1~20.04.2
2025-03-17 16:56:34 status installed libgbm1:amd64 21.2.6-0ubuntu0.1~20.04.2
2025-03-17 16:56:34 configure libpango-1.0-0:amd64 1.44.7-2ubuntu4 <none>
2025-03-17 16:56:34 status unpacked libpango-1.0-0:amd64 1.44.7-2ubuntu4
2025-03-17 16:56:34 status half-configured libpango-1.0-0:amd64 1.44.7-2ubuntu4
2025-03-17 16:56:34 status installed libpango-1.0-0:amd64 1.44.7-2ubuntu4
2025-03-17 16:56:34 configure libcups2:amd64 2.3.1-9ubuntu1.9 <none>
2025-03-17 16:56:34 status unpacked libcups2:amd64 2.3.1-9ubuntu1.9
2025-03-17 16:56:34 status half-configured libcups2:amd64 2.3.1-9ubuntu1.9
2025-03-17 16:56:34 status installed libcups2:amd64 2.3.1-9ubuntu1.9
2025-03-17 16:56:34 configure libpangoft2-1.0-0:amd64 1.44.7-2ubuntu4 <none>
2025-03-17 16:56:34 status unpacked libpangoft2-1.0-0:amd64 1.44.7-2ubuntu4
2025-03-17 16:56:34 status half-configured libpangoft2-1.0-0:amd64 1.44.7-2ubuntu4
2025-03-17 16:56:34 status installed libpangoft2-1.0-0:amd64 1.44.7-2ubuntu4
2025-03-17 16:56:34 configure libpangocairo-1.0-0:amd64 1.44.7-2ubuntu4 <none>
2025-03-17 16:56:34 status unpacked libpangocairo-1.0-0:amd64 1.44.7-2ubuntu4
2025-03-17 16:56:34 status half-configured libpangocairo-1.0-0:amd64 1.44.7-2ubuntu4
2025-03-17 16:56:34 status installed libpangocairo-1.0-0:amd64 1.44.7-2ubuntu4
2025-03-17 16:56:34 configure librsvg2-2:amd64 2.48.9-1ubuntu0.20.04.4 <none>
2025-03-17 16:56:34 status unpacked librsvg2-2:amd64 2.48.9-1ubuntu0.20.04.4
2025-03-17 16:56:34 status half-configured librsvg2-2:amd64 2.48.9-1ubuntu0.20.04.4
2025-03-17 16:56:34 status installed librsvg2-2:amd64 2.48.9-1ubuntu0.20.04.4
2025-03-17 16:56:34 configure librsvg2-common:amd64 2.48.9-1ubuntu0.20.04.4 <none>
2025-03-17 16:56:34 status unpacked librsvg2-common:amd64 2.48.9-1ubuntu0.20.04.4
2025-03-17 16:56:34 status half-configured librsvg2-common:amd64 2.48.9-1ubuntu0.20.04.4
2025-03-17 16:56:34 status installed librsvg2-common:amd64 2.48.9-1ubuntu0.20.04.4
2025-03-17 16:56:34 status triggers-pending libgdk-pixbuf2.0-0:amd64 2.40.0+dfsg-3ubuntu0.5
2025-03-17 16:56:34 configure adwaita-icon-theme:all 3.36.1-2ubuntu0.20.04.2 <none>
2025-03-17 16:56:34 status unpacked adwaita-icon-theme:all 3.36.1-2ubuntu0.20.04.2
2025-03-17 16:56:34 status half-configured adwaita-icon-theme:all 3.36.1-2ubuntu0.20.04.2
2025-03-17 16:56:34 status installed adwaita-icon-theme:all 3.36.1-2ubuntu0.20.04.2
2025-03-17 16:56:34 configure humanity-icon-theme:all 0.6.15 <none>
2025-03-17 16:56:34 status unpacked humanity-icon-theme:all 0.6.15
2025-03-17 16:56:34 status half-configured humanity-icon-theme:all 0.6.15
2025-03-17 16:56:34 status installed humanity-icon-theme:all 0.6.15
2025-03-17 16:56:34 configure ubuntu-mono:all 19.04-0ubuntu3 <none>
2025-03-17 16:56:34 status unpacked ubuntu-mono:all 19.04-0ubuntu3
2025-03-17 16:56:34 status half-configured ubuntu-mono:all 19.04-0ubuntu3
2025-03-17 16:56:34 status installed ubuntu-mono:all 19.04-0ubuntu3
2025-03-17 16:56:34 trigproc libglib2.0-0:amd64 2.64.6-1~ubuntu20.04.8 <none>
2025-03-17 16:56:34 status half-configured libglib2.0-0:amd64 2.64.6-1~ubuntu20.04.8
2025-03-17 16:56:34 status installed libgtk-3-common:all 3.24.20-0ubuntu1.2
2025-03-17 16:56:34 status installed libglib2.0-0:amd64 2.64.6-1~ubuntu20.04.8
2025-03-17 16:56:34 configure libgtk-3-0:amd64 3.24.20-0ubuntu1.2 <none>
2025-03-17 16:56:34 status unpacked libgtk-3-0:amd64 3.24.20-0ubuntu1.2
2025-03-17 16:56:34 status half-configured libgtk-3-0:amd64 3.24.20-0ubuntu1.2
2025-03-17 16:56:34 status installed libgtk-3-0:amd64 3.24.20-0ubuntu1.2
2025-03-17 16:56:34 trigproc libc-bin:amd64 2.31-0ubuntu9.17 <none>
2025-03-17 16:56:34 status half-configured libc-bin:amd64 2.31-0ubuntu9.17
2025-03-17 16:56:34 status installed libc-bin:amd64 2.31-0ubuntu9.17
2025-03-17 16:56:34 trigproc libgdk-pixbuf2.0-0:amd64 2.40.0+dfsg-3ubuntu0.5 <none>
2025-03-17 16:56:34 status half-configured libgdk-pixbuf2.0-0:amd64 2.40.0+dfsg-3ubuntu0.5
2025-03-17 16:56:34 status installed libgdk-pixbuf2.0-0:amd64 2.40.0+dfsg-3ubuntu0.5
2025-03-17 16:56:38 startup archives unpack
2025-03-17 16:56:38 install bsdmainutils:amd64 <none> 11.1.2ubuntu3
2025-03-17 16:56:38 status half-installed bsdmainutils:amd64 11.1.2ubuntu3
2025-03-17 16:56:38 status unpacked bsdmainutils:amd64 11.1.2ubuntu3
2025-03-17 16:56:38 install libuchardet0:amd64 <none> 0.0.6-3build1
2025-03-17 16:56:38 status triggers-pending libc-bin:amd64 2.31-0ubuntu9.17
2025-03-17 16:56:38 status half-installed libuchardet0:amd64 0.0.6-3build1
2025-03-17 16:56:38 status unpacked libuchardet0:amd64 0.0.6-3build1
2025-03-17 16:56:38 install groff-base:amd64 <none> 1.22.4-4build1
2025-03-17 16:56:38 status half-installed groff-base:amd64 1.22.4-4build1
2025-03-17 16:56:38 status triggers-pending mime-support:all 3.64ubuntu1
2025-03-17 16:56:38 status unpacked groff-base:amd64 1.22.4-4build1
2025-03-17 16:56:38 install man-db:amd64 <none> 2.9.1-1
2025-03-17 16:56:38 status half-installed man-db:amd64 2.9.1-1
2025-03-17 16:56:38 status unpacked man-db:amd64 2.9.1-1
2025-03-17 16:56:38 install bc:amd64 <none> 1.07.1-2build1
2025-03-17 16:56:38 status half-installed bc:amd64 1.07.1-2build1
2025-03-17 16:56:38 status unpacked bc:amd64 1.07.1-2build1
2025-03-17 16:56:38 install libjs-jquery:all <none> 3.3.1~dfsg-3ubuntu0.1
2025-03-17 16:56:38 status half-installed libjs-jquery:all 3.3.1~dfsg-3ubuntu0.1
2025-03-17 16:56:38 status unpacked libjs-jquery:all 3.3.1~dfsg-3ubuntu0.1
2025-03-17 16:56:38 install fish-common:all <none> 3.1.0-1.2
2025-03-17 16:56:38 status half-installed fish-common:all 3.1.0-1.2
2025-03-17 16:56:38 status unpacked fish-common:all 3.1.0-1.2
2025-03-17 16:56:38 install libidn11:amd64 <none> 1.33-2.2ubuntu2
2025-03-17 16:56:38 status half-installed libidn11:amd64 1.33-2.2ubuntu2
2025-03-17 16:56:38 status unpacked libidn11:amd64 1.33-2.2ubuntu2
2025-03-17 16:56:38 install lynx-common:all <none> 2.9.0dev.5-1
2025-03-17 16:56:38 status half-installed lynx-common:all 2.9.0dev.5-1
2025-03-17 16:56:39 status unpacked lynx-common:all 2.9.0dev.5-1
2025-03-17 16:56:39 install lynx:amd64 <none> 2.9.0dev.5-1
2025-03-17 16:56:39 status half-installed lynx:amd64 2.9.0dev.5-1
2025-03-17 16:56:39 status unpacked lynx:amd64 2.9.0dev.5-1
2025-03-17 16:56:39 install fish:amd64 <none> 3.1.0-1.2
2025-03-17 16:56:39 status half-installed fish:amd64 3.1.0-1.2
2025-03-17 16:56:39 status unpacked fish:amd64 3.1.0-1.2
2025-03-17 16:56:39 install javascript-common:all <none> 11
2025-03-17 16:56:39 status half-installed javascript-common:all 11
2025-03-17 16:56:39 status unpacked javascript-common:all 11
2025-03-17 16:56:39 install xsel:amd64 <none> 1.2.0+git9bfc13d.20180109-3
2025-03-17 16:56:39 status half-installed xsel:amd64 1.2.0+git9bfc13d.20180109-3
2025-03-17 16:56:39 status unpacked xsel:amd64 1.2.0+git9bfc13d.20180109-3
2025-03-17 16:56:39 startup packages configure
2025-03-17 16:56:39 configure javascript-common:all 11 <none>
2025-03-17 16:56:39 status unpacked javascript-common:all 11
2025-03-17 16:56:39 status half-configured javascript-common:all 11
2025-03-17 16:56:39 status installed javascript-common:all 11
2025-03-17 16:56:39 configure xsel:amd64 1.2.0+git9bfc13d.20180109-3 <none>
2025-03-17 16:56:39 status unpacked xsel:amd64 1.2.0+git9bfc13d.20180109-3
2025-03-17 16:56:39 status half-configured xsel:amd64 1.2.0+git9bfc13d.20180109-3
2025-03-17 16:56:39 status installed xsel:amd64 1.2.0+git9bfc13d.20180109-3
2025-03-17 16:56:39 configure bc:amd64 1.07.1-2build1 <none>
2025-03-17 16:56:39 status unpacked bc:amd64 1.07.1-2build1
2025-03-17 16:56:39 status half-configured bc:amd64 1.07.1-2build1
2025-03-17 16:56:39 status installed bc:amd64 1.07.1-2build1
2025-03-17 16:56:39 configure libidn11:amd64 1.33-2.2ubuntu2 <none>
2025-03-17 16:56:39 status unpacked libidn11:amd64 1.33-2.2ubuntu2
2025-03-17 16:56:39 status half-configured libidn11:amd64 1.33-2.2ubuntu2
2025-03-17 16:56:39 status installed libidn11:amd64 1.33-2.2ubuntu2
2025-03-17 16:56:39 configure bsdmainutils:amd64 11.1.2ubuntu3 <none>
2025-03-17 16:56:39 status unpacked bsdmainutils:amd64 11.1.2ubuntu3
2025-03-17 16:56:39 status half-configured bsdmainutils:amd64 11.1.2ubuntu3
2025-03-17 16:56:39 status installed bsdmainutils:amd64 11.1.2ubuntu3
2025-03-17 16:56:39 configure lynx-common:all 2.9.0dev.5-1 <none>
2025-03-17 16:56:39 status unpacked lynx-common:all 2.9.0dev.5-1
2025-03-17 16:56:39 status half-configured lynx-common:all 2.9.0dev.5-1
2025-03-17 16:56:39 status installed lynx-common:all 2.9.0dev.5-1
2025-03-17 16:56:39 configure libuchardet0:amd64 0.0.6-3build1 <none>
2025-03-17 16:56:39 status unpacked libuchardet0:amd64 0.0.6-3build1
2025-03-17 16:56:39 status half-configured libuchardet0:amd64 0.0.6-3build1
2025-03-17 16:56:39 status installed libuchardet0:amd64 0.0.6-3build1
2025-03-17 16:56:39 configure lynx:amd64 2.9.0dev.5-1 <none>
2025-03-17 16:56:39 status unpacked lynx:amd64 2.9.0dev.5-1
2025-03-17 16:56:39 status half-configured lynx:amd64 2.9.0dev.5-1
2025-03-17 16:56:39 status installed lynx:amd64 2.9.0dev.5-1
2025-03-17 16:56:39 configure libjs-jquery:all 3.3.1~dfsg-3ubuntu0.1 <none>
2025-03-17 16:56:39 status unpacked libjs-jquery:all 3.3.1~dfsg-3ubuntu0.1
2025-03-17 16:56:39 status half-configured libjs-jquery:all 3.3.1~dfsg-3ubuntu0.1
2025-03-17 16:56:39 status installed libjs-jquery:all 3.3.1~dfsg-3ubuntu0.1
2025-03-17 16:56:39 configure fish-common:all 3.1.0-1.2 <none>
2025-03-17 16:56:39 status unpacked fish-common:all 3.1.0-1.2
2025-03-17 16:56:39 status half-configured fish-common:all 3.1.0-1.2
2025-03-17 16:56:39 status installed fish-common:all 3.1.0-1.2
2025-03-17 16:56:39 configure groff-base:amd64 1.22.4-4build1 <none>
2025-03-17 16:56:39 status unpacked groff-base:amd64 1.22.4-4build1
2025-03-17 16:56:39 status half-configured groff-base:amd64 1.22.4-4build1
2025-03-17 16:56:39 status installed groff-base:amd64 1.22.4-4build1
2025-03-17 16:56:39 configure man-db:amd64 2.9.1-1 <none>
2025-03-17 16:56:39 status unpacked man-db:amd64 2.9.1-1
2025-03-17 16:56:39 status half-configured man-db:amd64 2.9.1-1
2025-03-17 16:56:47 status installed man-db:amd64 2.9.1-1
2025-03-17 16:56:47 configure fish:amd64 3.1.0-1.2 <none>
2025-03-17 16:56:47 status unpacked fish:amd64 3.1.0-1.2
2025-03-17 16:56:47 status half-configured fish:amd64 3.1.0-1.2
2025-03-17 16:56:47 status installed fish:amd64 3.1.0-1.2
2025-03-17 16:56:47 trigproc libc-bin:amd64 2.31-0ubuntu9.17 <none>
2025-03-17 16:56:47 status half-configured libc-bin:amd64 2.31-0ubuntu9.17
2025-03-17 16:56:47 status installed libc-bin:amd64 2.31-0ubuntu9.17
2025-03-17 16:56:47 trigproc mime-support:all 3.64ubuntu1 <none>
2025-03-17 16:56:47 status half-configured mime-support:all 3.64ubuntu1
2025-03-17 16:56:47 status installed mime-support:all 3.64ubuntu1
2025-03-17 16:56:56 startup archives unpack
2025-03-17 16:56:56 install apt-utils:amd64 <none> 2.0.10
2025-03-17 16:56:56 status half-installed apt-utils:amd64 2.0.10
2025-03-17 16:56:56 status triggers-pending man-db:amd64 2.9.1-1
2025-03-17 16:56:56 status unpacked apt-utils:amd64 2.0.10
2025-03-17 16:56:56 install libmnl0:amd64 <none> 1.0.4-2
2025-03-17 16:56:56 status triggers-pending libc-bin:amd64 2.31-0ubuntu9.17
2025-03-17 16:56:56 status half-installed libmnl0:amd64 1.0.4-2
2025-03-17 16:56:56 status unpacked libmnl0:amd64 1.0.4-2
2025-03-17 16:56:56 install libxtables12:amd64 <none> 1.8.4-3ubuntu2.1
2025-03-17 16:56:56 status half-installed libxtables12:amd64 1.8.4-3ubuntu2.1
2025-03-17 16:56:56 status unpacked libxtables12:amd64 1.8.4-3ubuntu2.1
2025-03-17 16:56:56 install iproute2:amd64 <none> 5.5.0-1ubuntu1
2025-03-17 16:56:56 status half-installed iproute2:amd64 5.5.0-1ubuntu1
2025-03-17 16:56:56 status unpacked iproute2:amd64 5.5.0-1ubuntu1
2025-03-17 16:56:56 install less:amd64 <none> 551-1ubuntu0.3
2025-03-17 16:56:56 status half-installed less:amd64 551-1ubuntu0.3
2025-03-17 16:56:56 status triggers-pending mime-support:all 3.64ubuntu1
2025-03-17 16:56:56 status unpacked less:amd64 551-1ubuntu0.3
2025-03-17 16:56:56 install locales:all <none> 2.31-0ubuntu9.17
2025-03-17 16:56:56 status half-installed locales:all 2.31-0ubuntu9.17
2025-03-17 16:56:56 status unpacked locales:all 2.31-0ubuntu9.17
2025-03-17 16:56:56 install sudo:amd64 <none> 1.8.31-1ubuntu1.5
2025-03-17 16:56:56 status half-installed sudo:amd64 1.8.31-1ubuntu1.5
2025-03-17 16:56:56 status unpacked sudo:amd64 1.8.31-1ubuntu1.5
2025-03-17 16:56:56 install vim-tiny:amd64 <none> 2:8.1.2269-1ubuntu5.31
2025-03-17 16:56:56 status half-installed vim-tiny:amd64 2:8.1.2269-1ubuntu5.31
2025-03-17 16:56:56 status unpacked vim-tiny:amd64 2:8.1.2269-1ubuntu5.31
2025-03-17 16:56:56 install bash-completion:all <none> 1:2.10-1ubuntu1
2025-03-17 16:56:56 status half-installed bash-completion:all 1:2.10-1ubuntu1
2025-03-17 16:56:57 status unpacked bash-completion:all 1:2.10-1ubuntu1
2025-03-17 16:56:57 install libcbor0.6:amd64 <none> 0.6.0-0ubuntu1
2025-03-17 16:56:57 status half-installed libcbor0.6:amd64 0.6.0-0ubuntu1
2025-03-17 16:56:57 status unpacked libcbor0.6:amd64 0.6.0-0ubuntu1
2025-03-17 16:56:57 install libfido2-1:amd64 <none> 1.3.1-1ubuntu2
2025-03-17 16:56:57 status half-installed libfido2-1:amd64 1.3.1-1ubuntu2
2025-03-17 16:56:57 status unpacked libfido2-1:amd64 1.3.1-1ubuntu2
2025-03-17 16:56:57 install lsof:amd64 <none> 4.93.2+dfsg-1ubuntu0.20.04.1
2025-03-17 16:56:57 status half-installed lsof:amd64 4.93.2+dfsg-1ubuntu0.20.04.1
2025-03-17 16:56:57 status unpacked lsof:amd64 4.93.2+dfsg-1ubuntu0.20.04.1
2025-03-17 16:56:57 install manpages:all <none> 5.05-1
2025-03-17 16:56:57 status half-installed manpages:all 5.05-1
2025-03-17 16:56:58 status unpacked manpages:all 5.05-1
2025-03-17 16:56:58 install nano:amd64 <none> 4.8-1ubuntu1.1
2025-03-17 16:56:58 status half-installed nano:amd64 4.8-1ubuntu1.1
2025-03-17 16:56:58 status unpacked nano:amd64 4.8-1ubuntu1.1
2025-03-17 16:56:58 install openssh-client:amd64 <none> 1:8.2p1-4ubuntu0.12
2025-03-17 16:56:58 status half-installed openssh-client:amd64 1:8.2p1-4ubuntu0.12
2025-03-17 16:56:58 status unpacked openssh-client:amd64 1:8.2p1-4ubuntu0.12
2025-03-17 16:56:58 install psmisc:amd64 <none> 23.3-1
2025-03-17 16:56:58 status half-installed psmisc:amd64 23.3-1
2025-03-17 16:56:58 status unpacked psmisc:amd64 23.3-1
2025-03-17 16:56:58 install strace:amd64 <none> 5.5-3ubuntu1
2025-03-17 16:56:58 status half-installed strace:amd64 5.5-3ubuntu1
2025-03-17 16:56:58 status unpacked strace:amd64 5.5-3ubuntu1
2025-03-17 16:56:58 install wget:amd64 <none> 1.20.3-1ubuntu2.1
2025-03-17 16:56:58 status half-installed wget:amd64 1.20.3-1ubuntu2.1
2025-03-17 16:56:58 status unpacked wget:amd64 1.20.3-1ubuntu2.1
2025-03-17 16:56:58 install apt-transport-https:all <none> 2.0.10
2025-03-17 16:56:58 status half-installed apt-transport-https:all 2.0.10
2025-03-17 16:56:58 status unpacked apt-transport-https:all 2.0.10
2025-03-17 16:56:58 install dialog:amd64 <none> 1.3-20190808-1
2025-03-17 16:56:58 status half-installed dialog:amd64 1.3-20190808-1
2025-03-17 16:56:58 status unpacked dialog:amd64 1.3-20190808-1
2025-03-17 16:56:58 install libksba8:amd64 <none> 1.3.5-2ubuntu0.20.04.2
2025-03-17 16:56:58 status half-installed libksba8:amd64 1.3.5-2ubuntu0.20.04.2
2025-03-17 16:56:58 status unpacked libksba8:amd64 1.3.5-2ubuntu0.20.04.2
2025-03-17 16:56:58 install libnpth0:amd64 <none> 1.6-1
2025-03-17 16:56:58 status half-installed libnpth0:amd64 1.6-1
2025-03-17 16:56:58 status unpacked libnpth0:amd64 1.6-1
2025-03-17 16:56:58 install dirmngr:amd64 <none> 2.2.19-3ubuntu2.2
2025-03-17 16:56:58 status half-installed dirmngr:amd64 2.2.19-3ubuntu2.2
2025-03-17 16:56:58 status unpacked dirmngr:amd64 2.2.19-3ubuntu2.2
2025-03-17 16:56:58 install libcurl3-gnutls:amd64 <none> 7.68.0-1ubuntu2.25
2025-03-17 16:56:58 status half-installed libcurl3-gnutls:amd64 7.68.0-1ubuntu2.25
2025-03-17 16:56:58 status unpacked libcurl3-gnutls:amd64 7.68.0-1ubuntu2.25
2025-03-17 16:56:58 install liberror-perl:all <none> 0.17029-1
2025-03-17 16:56:58 status half-installed liberror-perl:all 0.17029-1
2025-03-17 16:56:58 status unpacked liberror-perl:all 0.17029-1
2025-03-17 16:56:58 install git-man:all <none> 1:2.25.1-1ubuntu3.14
2025-03-17 16:56:58 status half-installed git-man:all 1:2.25.1-1ubuntu3.14
2025-03-17 16:56:58 status unpacked git-man:all 1:2.25.1-1ubuntu3.14
2025-03-17 16:56:58 install git:amd64 <none> 1:2.25.1-1ubuntu3.14
2025-03-17 16:56:58 status half-installed git:amd64 1:2.25.1-1ubuntu3.14
2025-03-17 16:56:59 status unpacked git:amd64 1:2.25.1-1ubuntu3.14
2025-03-17 16:56:59 install gnupg-l10n:all <none> 2.2.19-3ubuntu2.2
2025-03-17 16:56:59 status half-installed gnupg-l10n:all 2.2.19-3ubuntu2.2
2025-03-17 16:56:59 status unpacked gnupg-l10n:all 2.2.19-3ubuntu2.2
2025-03-17 16:56:59 install gnupg-utils:amd64 <none> 2.2.19-3ubuntu2.2
2025-03-17 16:56:59 status half-installed gnupg-utils:amd64 2.2.19-3ubuntu2.2
2025-03-17 16:56:59 status unpacked gnupg-utils:amd64 2.2.19-3ubuntu2.2
2025-03-17 16:56:59 install pinentry-curses:amd64 <none> 1.1.0-3build1
2025-03-17 16:56:59 status half-installed pinentry-curses:amd64 1.1.0-3build1
2025-03-17 16:56:59 status unpacked pinentry-curses:amd64 1.1.0-3build1
2025-03-17 16:56:59 install gpg-agent:amd64 <none> 2.2.19-3ubuntu2.2
2025-03-17 16:56:59 status half-installed gpg-agent:amd64 2.2.19-3ubuntu2.2
2025-03-17 16:56:59 status unpacked gpg-agent:amd64 2.2.19-3ubuntu2.2
2025-03-17 16:56:59 install gpg-wks-client:amd64 <none> 2.2.19-3ubuntu2.2
2025-03-17 16:56:59 status half-installed gpg-wks-client:amd64 2.2.19-3ubuntu2.2
2025-03-17 16:56:59 status unpacked gpg-wks-client:amd64 2.2.19-3ubuntu2.2
2025-03-17 16:56:59 install gpg-wks-server:amd64 <none> 2.2.19-3ubuntu2.2
2025-03-17 16:56:59 status half-installed gpg-wks-server:amd64 2.2.19-3ubuntu2.2
2025-03-17 16:56:59 status unpacked gpg-wks-server:amd64 2.2.19-3ubuntu2.2
2025-03-17 16:56:59 install gpgsm:amd64 <none> 2.2.19-3ubuntu2.2
2025-03-17 16:56:59 status half-installed gpgsm:amd64 2.2.19-3ubuntu2.2
2025-03-17 16:56:59 status unpacked gpgsm:amd64 2.2.19-3ubuntu2.2
2025-03-17 16:56:59 install gnupg:all <none> 2.2.19-3ubuntu2.2
2025-03-17 16:56:59 status half-installed gnupg:all 2.2.19-3ubuntu2.2
2025-03-17 16:56:59 status unpacked gnupg:all 2.2.19-3ubuntu2.2
2025-03-17 16:56:59 install htop:amd64 <none> 2.2.0-2build1
2025-03-17 16:56:59 status half-installed htop:amd64 2.2.0-2build1
2025-03-17 16:56:59 status unpacked htop:amd64 2.2.0-2build1
2025-03-17 16:56:59 install manpages-dev:all <none> 5.05-1
2025-03-17 16:56:59 status half-installed manpages-dev:all 5.05-1
2025-03-17 16:56:59 status unpacked manpages-dev:all 5.05-1
2025-03-17 16:56:59 install ncdu:amd64 <none> 1.14.1-1
2025-03-17 16:56:59 status half-installed ncdu:amd64 1.14.1-1
2025-03-17 16:56:59 status unpacked ncdu:amd64 1.14.1-1
2025-03-17 16:56:59 install net-tools:amd64 <none> 1.60+git20180626.aebd88e-1ubuntu1
2025-03-17 16:56:59 status half-installed net-tools:amd64 1.60+git20180626.aebd88e-1ubuntu1
2025-03-17 16:56:59 status unpacked net-tools:amd64 1.60+git20180626.aebd88e-1ubuntu1
2025-03-17 16:56:59 install tree:amd64 <none> 1.8.0-1
2025-03-17 16:56:59 status half-installed tree:amd64 1.8.0-1
2025-03-17 16:56:59 status unpacked tree:amd64 1.8.0-1
2025-03-17 16:56:59 install gnupg2:all <none> 2.2.19-3ubuntu2.2
2025-03-17 16:56:59 status half-installed gnupg2:all 2.2.19-3ubuntu2.2
2025-03-17 16:56:59 status unpacked gnupg2:all 2.2.19-3ubuntu2.2
2025-03-17 16:56:59 startup packages configure
2025-03-17 16:56:59 configure libksba8:amd64 1.3.5-2ubuntu0.20.04.2 <none>
2025-03-17 16:56:59 status unpacked libksba8:amd64 1.3.5-2ubuntu0.20.04.2
2025-03-17 16:56:59 status half-configured libksba8:amd64 1.3.5-2ubuntu0.20.04.2
2025-03-17 16:56:59 status installed libksba8:amd64 1.3.5-2ubuntu0.20.04.2
2025-03-17 16:56:59 configure pinentry-curses:amd64 1.1.0-3build1 <none>
2025-03-17 16:56:59 status unpacked pinentry-curses:amd64 1.1.0-3build1
2025-03-17 16:56:59 status half-configured pinentry-curses:amd64 1.1.0-3build1
2025-03-17 16:56:59 status installed pinentry-curses:amd64 1.1.0-3build1
2025-03-17 16:56:59 configure ncdu:amd64 1.14.1-1 <none>
2025-03-17 16:56:59 status unpacked ncdu:amd64 1.14.1-1
2025-03-17 16:56:59 status half-configured ncdu:amd64 1.14.1-1
2025-03-17 16:56:59 status installed ncdu:amd64 1.14.1-1
2025-03-17 16:56:59 configure net-tools:amd64 1.60+git20180626.aebd88e-1ubuntu1 <none>
2025-03-17 16:56:59 status unpacked net-tools:amd64 1.60+git20180626.aebd88e-1ubuntu1
2025-03-17 16:56:59 status half-configured net-tools:amd64 1.60+git20180626.aebd88e-1ubuntu1
2025-03-17 16:56:59 status installed net-tools:amd64 1.60+git20180626.aebd88e-1ubuntu1
2025-03-17 16:56:59 configure apt-utils:amd64 2.0.10 <none>
2025-03-17 16:56:59 status unpacked apt-utils:amd64 2.0.10
2025-03-17 16:56:59 status half-configured apt-utils:amd64 2.0.10
2025-03-17 16:56:59 status installed apt-utils:amd64 2.0.10
2025-03-17 16:56:59 configure wget:amd64 1.20.3-1ubuntu2.1 <none>
2025-03-17 16:56:59 status unpacked wget:amd64 1.20.3-1ubuntu2.1
2025-03-17 16:56:59 status half-configured wget:amd64 1.20.3-1ubuntu2.1
2025-03-17 16:56:59 status installed wget:amd64 1.20.3-1ubuntu2.1
2025-03-17 16:56:59 configure apt-transport-https:all 2.0.10 <none>
2025-03-17 16:56:59 status unpacked apt-transport-https:all 2.0.10
2025-03-17 16:56:59 status half-configured apt-transport-https:all 2.0.10
2025-03-17 16:56:59 status installed apt-transport-https:all 2.0.10
2025-03-17 16:56:59 configure psmisc:amd64 23.3-1 <none>
2025-03-17 16:56:59 status unpacked psmisc:amd64 23.3-1
2025-03-17 16:56:59 status half-configured psmisc:amd64 23.3-1
2025-03-17 16:56:59 status installed psmisc:amd64 23.3-1
2025-03-17 16:56:59 configure manpages:all 5.05-1 <none>
2025-03-17 16:56:59 status unpacked manpages:all 5.05-1
2025-03-17 16:56:59 status half-configured manpages:all 5.05-1
2025-03-17 16:56:59 status installed manpages:all 5.05-1
2025-03-17 16:56:59 configure htop:amd64 2.2.0-2build1 <none>
2025-03-17 16:56:59 status unpacked htop:amd64 2.2.0-2build1
2025-03-17 16:56:59 status half-configured htop:amd64 2.2.0-2build1
2025-03-17 16:56:59 status installed htop:amd64 2.2.0-2build1
2025-03-17 16:56:59 configure gpgsm:amd64 2.2.19-3ubuntu2.2 <none>
2025-03-17 16:56:59 status unpacked gpgsm:amd64 2.2.19-3ubuntu2.2
2025-03-17 16:56:59 status half-configured gpgsm:amd64 2.2.19-3ubuntu2.2
2025-03-17 16:56:59 status installed gpgsm:amd64 2.2.19-3ubuntu2.2
2025-03-17 16:56:59 configure less:amd64 551-1ubuntu0.3 <none>
2025-03-17 16:56:59 status unpacked less:amd64 551-1ubuntu0.3
2025-03-17 16:56:59 status half-configured less:amd64 551-1ubuntu0.3
2025-03-17 16:56:59 status installed less:amd64 551-1ubuntu0.3
2025-03-17 16:56:59 configure libcurl3-gnutls:amd64 7.68.0-1ubuntu2.25 <none>
2025-03-17 16:56:59 status unpacked libcurl3-gnutls:amd64 7.68.0-1ubuntu2.25
2025-03-17 16:56:59 status half-configured libcurl3-gnutls:amd64 7.68.0-1ubuntu2.25
2025-03-17 16:56:59 status installed libcurl3-gnutls:amd64 7.68.0-1ubuntu2.25
2025-03-17 16:56:59 configure libnpth0:amd64 1.6-1 <none>
2025-03-17 16:56:59 status unpacked libnpth0:amd64 1.6-1
2025-03-17 16:56:59 status half-configured libnpth0:amd64 1.6-1
2025-03-17 16:56:59 status installed libnpth0:amd64 1.6-1
2025-03-17 16:56:59 configure vim-tiny:amd64 2:8.1.2269-1ubuntu5.31 <none>
2025-03-17 16:56:59 status unpacked vim-tiny:amd64 2:8.1.2269-1ubuntu5.31
2025-03-17 16:56:59 status half-configured vim-tiny:amd64 2:8.1.2269-1ubuntu5.31
2025-03-17 16:56:59 status installed vim-tiny:amd64 2:8.1.2269-1ubuntu5.31
2025-03-17 16:56:59 configure libcbor0.6:amd64 0.6.0-0ubuntu1 <none>
2025-03-17 16:56:59 status unpacked libcbor0.6:amd64 0.6.0-0ubuntu1
2025-03-17 16:56:59 status half-configured libcbor0.6:amd64 0.6.0-0ubuntu1
2025-03-17 16:56:59 status installed libcbor0.6:amd64 0.6.0-0ubuntu1
2025-03-17 16:56:59 configure locales:all 2.31-0ubuntu9.17 <none>
2025-03-17 16:56:59 status unpacked locales:all 2.31-0ubuntu9.17
2025-03-17 16:56:59 status half-configured locales:all 2.31-0ubuntu9.17
2025-03-17 16:57:00 status installed locales:all 2.31-0ubuntu9.17
2025-03-17 16:57:00 configure liberror-perl:all 0.17029-1 <none>
2025-03-17 16:57:00 status unpacked liberror-perl:all 0.17029-1
2025-03-17 16:57:00 status half-configured liberror-perl:all 0.17029-1
2025-03-17 16:57:00 status installed liberror-perl:all 0.17029-1
2025-03-17 16:57:00 configure dirmngr:amd64 2.2.19-3ubuntu2.2 <none>
2025-03-17 16:57:00 status unpacked dirmngr:amd64 2.2.19-3ubuntu2.2
2025-03-17 16:57:00 status half-configured dirmngr:amd64 2.2.19-3ubuntu2.2
2025-03-17 16:57:00 status installed dirmngr:amd64 2.2.19-3ubuntu2.2
2025-03-17 16:57:00 configure gnupg-l10n:all 2.2.19-3ubuntu2.2 <none>
2025-03-17 16:57:00 status unpacked gnupg-l10n:all 2.2.19-3ubuntu2.2
2025-03-17 16:57:00 status half-configured gnupg-l10n:all 2.2.19-3ubuntu2.2
2025-03-17 16:57:00 status installed gnupg-l10n:all 2.2.19-3ubuntu2.2
2025-03-17 16:57:00 configure dialog:amd64 1.3-20190808-1 <none>
2025-03-17 16:57:00 status unpacked dialog:amd64 1.3-20190808-1
2025-03-17 16:57:00 status half-configured dialog:amd64 1.3-20190808-1
2025-03-17 16:57:00 status installed dialog:amd64 1.3-20190808-1
2025-03-17 16:57:00 configure bash-completion:all 1:2.10-1ubuntu1 <none>
2025-03-17 16:57:00 status unpacked bash-completion:all 1:2.10-1ubuntu1
2025-03-17 16:57:00 status half-configured bash-completion:all 1:2.10-1ubuntu1
2025-03-17 16:57:01 status installed bash-completion:all 1:2.10-1ubuntu1
2025-03-17 16:57:01 configure strace:amd64 5.5-3ubuntu1 <none>
2025-03-17 16:57:01 status unpacked strace:amd64 5.5-3ubuntu1
2025-03-17 16:57:01 status half-configured strace:amd64 5.5-3ubuntu1
2025-03-17 16:57:01 status installed strace:amd64 5.5-3ubuntu1
2025-03-17 16:57:01 configure tree:amd64 1.8.0-1 <none>
2025-03-17 16:57:01 status unpacked tree:amd64 1.8.0-1
2025-03-17 16:57:01 status half-configured tree:amd64 1.8.0-1
2025-03-17 16:57:01 status installed tree:amd64 1.8.0-1
2025-03-17 16:57:01 configure libmnl0:amd64 1.0.4-2 <none>
2025-03-17 16:57:01 status unpacked libmnl0:amd64 1.0.4-2
2025-03-17 16:57:01 status half-configured libmnl0:amd64 1.0.4-2
2025-03-17 16:57:01 status installed libmnl0:amd64 1.0.4-2
2025-03-17 16:57:01 configure sudo:amd64 1.8.31-1ubuntu1.5 <none>
2025-03-17 16:57:01 status unpacked sudo:amd64 1.8.31-1ubuntu1.5
2025-03-17 16:57:01 status half-configured sudo:amd64 1.8.31-1ubuntu1.5
2025-03-17 16:57:01 status installed sudo:amd64 1.8.31-1ubuntu1.5
2025-03-17 16:57:01 configure libxtables12:amd64 1.8.4-3ubuntu2.1 <none>
2025-03-17 16:57:01 status unpacked libxtables12:amd64 1.8.4-3ubuntu2.1
2025-03-17 16:57:01 status half-configured libxtables12:amd64 1.8.4-3ubuntu2.1
2025-03-17 16:57:01 status installed libxtables12:amd64 1.8.4-3ubuntu2.1
2025-03-17 16:57:01 configure lsof:amd64 4.93.2+dfsg-1ubuntu0.20.04.1 <none>
2025-03-17 16:57:01 status unpacked lsof:amd64 4.93.2+dfsg-1ubuntu0.20.04.1
2025-03-17 16:57:01 status half-configured lsof:amd64 4.93.2+dfsg-1ubuntu0.20.04.1
2025-03-17 16:57:01 status installed lsof:amd64 4.93.2+dfsg-1ubuntu0.20.04.1
2025-03-17 16:57:01 configure nano:amd64 4.8-1ubuntu1.1 <none>
2025-03-17 16:57:01 status unpacked nano:amd64 4.8-1ubuntu1.1
2025-03-17 16:57:01 status half-configured nano:amd64 4.8-1ubuntu1.1
2025-03-17 16:57:01 status installed nano:amd64 4.8-1ubuntu1.1
2025-03-17 16:57:01 configure git-man:all 1:2.25.1-1ubuntu3.14 <none>
2025-03-17 16:57:01 status unpacked git-man:all 1:2.25.1-1ubuntu3.14
2025-03-17 16:57:01 status half-configured git-man:all 1:2.25.1-1ubuntu3.14
2025-03-17 16:57:01 status installed git-man:all 1:2.25.1-1ubuntu3.14
2025-03-17 16:57:01 configure libfido2-1:amd64 1.3.1-1ubuntu2 <none>
2025-03-17 16:57:01 status unpacked libfido2-1:amd64 1.3.1-1ubuntu2
2025-03-17 16:57:01 status half-configured libfido2-1:amd64 1.3.1-1ubuntu2
2025-03-17 16:57:01 status installed libfido2-1:amd64 1.3.1-1ubuntu2
2025-03-17 16:57:01 configure gnupg-utils:amd64 2.2.19-3ubuntu2.2 <none>
2025-03-17 16:57:01 status unpacked gnupg-utils:amd64 2.2.19-3ubuntu2.2
2025-03-17 16:57:01 status half-configured gnupg-utils:amd64 2.2.19-3ubuntu2.2
2025-03-17 16:57:01 status installed gnupg-utils:amd64 2.2.19-3ubuntu2.2
2025-03-17 16:57:01 configure manpages-dev:all 5.05-1 <none>
2025-03-17 16:57:01 status unpacked manpages-dev:all 5.05-1
2025-03-17 16:57:01 status half-configured manpages-dev:all 5.05-1
2025-03-17 16:57:01 status installed manpages-dev:all 5.05-1
2025-03-17 16:57:01 configure gpg-agent:amd64 2.2.19-3ubuntu2.2 <none>
2025-03-17 16:57:01 status unpacked gpg-agent:amd64 2.2.19-3ubuntu2.2
2025-03-17 16:57:01 status half-configured gpg-agent:amd64 2.2.19-3ubuntu2.2
2025-03-17 16:57:01 status installed gpg-agent:amd64 2.2.19-3ubuntu2.2
2025-03-17 16:57:01 configure gpg-wks-client:amd64 2.2.19-3ubuntu2.2 <none>
2025-03-17 16:57:01 status unpacked gpg-wks-client:amd64 2.2.19-3ubuntu2.2
2025-03-17 16:57:01 status half-configured gpg-wks-client:amd64 2.2.19-3ubuntu2.2
2025-03-17 16:57:01 status installed gpg-wks-client:amd64 2.2.19-3ubuntu2.2
2025-03-17 16:57:01 configure iproute2:amd64 5.5.0-1ubuntu1 <none>
2025-03-17 16:57:01 status unpacked iproute2:amd64 5.5.0-1ubuntu1
2025-03-17 16:57:01 status half-configured iproute2:amd64 5.5.0-1ubuntu1
2025-03-17 16:57:01 status installed iproute2:amd64 5.5.0-1ubuntu1
2025-03-17 16:57:01 configure openssh-client:amd64 1:8.2p1-4ubuntu0.12 <none>
2025-03-17 16:57:01 status unpacked openssh-client:amd64 1:8.2p1-4ubuntu0.12
2025-03-17 16:57:01 status half-configured openssh-client:amd64 1:8.2p1-4ubuntu0.12
2025-03-17 16:57:01 status installed openssh-client:amd64 1:8.2p1-4ubuntu0.12
2025-03-17 16:57:01 configure git:amd64 1:2.25.1-1ubuntu3.14 <none>
2025-03-17 16:57:01 status unpacked git:amd64 1:2.25.1-1ubuntu3.14
2025-03-17 16:57:01 status half-configured git:amd64 1:2.25.1-1ubuntu3.14
2025-03-17 16:57:01 status installed git:amd64 1:2.25.1-1ubuntu3.14
2025-03-17 16:57:01 configure gpg-wks-server:amd64 2.2.19-3ubuntu2.2 <none>
2025-03-17 16:57:01 status unpacked gpg-wks-server:amd64 2.2.19-3ubuntu2.2
2025-03-17 16:57:01 status half-configured gpg-wks-server:amd64 2.2.19-3ubuntu2.2
2025-03-17 16:57:01 status installed gpg-wks-server:amd64 2.2.19-3ubuntu2.2
2025-03-17 16:57:01 configure gnupg:all 2.2.19-3ubuntu2.2 <none>
2025-03-17 16:57:01 status unpacked gnupg:all 2.2.19-3ubuntu2.2
2025-03-17 16:57:01 status half-configured gnupg:all 2.2.19-3ubuntu2.2
2025-03-17 16:57:01 status installed gnupg:all 2.2.19-3ubuntu2.2
2025-03-17 16:57:01 configure gnupg2:all 2.2.19-3ubuntu2.2 <none>
2025-03-17 16:57:01 status unpacked gnupg2:all 2.2.19-3ubuntu2.2
2025-03-17 16:57:01 status half-configured gnupg2:all 2.2.19-3ubuntu2.2
2025-03-17 16:57:01 status installed gnupg2:all 2.2.19-3ubuntu2.2
2025-03-17 16:57:01 trigproc libc-bin:amd64 2.31-0ubuntu9.17 <none>
2025-03-17 16:57:01 status half-configured libc-bin:amd64 2.31-0ubuntu9.17
2025-03-17 16:57:01 status installed libc-bin:amd64 2.31-0ubuntu9.17
2025-03-17 16:57:01 trigproc man-db:amd64 2.9.1-1 <none>
2025-03-17 16:57:01 status half-configured man-db:amd64 2.9.1-1
2025-03-17 16:57:06 status installed man-db:amd64 2.9.1-1
2025-03-17 16:57:06 trigproc mime-support:all 3.64ubuntu1 <none>
2025-03-17 16:57:06 status half-configured mime-support:all 3.64ubuntu1
2025-03-17 16:57:06 status installed mime-support:all 3.64ubuntu1
2025-03-17 16:57:09 startup archives unpack
2025-03-17 16:57:09 install zsh-common:all <none> 5.8-3ubuntu1.1
2025-03-17 16:57:09 status half-installed zsh-common:all 5.8-3ubuntu1.1
2025-03-17 16:57:09 status triggers-pending man-db:amd64 2.9.1-1
2025-03-17 16:57:09 status unpacked zsh-common:all 5.8-3ubuntu1.1
2025-03-17 16:57:09 install zsh:amd64 <none> 5.8-3ubuntu1.1
2025-03-17 16:57:09 status half-installed zsh:amd64 5.8-3ubuntu1.1
2025-03-17 16:57:09 status unpacked zsh:amd64 5.8-3ubuntu1.1
2025-03-17 16:57:09 startup packages configure
2025-03-17 16:57:09 configure zsh-common:all 5.8-3ubuntu1.1 <none>
2025-03-17 16:57:09 status unpacked zsh-common:all 5.8-3ubuntu1.1
2025-03-17 16:57:09 status half-configured zsh-common:all 5.8-3ubuntu1.1
2025-03-17 16:57:09 status installed zsh-common:all 5.8-3ubuntu1.1
2025-03-17 16:57:09 configure zsh:amd64 5.8-3ubuntu1.1 <none>
2025-03-17 16:57:09 status unpacked zsh:amd64 5.8-3ubuntu1.1
2025-03-17 16:57:09 status half-configured zsh:amd64 5.8-3ubuntu1.1
2025-03-17 16:57:09 status installed zsh:amd64 5.8-3ubuntu1.1
2025-03-17 16:57:09 trigproc man-db:amd64 2.9.1-1 <none>
2025-03-17 16:57:09 status half-configured man-db:amd64 2.9.1-1
2025-03-17 16:57:10 status installed man-db:amd64 2.9.1-1
2025-03-17 16:57:19 startup archives unpack
2025-03-17 16:57:19 install libcurl4-openssl-dev:amd64 <none> 7.68.0-1ubuntu2.25
2025-03-17 16:57:19 status half-installed libcurl4-openssl-dev:amd64 7.68.0-1ubuntu2.25
2025-03-17 16:57:20 status triggers-pending man-db:amd64 2.9.1-1
2025-03-17 16:57:20 status unpacked libcurl4-openssl-dev:amd64 7.68.0-1ubuntu2.25
2025-03-17 16:57:20 startup packages configure
2025-03-17 16:57:20 configure libcurl4-openssl-dev:amd64 7.68.0-1ubuntu2.25 <none>
2025-03-17 16:57:20 status unpacked libcurl4-openssl-dev:amd64 7.68.0-1ubuntu2.25
2025-03-17 16:57:20 status half-configured libcurl4-openssl-dev:amd64 7.68.0-1ubuntu2.25
2025-03-17 16:57:20 status installed libcurl4-openssl-dev:amd64 7.68.0-1ubuntu2.25
2025-03-17 16:57:20 trigproc man-db:amd64 2.9.1-1 <none>
2025-03-17 16:57:20 status half-configured man-db:amd64 2.9.1-1
2025-03-17 16:57:20 status installed man-db:amd64 2.9.1-1
2025-03-17 16:59:57 startup archives unpack
2025-03-17 16:59:57 install icu-devtools:amd64 <none> 66.1-2ubuntu2.1
2025-03-17 16:59:57 status half-installed icu-devtools:amd64 66.1-2ubuntu2.1
2025-03-17 16:59:57 status triggers-pending man-db:amd64 2.9.1-1
2025-03-17 16:59:57 status unpacked icu-devtools:amd64 66.1-2ubuntu2.1
2025-03-17 16:59:57 startup packages configure
2025-03-17 16:59:57 configure icu-devtools:amd64 66.1-2ubuntu2.1 <none>
2025-03-17 16:59:57 status unpacked icu-devtools:amd64 66.1-2ubuntu2.1
2025-03-17 16:59:57 status half-configured icu-devtools:amd64 66.1-2ubuntu2.1
2025-03-17 16:59:57 status installed icu-devtools:amd64 66.1-2ubuntu2.1
2025-03-17 16:59:57 trigproc man-db:amd64 2.9.1-1 <none>
2025-03-17 16:59:57 status half-configured man-db:amd64 2.9.1-1
2025-03-17 16:59:57 status installed man-db:amd64 2.9.1-1
2025-03-17 17:00:20 startup archives unpack
2025-03-17 17:00:20 install yarn:all <none> 1.22.22-1
2025-03-17 17:00:20 status half-installed yarn:all 1.22.22-1
2025-03-17 17:00:20 status unpacked yarn:all 1.22.22-1
2025-03-17 17:00:20 startup packages configure
2025-03-17 17:00:20 configure yarn:all 1.22.22-1 <none>
2025-03-17 17:00:20 status unpacked yarn:all 1.22.22-1
2025-03-17 17:00:20 status half-configured yarn:all 1.22.22-1
2025-03-17 17:00:20 status installed yarn:all 1.22.22-1
2025-03-17 17:00:34 startup archives unpack
2025-03-17 17:00:34 install conda:amd64 <none> 24.5.0-0
2025-03-17 17:00:34 status half-installed conda:amd64 24.5.0-0
2025-03-17 17:00:37 status unpacked conda:amd64 24.5.0-0
2025-03-17 17:00:37 startup packages configure
2025-03-17 17:00:37 configure conda:amd64 24.5.0-0 <none>
2025-03-17 17:00:37 status unpacked conda:amd64 24.5.0-0
2025-03-17 17:00:37 status half-configured conda:amd64 24.5.0-0
2025-03-17 17:00:37 status installed conda:amd64 24.5.0-0
2025-03-17 17:00:59 startup archives unpack
2025-03-17 17:00:59 install libmagic-mgc:amd64 <none> 1:5.38-4
2025-03-17 17:00:59 status half-installed libmagic-mgc:amd64 1:5.38-4
2025-03-17 17:00:59 status unpacked libmagic-mgc:amd64 1:5.38-4
2025-03-17 17:00:59 install libmagic1:amd64 <none> 1:5.38-4
2025-03-17 17:00:59 status triggers-pending libc-bin:amd64 2.31-0ubuntu9.17
2025-03-17 17:00:59 status half-installed libmagic1:amd64 1:5.38-4
2025-03-17 17:00:59 status triggers-pending man-db:amd64 2.9.1-1
2025-03-17 17:00:59 status unpacked libmagic1:amd64 1:5.38-4
2025-03-17 17:00:59 install file:amd64 <none> 1:5.38-4
2025-03-17 17:00:59 status half-installed file:amd64 1:5.38-4
2025-03-17 17:00:59 status unpacked file:amd64 1:5.38-4
2025-03-17 17:00:59 install libsodium23:amd64 <none> 1.0.18-1
2025-03-17 17:00:59 status half-installed libsodium23:amd64 1.0.18-1
2025-03-17 17:00:59 status unpacked libsodium23:amd64 1.0.18-1
2025-03-17 17:00:59 install libargon2-dev:amd64 <none> 0~20171227-0.2
2025-03-17 17:00:59 status half-installed libargon2-dev:amd64 0~20171227-0.2
2025-03-17 17:00:59 status unpacked libargon2-dev:amd64 0~20171227-0.2
2025-03-17 17:00:59 install libbsd-dev:amd64 <none> 0.10.0-1
2025-03-17 17:00:59 status half-installed libbsd-dev:amd64 0.10.0-1
2025-03-17 17:00:59 status unpacked libbsd-dev:amd64 0.10.0-1
2025-03-17 17:00:59 install libedit-dev:amd64 <none> 3.1-20191231-1
2025-03-17 17:00:59 status half-installed libedit-dev:amd64 3.1-20191231-1
2025-03-17 17:00:59 status unpacked libedit-dev:amd64 3.1-20191231-1
2025-03-17 17:00:59 install libicu-dev:amd64 <none> 66.1-2ubuntu2.1
2025-03-17 17:00:59 status half-installed libicu-dev:amd64 66.1-2ubuntu2.1
2025-03-17 17:01:00 status unpacked libicu-dev:amd64 66.1-2ubuntu2.1
2025-03-17 17:01:00 install libonig-dev:amd64 <none> 6.9.4-1
2025-03-17 17:01:00 status half-installed libonig-dev:amd64 6.9.4-1
2025-03-17 17:01:00 status unpacked libonig-dev:amd64 6.9.4-1
2025-03-17 17:01:00 install libsodium-dev:amd64 <none> 1.0.18-1
2025-03-17 17:01:00 status half-installed libsodium-dev:amd64 1.0.18-1
2025-03-17 17:01:00 status unpacked libsodium-dev:amd64 1.0.18-1
2025-03-17 17:01:00 install libxml2-dev:amd64 <none> 2.9.10+dfsg-5ubuntu0.20.04.9
2025-03-17 17:01:00 status half-installed libxml2-dev:amd64 2.9.10+dfsg-5ubuntu0.20.04.9
2025-03-17 17:01:00 status unpacked libxml2-dev:amd64 2.9.10+dfsg-5ubuntu0.20.04.9
2025-03-17 17:01:00 install re2c:amd64 <none> 1.3-1ubuntu0.1
2025-03-17 17:01:00 status half-installed re2c:amd64 1.3-1ubuntu0.1
2025-03-17 17:01:00 status unpacked re2c:amd64 1.3-1ubuntu0.1
2025-03-17 17:01:00 startup packages configure
2025-03-17 17:01:00 configure libsodium23:amd64 1.0.18-1 <none>
2025-03-17 17:01:00 status unpacked libsodium23:amd64 1.0.18-1
2025-03-17 17:01:00 status half-configured libsodium23:amd64 1.0.18-1
2025-03-17 17:01:00 status installed libsodium23:amd64 1.0.18-1
2025-03-17 17:01:00 configure libmagic-mgc:amd64 1:5.38-4 <none>
2025-03-17 17:01:00 status unpacked libmagic-mgc:amd64 1:5.38-4
2025-03-17 17:01:00 status half-configured libmagic-mgc:amd64 1:5.38-4
2025-03-17 17:01:00 status installed libmagic-mgc:amd64 1:5.38-4
2025-03-17 17:01:00 configure libonig-dev:amd64 6.9.4-1 <none>
2025-03-17 17:01:00 status unpacked libonig-dev:amd64 6.9.4-1
2025-03-17 17:01:00 status half-configured libonig-dev:amd64 6.9.4-1
2025-03-17 17:01:00 status installed libonig-dev:amd64 6.9.4-1
2025-03-17 17:01:00 configure libmagic1:amd64 1:5.38-4 <none>
2025-03-17 17:01:00 status unpacked libmagic1:amd64 1:5.38-4
2025-03-17 17:01:00 status half-configured libmagic1:amd64 1:5.38-4
2025-03-17 17:01:00 status installed libmagic1:amd64 1:5.38-4
2025-03-17 17:01:00 configure file:amd64 1:5.38-4 <none>
2025-03-17 17:01:00 status unpacked file:amd64 1:5.38-4
2025-03-17 17:01:00 status half-configured file:amd64 1:5.38-4
2025-03-17 17:01:00 status installed file:amd64 1:5.38-4
2025-03-17 17:01:00 configure libsodium-dev:amd64 1.0.18-1 <none>
2025-03-17 17:01:00 status unpacked libsodium-dev:amd64 1.0.18-1
2025-03-17 17:01:00 status half-configured libsodium-dev:amd64 1.0.18-1
2025-03-17 17:01:00 status installed libsodium-dev:amd64 1.0.18-1
2025-03-17 17:01:00 configure re2c:amd64 1.3-1ubuntu0.1 <none>
2025-03-17 17:01:00 status unpacked re2c:amd64 1.3-1ubuntu0.1
2025-03-17 17:01:00 status half-configured re2c:amd64 1.3-1ubuntu0.1
2025-03-17 17:01:00 status installed re2c:amd64 1.3-1ubuntu0.1
2025-03-17 17:01:00 configure libargon2-dev:amd64 0~20171227-0.2 <none>
2025-03-17 17:01:00 status unpacked libargon2-dev:amd64 0~20171227-0.2
2025-03-17 17:01:00 status half-configured libargon2-dev:amd64 0~20171227-0.2
2025-03-17 17:01:00 status installed libargon2-dev:amd64 0~20171227-0.2
2025-03-17 17:01:00 configure libicu-dev:amd64 66.1-2ubuntu2.1 <none>
2025-03-17 17:01:00 status unpacked libicu-dev:amd64 66.1-2ubuntu2.1
2025-03-17 17:01:00 status half-configured libicu-dev:amd64 66.1-2ubuntu2.1
2025-03-17 17:01:00 status installed libicu-dev:amd64 66.1-2ubuntu2.1
2025-03-17 17:01:00 configure libbsd-dev:amd64 0.10.0-1 <none>
2025-03-17 17:01:00 status unpacked libbsd-dev:amd64 0.10.0-1
2025-03-17 17:01:00 status half-configured libbsd-dev:amd64 0.10.0-1
2025-03-17 17:01:00 status installed libbsd-dev:amd64 0.10.0-1
2025-03-17 17:01:00 configure libxml2-dev:amd64 2.9.10+dfsg-5ubuntu0.20.04.9 <none>
2025-03-17 17:01:00 status unpacked libxml2-dev:amd64 2.9.10+dfsg-5ubuntu0.20.04.9
2025-03-17 17:01:00 status half-configured libxml2-dev:amd64 2.9.10+dfsg-5ubuntu0.20.04.9
2025-03-17 17:01:00 status installed libxml2-dev:amd64 2.9.10+dfsg-5ubuntu0.20.04.9
2025-03-17 17:01:00 configure libedit-dev:amd64 3.1-20191231-1 <none>
2025-03-17 17:01:00 status unpacked libedit-dev:amd64 3.1-20191231-1
2025-03-17 17:01:00 status half-configured libedit-dev:amd64 3.1-20191231-1
2025-03-17 17:01:00 status installed libedit-dev:amd64 3.1-20191231-1
2025-03-17 17:01:00 trigproc man-db:amd64 2.9.1-1 <none>
2025-03-17 17:01:00 status half-configured man-db:amd64 2.9.1-1
2025-03-17 17:01:00 status installed man-db:amd64 2.9.1-1
2025-03-17 17:01:00 trigproc libc-bin:amd64 2.31-0ubuntu9.17 <none>
2025-03-17 17:01:00 status half-configured libc-bin:amd64 2.31-0ubuntu9.17
2025-03-17 17:01:00 status installed libc-bin:amd64 2.31-0ubuntu9.17
2025-03-17 17:05:55 startup archives unpack
2025-03-17 17:05:56 install gawk:amd64 <none> 1:5.0.1+dfsg-1ubuntu0.1
2025-03-17 17:05:56 status half-installed gawk:amd64 1:5.0.1+dfsg-1ubuntu0.1
2025-03-17 17:05:56 status triggers-pending man-db:amd64 2.9.1-1
2025-03-17 17:05:56 status unpacked gawk:amd64 1:5.0.1+dfsg-1ubuntu0.1
2025-03-17 17:05:56 install bison:amd64 <none> 2:3.5.1+dfsg-1
2025-03-17 17:05:56 status half-installed bison:amd64 2:3.5.1+dfsg-1
2025-03-17 17:05:56 status unpacked bison:amd64 2:3.5.1+dfsg-1
2025-03-17 17:05:56 install libgdbm-dev:amd64 <none> 1.18.1-5
2025-03-17 17:05:56 status half-installed libgdbm-dev:amd64 1.18.1-5
2025-03-17 17:05:56 status unpacked libgdbm-dev:amd64 1.18.1-5
2025-03-17 17:05:56 install libgmpxx4ldbl:amd64 <none> 2:6.2.0+dfsg-4ubuntu0.1
2025-03-17 17:05:56 status triggers-pending libc-bin:amd64 2.31-0ubuntu9.17
2025-03-17 17:05:56 status half-installed libgmpxx4ldbl:amd64 2:6.2.0+dfsg-4ubuntu0.1
2025-03-17 17:05:56 status unpacked libgmpxx4ldbl:amd64 2:6.2.0+dfsg-4ubuntu0.1
2025-03-17 17:05:56 install libgmp-dev:amd64 <none> 2:6.2.0+dfsg-4ubuntu0.1
2025-03-17 17:05:56 status half-installed libgmp-dev:amd64 2:6.2.0+dfsg-4ubuntu0.1
2025-03-17 17:05:56 status unpacked libgmp-dev:amd64 2:6.2.0+dfsg-4ubuntu0.1
2025-03-17 17:05:56 install libncurses5-dev:amd64 <none> 6.2-0ubuntu2.1
2025-03-17 17:05:56 status half-installed libncurses5-dev:amd64 6.2-0ubuntu2.1
2025-03-17 17:05:56 status unpacked libncurses5-dev:amd64 6.2-0ubuntu2.1
2025-03-17 17:05:56 install libreadline-dev:amd64 <none> 8.0-4
2025-03-17 17:05:56 status half-installed libreadline-dev:amd64 8.0-4
2025-03-17 17:05:56 status unpacked libreadline-dev:amd64 8.0-4
2025-03-17 17:05:56 install libtool:all <none> 2.4.6-14
2025-03-17 17:05:56 status half-installed libtool:all 2.4.6-14
2025-03-17 17:05:56 status unpacked libtool:all 2.4.6-14
2025-03-17 17:05:56 install libyaml-dev:amd64 <none> 0.2.2-1
2025-03-17 17:05:56 status half-installed libyaml-dev:amd64 0.2.2-1
2025-03-17 17:05:56 status unpacked libyaml-dev:amd64 0.2.2-1
2025-03-17 17:05:56 startup packages configure
2025-03-17 17:05:56 configure libyaml-dev:amd64 0.2.2-1 <none>
2025-03-17 17:05:56 status unpacked libyaml-dev:amd64 0.2.2-1
2025-03-17 17:05:56 status half-configured libyaml-dev:amd64 0.2.2-1
2025-03-17 17:05:56 status installed libyaml-dev:amd64 0.2.2-1
2025-03-17 17:05:56 configure libtool:all 2.4.6-14 <none>
2025-03-17 17:05:56 status unpacked libtool:all 2.4.6-14
2025-03-17 17:05:56 status half-configured libtool:all 2.4.6-14
2025-03-17 17:05:56 status installed libtool:all 2.4.6-14
2025-03-17 17:05:56 configure gawk:amd64 1:5.0.1+dfsg-1ubuntu0.1 <none>
2025-03-17 17:05:56 status unpacked gawk:amd64 1:5.0.1+dfsg-1ubuntu0.1
2025-03-17 17:05:56 status half-configured gawk:amd64 1:5.0.1+dfsg-1ubuntu0.1
2025-03-17 17:05:56 status installed gawk:amd64 1:5.0.1+dfsg-1ubuntu0.1
2025-03-17 17:05:56 configure libreadline-dev:amd64 8.0-4 <none>
2025-03-17 17:05:56 status unpacked libreadline-dev:amd64 8.0-4
2025-03-17 17:05:56 status half-configured libreadline-dev:amd64 8.0-4
2025-03-17 17:05:56 status installed libreadline-dev:amd64 8.0-4
2025-03-17 17:05:56 configure libgmpxx4ldbl:amd64 2:6.2.0+dfsg-4ubuntu0.1 <none>
2025-03-17 17:05:56 status unpacked libgmpxx4ldbl:amd64 2:6.2.0+dfsg-4ubuntu0.1
2025-03-17 17:05:56 status half-configured libgmpxx4ldbl:amd64 2:6.2.0+dfsg-4ubuntu0.1
2025-03-17 17:05:56 status installed libgmpxx4ldbl:amd64 2:6.2.0+dfsg-4ubuntu0.1
2025-03-17 17:05:56 configure libncurses5-dev:amd64 6.2-0ubuntu2.1 <none>
2025-03-17 17:05:56 status unpacked libncurses5-dev:amd64 6.2-0ubuntu2.1
2025-03-17 17:05:56 status half-configured libncurses5-dev:amd64 6.2-0ubuntu2.1
2025-03-17 17:05:56 status installed libncurses5-dev:amd64 6.2-0ubuntu2.1
2025-03-17 17:05:56 configure bison:amd64 2:3.5.1+dfsg-1 <none>
2025-03-17 17:05:56 status unpacked bison:amd64 2:3.5.1+dfsg-1
2025-03-17 17:05:56 status half-configured bison:amd64 2:3.5.1+dfsg-1
2025-03-17 17:05:56 status installed bison:amd64 2:3.5.1+dfsg-1
2025-03-17 17:05:56 configure libgdbm-dev:amd64 1.18.1-5 <none>
2025-03-17 17:05:56 status unpacked libgdbm-dev:amd64 1.18.1-5
2025-03-17 17:05:56 status half-configured libgdbm-dev:amd64 1.18.1-5
2025-03-17 17:05:56 status installed libgdbm-dev:amd64 1.18.1-5
2025-03-17 17:05:56 configure libgmp-dev:amd64 2:6.2.0+dfsg-4ubuntu0.1 <none>
2025-03-17 17:05:56 status unpacked libgmp-dev:amd64 2:6.2.0+dfsg-4ubuntu0.1
2025-03-17 17:05:56 status half-configured libgmp-dev:amd64 2:6.2.0+dfsg-4ubuntu0.1
2025-03-17 17:05:56 status installed libgmp-dev:amd64 2:6.2.0+dfsg-4ubuntu0.1
2025-03-17 17:05:56 trigproc man-db:amd64 2.9.1-1 <none>
2025-03-17 17:05:56 status half-configured man-db:amd64 2.9.1-1
2025-03-17 17:05:56 status installed man-db:amd64 2.9.1-1
2025-03-17 17:05:56 trigproc libc-bin:amd64 2.31-0ubuntu9.17 <none>
2025-03-17 17:05:56 status half-configured libc-bin:amd64 2.31-0ubuntu9.17
2025-03-17 17:05:56 status installed libc-bin:amd64 2.31-0ubuntu9.17
2025-03-17 17:08:58 startup archives unpack
2025-03-17 17:08:58 install libwrap0:amd64 <none> 7.6.q-30
2025-03-17 17:08:58 status triggers-pending libc-bin:amd64 2.31-0ubuntu9.17
2025-03-17 17:08:58 status half-installed libwrap0:amd64 7.6.q-30
2025-03-17 17:08:58 status triggers-pending man-db:amd64 2.9.1-1
2025-03-17 17:08:58 status unpacked libwrap0:amd64 7.6.q-30
2025-03-17 17:08:58 install openssh-sftp-server:amd64 <none> 1:8.2p1-4ubuntu0.12
2025-03-17 17:08:58 status half-installed openssh-sftp-server:amd64 1:8.2p1-4ubuntu0.12
2025-03-17 17:08:58 status unpacked openssh-sftp-server:amd64 1:8.2p1-4ubuntu0.12
2025-03-17 17:08:58 install openssh-server:amd64 <none> 1:8.2p1-4ubuntu0.12
2025-03-17 17:08:58 status half-installed openssh-server:amd64 1:8.2p1-4ubuntu0.12
2025-03-17 17:08:58 status triggers-pending systemd:amd64 245.4-4ubuntu3.24
2025-03-17 17:08:58 status unpacked openssh-server:amd64 1:8.2p1-4ubuntu0.12
2025-03-17 17:08:58 startup packages configure
2025-03-17 17:08:58 configure openssh-sftp-server:amd64 1:8.2p1-4ubuntu0.12 <none>
2025-03-17 17:08:58 status unpacked openssh-sftp-server:amd64 1:8.2p1-4ubuntu0.12
2025-03-17 17:08:58 status half-configured openssh-sftp-server:amd64 1:8.2p1-4ubuntu0.12
2025-03-17 17:08:58 status installed openssh-sftp-server:amd64 1:8.2p1-4ubuntu0.12
2025-03-17 17:08:58 configure libwrap0:amd64 7.6.q-30 <none>
2025-03-17 17:08:58 status unpacked libwrap0:amd64 7.6.q-30
2025-03-17 17:08:58 status half-configured libwrap0:amd64 7.6.q-30
2025-03-17 17:08:58 status installed libwrap0:amd64 7.6.q-30
2025-03-17 17:08:58 configure openssh-server:amd64 1:8.2p1-4ubuntu0.12 <none>
2025-03-17 17:08:58 status unpacked openssh-server:amd64 1:8.2p1-4ubuntu0.12
2025-03-17 17:08:58 status half-configured openssh-server:amd64 1:8.2p1-4ubuntu0.12
2025-03-17 17:08:59 status installed openssh-server:amd64 1:8.2p1-4ubuntu0.12
2025-03-17 17:08:59 trigproc systemd:amd64 245.4-4ubuntu3.24 <none>
2025-03-17 17:08:59 status half-configured systemd:amd64 245.4-4ubuntu3.24
2025-03-17 17:08:59 status installed systemd:amd64 245.4-4ubuntu3.24
2025-03-17 17:08:59 trigproc man-db:amd64 2.9.1-1 <none>
2025-03-17 17:08:59 status half-configured man-db:amd64 2.9.1-1
2025-03-17 17:08:59 status installed man-db:amd64 2.9.1-1
2025-03-17 17:08:59 trigproc libc-bin:amd64 2.31-0ubuntu9.17 <none>
2025-03-17 17:08:59 status half-configured libc-bin:amd64 2.31-0ubuntu9.17
2025-03-17 17:08:59 status installed libc-bin:amd64 2.31-0ubuntu9.17
2025-03-17 17:09:06 startup archives unpack
2025-03-17 17:09:06 install git-lfs:amd64 <none> 3.6.1
2025-03-17 17:09:06 status half-installed git-lfs:amd64 3.6.1
2025-03-17 17:09:06 status triggers-pending man-db:amd64 2.9.1-1
2025-03-17 17:09:06 status unpacked git-lfs:amd64 3.6.1
2025-03-17 17:09:06 startup packages configure
2025-03-17 17:09:06 configure git-lfs:amd64 3.6.1 <none>
2025-03-17 17:09:06 status unpacked git-lfs:amd64 3.6.1
2025-03-17 17:09:06 status half-configured git-lfs:amd64 3.6.1
2025-03-17 17:09:06 status installed git-lfs:amd64 3.6.1
2025-03-17 17:09:06 trigproc man-db:amd64 2.9.1-1 <none>
2025-03-17 17:09:06 status half-configured man-db:amd64 2.9.1-1
2025-03-17 17:09:07 status installed man-db:amd64 2.9.1-1
2025-03-17 17:09:08 startup archives install
2025-03-17 17:09:08 install gh:amd64 <none> 2.68.1
2025-03-17 17:09:08 status half-installed gh:amd64 2.68.1
2025-03-17 17:09:08 status triggers-pending man-db:amd64 2.9.1-1
2025-03-17 17:09:08 status unpacked gh:amd64 2.68.1
2025-03-17 17:09:08 configure gh:amd64 2.68.1 2.68.1
2025-03-17 17:09:08 status half-configured gh:amd64 2.68.1
2025-03-17 17:09:08 status installed gh:amd64 2.68.1
2025-03-17 17:09:08 trigproc man-db:amd64 2.9.1-1 <none>
2025-03-17 17:09:08 status half-configured man-db:amd64 2.9.1-1
2025-03-17 17:09:08 status installed man-db:amd64 2.9.1-1
2025-03-17 17:09:15 startup archives unpack
2025-03-17 17:09:15 install pigz:amd64 <none> 2.4-1
2025-03-17 17:09:15 status half-installed pigz:amd64 2.4-1
2025-03-17 17:09:15 status triggers-pending man-db:amd64 2.9.1-1
2025-03-17 17:09:15 status unpacked pigz:amd64 2.4-1
2025-03-17 17:09:15 install netbase:all <none> 6.1
2025-03-17 17:09:15 status half-installed netbase:all 6.1
2025-03-17 17:09:15 status unpacked netbase:all 6.1
2025-03-17 17:09:15 install libip6tc2:amd64 <none> 1.8.4-3ubuntu2.1
2025-03-17 17:09:15 status triggers-pending libc-bin:amd64 2.31-0ubuntu9.17
2025-03-17 17:09:15 status half-installed libip6tc2:amd64 1.8.4-3ubuntu2.1
2025-03-17 17:09:15 status unpacked libip6tc2:amd64 1.8.4-3ubuntu2.1
2025-03-17 17:09:15 install libnfnetlink0:amd64 <none> 1.0.1-3build1
2025-03-17 17:09:15 status half-installed libnfnetlink0:amd64 1.0.1-3build1
2025-03-17 17:09:15 status unpacked libnfnetlink0:amd64 1.0.1-3build1
2025-03-17 17:09:15 install libnetfilter-conntrack3:amd64 <none> 1.0.7-2
2025-03-17 17:09:15 status half-installed libnetfilter-conntrack3:amd64 1.0.7-2
2025-03-17 17:09:15 status unpacked libnetfilter-conntrack3:amd64 1.0.7-2
2025-03-17 17:09:15 install libnftnl11:amd64 <none> 1.1.5-1
2025-03-17 17:09:15 status half-installed libnftnl11:amd64 1.1.5-1
2025-03-17 17:09:15 status unpacked libnftnl11:amd64 1.1.5-1
2025-03-17 17:09:15 install iptables:amd64 <none> 1.8.4-3ubuntu2.1
2025-03-17 17:09:15 status half-installed iptables:amd64 1.8.4-3ubuntu2.1
2025-03-17 17:09:15 status unpacked iptables:amd64 1.8.4-3ubuntu2.1
2025-03-17 17:09:15 startup packages configure
2025-03-17 17:09:15 configure libip6tc2:amd64 1.8.4-3ubuntu2.1 <none>
2025-03-17 17:09:15 status unpacked libip6tc2:amd64 1.8.4-3ubuntu2.1
2025-03-17 17:09:15 status half-configured libip6tc2:amd64 1.8.4-3ubuntu2.1
2025-03-17 17:09:15 status installed libip6tc2:amd64 1.8.4-3ubuntu2.1
2025-03-17 17:09:15 configure libnftnl11:amd64 1.1.5-1 <none>
2025-03-17 17:09:15 status unpacked libnftnl11:amd64 1.1.5-1
2025-03-17 17:09:15 status half-configured libnftnl11:amd64 1.1.5-1
2025-03-17 17:09:15 status installed libnftnl11:amd64 1.1.5-1
2025-03-17 17:09:15 configure pigz:amd64 2.4-1 <none>
2025-03-17 17:09:15 status unpacked pigz:amd64 2.4-1
2025-03-17 17:09:15 status half-configured pigz:amd64 2.4-1
2025-03-17 17:09:15 status installed pigz:amd64 2.4-1
2025-03-17 17:09:15 configure libnfnetlink0:amd64 1.0.1-3build1 <none>
2025-03-17 17:09:15 status unpacked libnfnetlink0:amd64 1.0.1-3build1
2025-03-17 17:09:15 status half-configured libnfnetlink0:amd64 1.0.1-3build1
2025-03-17 17:09:15 status installed libnfnetlink0:amd64 1.0.1-3build1
2025-03-17 17:09:15 configure netbase:all 6.1 <none>
2025-03-17 17:09:15 status unpacked netbase:all 6.1
2025-03-17 17:09:15 status half-configured netbase:all 6.1
2025-03-17 17:09:15 status installed netbase:all 6.1
2025-03-17 17:09:15 configure libnetfilter-conntrack3:amd64 1.0.7-2 <none>
2025-03-17 17:09:15 status unpacked libnetfilter-conntrack3:amd64 1.0.7-2
2025-03-17 17:09:15 status half-configured libnetfilter-conntrack3:amd64 1.0.7-2
2025-03-17 17:09:15 status installed libnetfilter-conntrack3:amd64 1.0.7-2
2025-03-17 17:09:15 configure iptables:amd64 1.8.4-3ubuntu2.1 <none>
2025-03-17 17:09:15 status unpacked iptables:amd64 1.8.4-3ubuntu2.1
2025-03-17 17:09:15 status half-configured iptables:amd64 1.8.4-3ubuntu2.1
2025-03-17 17:09:15 status installed iptables:amd64 1.8.4-3ubuntu2.1
2025-03-17 17:09:15 trigproc man-db:amd64 2.9.1-1 <none>
2025-03-17 17:09:15 status half-configured man-db:amd64 2.9.1-1
2025-03-17 17:09:15 status installed man-db:amd64 2.9.1-1
2025-03-17 17:09:15 trigproc libc-bin:amd64 2.31-0ubuntu9.17 <none>
2025-03-17 17:09:15 status half-configured libc-bin:amd64 2.31-0ubuntu9.17
2025-03-17 17:09:15 status installed libc-bin:amd64 2.31-0ubuntu9.17
2025-03-17 17:09:24 startup archives unpack
2025-03-17 17:09:24 install moby-buildx:amd64 <none> 0.21.2-ubuntu20.04u1
2025-03-17 17:09:24 status half-installed moby-buildx:amd64 0.21.2-ubuntu20.04u1
2025-03-17 17:09:25 status unpacked moby-buildx:amd64 0.21.2-ubuntu20.04u1
2025-03-17 17:09:25 install moby-cli:amd64 <none> 27.5.1-ubuntu20.04u1
2025-03-17 17:09:25 status half-installed moby-cli:amd64 27.5.1-ubuntu20.04u1
2025-03-17 17:09:25 status unpacked moby-cli:amd64 27.5.1-ubuntu20.04u1
2025-03-17 17:09:25 install moby-runc:amd64 <none> 1.1.15-ubuntu20.04u1
2025-03-17 17:09:25 status half-installed moby-runc:amd64 1.1.15-ubuntu20.04u1
2025-03-17 17:09:25 status triggers-pending man-db:amd64 2.9.1-1
2025-03-17 17:09:25 status unpacked moby-runc:amd64 1.1.15-ubuntu20.04u1
2025-03-17 17:09:25 install moby-containerd:amd64 <none> 1.7.26-ubuntu20.04u1
2025-03-17 17:09:25 status half-installed moby-containerd:amd64 1.7.26-ubuntu20.04u1
2025-03-17 17:09:26 status unpacked moby-containerd:amd64 1.7.26-ubuntu20.04u1
2025-03-17 17:09:26 install moby-tini:amd64 <none> 0.19.0-ubuntu20.04u1
2025-03-17 17:09:26 status half-installed moby-tini:amd64 0.19.0-ubuntu20.04u1
2025-03-17 17:09:26 status unpacked moby-tini:amd64 0.19.0-ubuntu20.04u1
2025-03-17 17:09:26 install moby-engine:amd64 <none> 27.5.1-ubuntu20.04u1
2025-03-17 17:09:26 status half-installed moby-engine:amd64 27.5.1-ubuntu20.04u1
2025-03-17 17:09:26 status unpacked moby-engine:amd64 27.5.1-ubuntu20.04u1
2025-03-17 17:09:26 startup packages configure
2025-03-17 17:09:26 configure moby-buildx:amd64 0.21.2-ubuntu20.04u1 <none>
2025-03-17 17:09:26 status unpacked moby-buildx:amd64 0.21.2-ubuntu20.04u1
2025-03-17 17:09:26 status half-configured moby-buildx:amd64 0.21.2-ubuntu20.04u1
2025-03-17 17:09:26 status installed moby-buildx:amd64 0.21.2-ubuntu20.04u1
2025-03-17 17:09:26 configure moby-tini:amd64 0.19.0-ubuntu20.04u1 <none>
2025-03-17 17:09:26 status unpacked moby-tini:amd64 0.19.0-ubuntu20.04u1
2025-03-17 17:09:26 status half-configured moby-tini:amd64 0.19.0-ubuntu20.04u1
2025-03-17 17:09:26 status installed moby-tini:amd64 0.19.0-ubuntu20.04u1
2025-03-17 17:09:26 configure moby-runc:amd64 1.1.15-ubuntu20.04u1 <none>
2025-03-17 17:09:26 status unpacked moby-runc:amd64 1.1.15-ubuntu20.04u1
2025-03-17 17:09:26 status half-configured moby-runc:amd64 1.1.15-ubuntu20.04u1
2025-03-17 17:09:26 status installed moby-runc:amd64 1.1.15-ubuntu20.04u1
2025-03-17 17:09:26 configure moby-cli:amd64 27.5.1-ubuntu20.04u1 <none>
2025-03-17 17:09:26 status unpacked moby-cli:amd64 27.5.1-ubuntu20.04u1
2025-03-17 17:09:26 status half-configured moby-cli:amd64 27.5.1-ubuntu20.04u1
2025-03-17 17:09:26 status installed moby-cli:amd64 27.5.1-ubuntu20.04u1
2025-03-17 17:09:26 configure moby-containerd:amd64 1.7.26-ubuntu20.04u1 <none>
2025-03-17 17:09:26 status unpacked moby-containerd:amd64 1.7.26-ubuntu20.04u1
2025-03-17 17:09:26 status half-configured moby-containerd:amd64 1.7.26-ubuntu20.04u1
2025-03-17 17:09:27 status installed moby-containerd:amd64 1.7.26-ubuntu20.04u1
2025-03-17 17:09:27 configure moby-engine:amd64 27.5.1-ubuntu20.04u1 <none>
2025-03-17 17:09:27 status unpacked moby-engine:amd64 27.5.1-ubuntu20.04u1
2025-03-17 17:09:27 status half-configured moby-engine:amd64 27.5.1-ubuntu20.04u1
2025-03-17 17:09:27 status installed moby-engine:amd64 27.5.1-ubuntu20.04u1
2025-03-17 17:09:27 trigproc man-db:amd64 2.9.1-1 <none>
2025-03-17 17:09:27 status half-configured man-db:amd64 2.9.1-1
2025-03-17 17:09:27 status installed man-db:amd64 2.9.1-1
2025-03-17 17:09:31 startup archives unpack
2025-03-17 17:09:31 install moby-compose:amd64 <none> 2.33.1-ubuntu20.04u1
2025-03-17 17:09:31 status half-installed moby-compose:amd64 2.33.1-ubuntu20.04u1
2025-03-17 17:09:31 status unpacked moby-compose:amd64 2.33.1-ubuntu20.04u1
2025-03-17 17:09:31 startup packages configure
2025-03-17 17:09:31 configure moby-compose:amd64 2.33.1-ubuntu20.04u1 <none>
2025-03-17 17:09:31 status unpacked moby-compose:amd64 2.33.1-ubuntu20.04u1
2025-03-17 17:09:31 status half-configured moby-compose:amd64 2.33.1-ubuntu20.04u1
2025-03-17 17:09:31 status installed moby-compose:amd64 2.33.1-ubuntu20.04u1
2025-03-17 17:12:10 startup archives unpack
2025-03-17 17:12:10 install libbz2-dev:amd64 <none> 1.0.8-2
2025-03-17 17:12:10 status half-installed libbz2-dev:amd64 1.0.8-2
2025-03-17 17:12:10 status unpacked libbz2-dev:amd64 1.0.8-2
2025-03-17 17:12:10 install libevent-2.1-7:amd64 <none> 2.1.11-stable-1
2025-03-17 17:12:10 status triggers-pending libc-bin:amd64 2.31-0ubuntu9.17
2025-03-17 17:12:10 status half-installed libevent-2.1-7:amd64 2.1.11-stable-1
2025-03-17 17:12:10 status unpacked libevent-2.1-7:amd64 2.1.11-stable-1
2025-03-17 17:12:10 install libgpg-error-dev:amd64 <none> 1.37-1
2025-03-17 17:12:10 status half-installed libgpg-error-dev:amd64 1.37-1
2025-03-17 17:12:10 status triggers-pending man-db:amd64 2.9.1-1
2025-03-17 17:12:10 status unpacked libgpg-error-dev:amd64 1.37-1
2025-03-17 17:12:10 install libgcrypt20-dev:amd64 <none> 1.8.5-5ubuntu1.1
2025-03-17 17:12:10 status half-installed libgcrypt20-dev:amd64 1.8.5-5ubuntu1.1
2025-03-17 17:12:10 status unpacked libgcrypt20-dev:amd64 1.8.5-5ubuntu1.1
2025-03-17 17:12:10 install libgnutls-openssl27:amd64 <none> 3.6.13-2ubuntu1.12
2025-03-17 17:12:10 status half-installed libgnutls-openssl27:amd64 3.6.13-2ubuntu1.12
2025-03-17 17:12:10 status unpacked libgnutls-openssl27:amd64 3.6.13-2ubuntu1.12
2025-03-17 17:12:10 install libunbound8:amd64 <none> 1.9.4-2ubuntu1.9
2025-03-17 17:12:10 status half-installed libunbound8:amd64 1.9.4-2ubuntu1.9
2025-03-17 17:12:10 status unpacked libunbound8:amd64 1.9.4-2ubuntu1.9
2025-03-17 17:12:10 install libgnutls-dane0:amd64 <none> 3.6.13-2ubuntu1.12
2025-03-17 17:12:10 status half-installed libgnutls-dane0:amd64 3.6.13-2ubuntu1.12
2025-03-17 17:12:10 status unpacked libgnutls-dane0:amd64 3.6.13-2ubuntu1.12
2025-03-17 17:12:10 install libgnutlsxx28:amd64 <none> 3.6.13-2ubuntu1.12
2025-03-17 17:12:10 status half-installed libgnutlsxx28:amd64 3.6.13-2ubuntu1.12
2025-03-17 17:12:10 status unpacked libgnutlsxx28:amd64 3.6.13-2ubuntu1.12
2025-03-17 17:12:10 install libidn2-dev:amd64 <none> 2.2.0-2
2025-03-17 17:12:10 status half-installed libidn2-dev:amd64 2.2.0-2
2025-03-17 17:12:10 status unpacked libidn2-dev:amd64 2.2.0-2
2025-03-17 17:12:10 install libp11-kit-dev:amd64 <none> 0.23.20-1ubuntu0.1
2025-03-17 17:12:10 status half-installed libp11-kit-dev:amd64 0.23.20-1ubuntu0.1
2025-03-17 17:12:10 status unpacked libp11-kit-dev:amd64 0.23.20-1ubuntu0.1
2025-03-17 17:12:10 install libtasn1-6-dev:amd64 <none> 4.16.0-2ubuntu0.1
2025-03-17 17:12:10 status half-installed libtasn1-6-dev:amd64 4.16.0-2ubuntu0.1
2025-03-17 17:12:10 status unpacked libtasn1-6-dev:amd64 4.16.0-2ubuntu0.1
2025-03-17 17:12:10 install nettle-dev:amd64 <none> 3.5.1+really3.5.1-2ubuntu0.2
2025-03-17 17:12:10 status half-installed nettle-dev:amd64 3.5.1+really3.5.1-2ubuntu0.2
2025-03-17 17:12:10 status unpacked nettle-dev:amd64 3.5.1+really3.5.1-2ubuntu0.2
2025-03-17 17:12:10 install libgnutls28-dev:amd64 <none> 3.6.13-2ubuntu1.12
2025-03-17 17:12:10 status half-installed libgnutls28-dev:amd64 3.6.13-2ubuntu1.12
2025-03-17 17:12:10 status unpacked libgnutls28-dev:amd64 3.6.13-2ubuntu1.12
2025-03-17 17:12:11 install libnspr4-dev:amd64 <none> 2:4.35-0ubuntu0.20.04.1
2025-03-17 17:12:11 status half-installed libnspr4-dev:amd64 2:4.35-0ubuntu0.20.04.1
2025-03-17 17:12:11 status unpacked libnspr4-dev:amd64 2:4.35-0ubuntu0.20.04.1
2025-03-17 17:12:11 install libnss3-dev:amd64 <none> 2:3.98-0ubuntu0.20.04.2
2025-03-17 17:12:11 status half-installed libnss3-dev:amd64 2:3.98-0ubuntu0.20.04.2
2025-03-17 17:12:11 status unpacked libnss3-dev:amd64 2:3.98-0ubuntu0.20.04.2
2025-03-17 17:12:11 install libxslt1.1:amd64 <none> 1.1.34-4ubuntu0.20.04.1
2025-03-17 17:12:11 status half-installed libxslt1.1:amd64 1.1.34-4ubuntu0.20.04.1
2025-03-17 17:12:11 status unpacked libxslt1.1:amd64 1.1.34-4ubuntu0.20.04.1
2025-03-17 17:12:11 install libxmlsec1:amd64 <none> 1.2.28-2
2025-03-17 17:12:11 status half-installed libxmlsec1:amd64 1.2.28-2
2025-03-17 17:12:11 status unpacked libxmlsec1:amd64 1.2.28-2
2025-03-17 17:12:11 install libxmlsec1-gcrypt:amd64 <none> 1.2.28-2
2025-03-17 17:12:11 status half-installed libxmlsec1-gcrypt:amd64 1.2.28-2
2025-03-17 17:12:11 status unpacked libxmlsec1-gcrypt:amd64 1.2.28-2
2025-03-17 17:12:11 install libxmlsec1-gnutls:amd64 <none> 1.2.28-2
2025-03-17 17:12:11 status half-installed libxmlsec1-gnutls:amd64 1.2.28-2
2025-03-17 17:12:11 status unpacked libxmlsec1-gnutls:amd64 1.2.28-2
2025-03-17 17:12:11 install libxmlsec1-nss:amd64 <none> 1.2.28-2
2025-03-17 17:12:11 status half-installed libxmlsec1-nss:amd64 1.2.28-2
2025-03-17 17:12:11 status unpacked libxmlsec1-nss:amd64 1.2.28-2
2025-03-17 17:12:11 install libxmlsec1-openssl:amd64 <none> 1.2.28-2
2025-03-17 17:12:11 status half-installed libxmlsec1-openssl:amd64 1.2.28-2
2025-03-17 17:12:11 status unpacked libxmlsec1-openssl:amd64 1.2.28-2
2025-03-17 17:12:11 install libxslt1-dev:amd64 <none> 1.1.34-4ubuntu0.20.04.1
2025-03-17 17:12:11 status half-installed libxslt1-dev:amd64 1.1.34-4ubuntu0.20.04.1
2025-03-17 17:12:11 status unpacked libxslt1-dev:amd64 1.1.34-4ubuntu0.20.04.1
2025-03-17 17:12:11 install libxmlsec1-dev:amd64 <none> 1.2.28-2
2025-03-17 17:12:11 status half-installed libxmlsec1-dev:amd64 1.2.28-2
2025-03-17 17:12:11 status unpacked libxmlsec1-dev:amd64 1.2.28-2
2025-03-17 17:12:11 install liblzma-dev:amd64 <none> 5.2.4-1ubuntu1.1
2025-03-17 17:12:11 status half-installed liblzma-dev:amd64 5.2.4-1ubuntu1.1
2025-03-17 17:12:11 status unpacked liblzma-dev:amd64 5.2.4-1ubuntu1.1
2025-03-17 17:12:11 startup packages configure
2025-03-17 17:12:11 configure libnspr4-dev:amd64 2:4.35-0ubuntu0.20.04.1 <none>
2025-03-17 17:12:11 status unpacked libnspr4-dev:amd64 2:4.35-0ubuntu0.20.04.1
2025-03-17 17:12:11 status half-configured libnspr4-dev:amd64 2:4.35-0ubuntu0.20.04.1
2025-03-17 17:12:11 status installed libnspr4-dev:amd64 2:4.35-0ubuntu0.20.04.1
2025-03-17 17:12:11 configure libgnutls-openssl27:amd64 3.6.13-2ubuntu1.12 <none>
2025-03-17 17:12:11 status unpacked libgnutls-openssl27:amd64 3.6.13-2ubuntu1.12
2025-03-17 17:12:11 status half-configured libgnutls-openssl27:amd64 3.6.13-2ubuntu1.12
2025-03-17 17:12:11 status installed libgnutls-openssl27:amd64 3.6.13-2ubuntu1.12
2025-03-17 17:12:11 configure nettle-dev:amd64 3.5.1+really3.5.1-2ubuntu0.2 <none>
2025-03-17 17:12:11 status unpacked nettle-dev:amd64 3.5.1+really3.5.1-2ubuntu0.2
2025-03-17 17:12:11 status half-configured nettle-dev:amd64 3.5.1+really3.5.1-2ubuntu0.2
2025-03-17 17:12:11 status installed nettle-dev:amd64 3.5.1+really3.5.1-2ubuntu0.2
2025-03-17 17:12:11 configure libgpg-error-dev:amd64 1.37-1 <none>
2025-03-17 17:12:11 status unpacked libgpg-error-dev:amd64 1.37-1
2025-03-17 17:12:11 status half-configured libgpg-error-dev:amd64 1.37-1
2025-03-17 17:12:11 status installed libgpg-error-dev:amd64 1.37-1
2025-03-17 17:12:11 configure libevent-2.1-7:amd64 2.1.11-stable-1 <none>
2025-03-17 17:12:11 status unpacked libevent-2.1-7:amd64 2.1.11-stable-1
2025-03-17 17:12:11 status half-configured libevent-2.1-7:amd64 2.1.11-stable-1
2025-03-17 17:12:11 status installed libevent-2.1-7:amd64 2.1.11-stable-1
2025-03-17 17:12:11 configure libgnutlsxx28:amd64 3.6.13-2ubuntu1.12 <none>
2025-03-17 17:12:11 status unpacked libgnutlsxx28:amd64 3.6.13-2ubuntu1.12
2025-03-17 17:12:11 status half-configured libgnutlsxx28:amd64 3.6.13-2ubuntu1.12
2025-03-17 17:12:11 status installed libgnutlsxx28:amd64 3.6.13-2ubuntu1.12
2025-03-17 17:12:11 configure libidn2-dev:amd64 2.2.0-2 <none>
2025-03-17 17:12:11 status unpacked libidn2-dev:amd64 2.2.0-2
2025-03-17 17:12:11 status half-configured libidn2-dev:amd64 2.2.0-2
2025-03-17 17:12:11 status installed libidn2-dev:amd64 2.2.0-2
2025-03-17 17:12:11 configure liblzma-dev:amd64 5.2.4-1ubuntu1.1 <none>
2025-03-17 17:12:11 status unpacked liblzma-dev:amd64 5.2.4-1ubuntu1.1
2025-03-17 17:12:11 status half-configured liblzma-dev:amd64 5.2.4-1ubuntu1.1
2025-03-17 17:12:11 status installed liblzma-dev:amd64 5.2.4-1ubuntu1.1
2025-03-17 17:12:11 configure libnss3-dev:amd64 2:3.98-0ubuntu0.20.04.2 <none>
2025-03-17 17:12:11 status unpacked libnss3-dev:amd64 2:3.98-0ubuntu0.20.04.2
2025-03-17 17:12:11 status half-configured libnss3-dev:amd64 2:3.98-0ubuntu0.20.04.2
2025-03-17 17:12:11 status installed libnss3-dev:amd64 2:3.98-0ubuntu0.20.04.2
2025-03-17 17:12:11 configure libxslt1.1:amd64 1.1.34-4ubuntu0.20.04.1 <none>
2025-03-17 17:12:11 status unpacked libxslt1.1:amd64 1.1.34-4ubuntu0.20.04.1
2025-03-17 17:12:11 status half-configured libxslt1.1:amd64 1.1.34-4ubuntu0.20.04.1
2025-03-17 17:12:11 status installed libxslt1.1:amd64 1.1.34-4ubuntu0.20.04.1
2025-03-17 17:12:11 configure libxmlsec1:amd64 1.2.28-2 <none>
2025-03-17 17:12:11 status unpacked libxmlsec1:amd64 1.2.28-2
2025-03-17 17:12:11 status half-configured libxmlsec1:amd64 1.2.28-2
2025-03-17 17:12:11 status installed libxmlsec1:amd64 1.2.28-2
2025-03-17 17:12:11 configure libtasn1-6-dev:amd64 4.16.0-2ubuntu0.1 <none>
2025-03-17 17:12:11 status unpacked libtasn1-6-dev:amd64 4.16.0-2ubuntu0.1
2025-03-17 17:12:11 status half-configured libtasn1-6-dev:amd64 4.16.0-2ubuntu0.1
2025-03-17 17:12:11 status installed libtasn1-6-dev:amd64 4.16.0-2ubuntu0.1
2025-03-17 17:12:11 configure libp11-kit-dev:amd64 0.23.20-1ubuntu0.1 <none>
2025-03-17 17:12:11 status unpacked libp11-kit-dev:amd64 0.23.20-1ubuntu0.1
2025-03-17 17:12:11 status half-configured libp11-kit-dev:amd64 0.23.20-1ubuntu0.1
2025-03-17 17:12:11 status installed libp11-kit-dev:amd64 0.23.20-1ubuntu0.1
2025-03-17 17:12:11 configure libbz2-dev:amd64 1.0.8-2 <none>
2025-03-17 17:12:11 status unpacked libbz2-dev:amd64 1.0.8-2
2025-03-17 17:12:11 status half-configured libbz2-dev:amd64 1.0.8-2
2025-03-17 17:12:11 status installed libbz2-dev:amd64 1.0.8-2
2025-03-17 17:12:11 configure libxslt1-dev:amd64 1.1.34-4ubuntu0.20.04.1 <none>
2025-03-17 17:12:11 status unpacked libxslt1-dev:amd64 1.1.34-4ubuntu0.20.04.1
2025-03-17 17:12:11 status half-configured libxslt1-dev:amd64 1.1.34-4ubuntu0.20.04.1
2025-03-17 17:12:11 status installed libxslt1-dev:amd64 1.1.34-4ubuntu0.20.04.1
2025-03-17 17:12:11 configure libxmlsec1-openssl:amd64 1.2.28-2 <none>
2025-03-17 17:12:11 status unpacked libxmlsec1-openssl:amd64 1.2.28-2
2025-03-17 17:12:11 status half-configured libxmlsec1-openssl:amd64 1.2.28-2
2025-03-17 17:12:11 status installed libxmlsec1-openssl:amd64 1.2.28-2
2025-03-17 17:12:11 configure libunbound8:amd64 1.9.4-2ubuntu1.9 <none>
2025-03-17 17:12:11 status unpacked libunbound8:amd64 1.9.4-2ubuntu1.9
2025-03-17 17:12:11 status half-configured libunbound8:amd64 1.9.4-2ubuntu1.9
2025-03-17 17:12:11 status installed libunbound8:amd64 1.9.4-2ubuntu1.9
2025-03-17 17:12:11 configure libgcrypt20-dev:amd64 1.8.5-5ubuntu1.1 <none>
2025-03-17 17:12:11 status unpacked libgcrypt20-dev:amd64 1.8.5-5ubuntu1.1
2025-03-17 17:12:11 status half-configured libgcrypt20-dev:amd64 1.8.5-5ubuntu1.1
2025-03-17 17:12:11 status installed libgcrypt20-dev:amd64 1.8.5-5ubuntu1.1
2025-03-17 17:12:11 configure libxmlsec1-gcrypt:amd64 1.2.28-2 <none>
2025-03-17 17:12:11 status unpacked libxmlsec1-gcrypt:amd64 1.2.28-2
2025-03-17 17:12:11 status half-configured libxmlsec1-gcrypt:amd64 1.2.28-2
2025-03-17 17:12:11 status installed libxmlsec1-gcrypt:amd64 1.2.28-2
2025-03-17 17:12:11 configure libxmlsec1-nss:amd64 1.2.28-2 <none>
2025-03-17 17:12:11 status unpacked libxmlsec1-nss:amd64 1.2.28-2
2025-03-17 17:12:11 status half-configured libxmlsec1-nss:amd64 1.2.28-2
2025-03-17 17:12:11 status installed libxmlsec1-nss:amd64 1.2.28-2
2025-03-17 17:12:11 configure libxmlsec1-gnutls:amd64 1.2.28-2 <none>
2025-03-17 17:12:11 status unpacked libxmlsec1-gnutls:amd64 1.2.28-2
2025-03-17 17:12:11 status half-configured libxmlsec1-gnutls:amd64 1.2.28-2
2025-03-17 17:12:11 status installed libxmlsec1-gnutls:amd64 1.2.28-2
2025-03-17 17:12:11 configure libgnutls-dane0:amd64 3.6.13-2ubuntu1.12 <none>
2025-03-17 17:12:11 status unpacked libgnutls-dane0:amd64 3.6.13-2ubuntu1.12
2025-03-17 17:12:11 status half-configured libgnutls-dane0:amd64 3.6.13-2ubuntu1.12
2025-03-17 17:12:11 status installed libgnutls-dane0:amd64 3.6.13-2ubuntu1.12
2025-03-17 17:12:11 configure libgnutls28-dev:amd64 3.6.13-2ubuntu1.12 <none>
2025-03-17 17:12:11 status unpacked libgnutls28-dev:amd64 3.6.13-2ubuntu1.12
2025-03-17 17:12:11 status half-configured libgnutls28-dev:amd64 3.6.13-2ubuntu1.12
2025-03-17 17:12:11 status installed libgnutls28-dev:amd64 3.6.13-2ubuntu1.12
2025-03-17 17:12:11 configure libxmlsec1-dev:amd64 1.2.28-2 <none>
2025-03-17 17:12:11 status unpacked libxmlsec1-dev:amd64 1.2.28-2
2025-03-17 17:12:11 status half-configured libxmlsec1-dev:amd64 1.2.28-2
2025-03-17 17:12:11 status installed libxmlsec1-dev:amd64 1.2.28-2
2025-03-17 17:12:11 trigproc man-db:amd64 2.9.1-1 <none>
2025-03-17 17:12:11 status half-configured man-db:amd64 2.9.1-1
2025-03-17 17:12:12 status installed man-db:amd64 2.9.1-1
2025-03-17 17:12:12 trigproc libc-bin:amd64 2.31-0ubuntu9.17 <none>
2025-03-17 17:12:12 status half-configured libc-bin:amd64 2.31-0ubuntu9.17
2025-03-17 17:12:12 status installed libc-bin:amd64 2.31-0ubuntu9.17
2025-06-12 18:21:12 startup archives unpack
2025-06-12 18:21:12 install asciinema:all <none> 2.0.2-1
2025-06-12 18:21:12 status half-installed asciinema:all 2.0.2-1
2025-06-12 18:21:12 status triggers-pending man-db:amd64 2.9.1-1
2025-06-12 18:21:12 status unpacked asciinema:all 2.0.2-1
2025-06-12 18:21:12 startup packages configure
2025-06-12 18:21:12 configure asciinema:all 2.0.2-1 <none>
2025-06-12 18:21:12 status unpacked asciinema:all 2.0.2-1
2025-06-12 18:21:12 status half-configured asciinema:all 2.0.2-1
2025-06-12 18:21:12 status installed asciinema:all 2.0.2-1
2025-06-12 18:21:12 trigproc man-db:amd64 2.9.1-1 <none>
2025-06-12 18:21:12 status half-configured man-db:amd64 2.9.1-1
2025-06-12 18:21:13 status installed man-db:amd64 2.9.1-1
